bidder_tender_id,tender_id,bidder_id,bid_submission_date,bid_status,participation_status,bid_amount,documents_submitted_count,submission_completeness,scenario,difficulty_level,synthetic_flag
BT-000001,TND-000001,BID-001090,2026-04-27,SUBMITTED,ACTIVE,49448200.0,7,1.0,FULLY_COMPLIANT,MEDIUM,True
BT-000002,TND-000001,BID-000942,2026-04-27,SUBMITTED,ACTIVE,41723500.0,7,1.0,PARTIAL_COMPLIANCE,MEDIUM,True
BT-000003,TND-000001,BID-001691,2026-04-27,SUBMITTED,ACTIVE,53899300.0,6,0.857,PARTIAL_COMPLIANCE,MEDIUM,True
BT-000004,TND-000001,BID-001424,2026-04-27,SUBMITTED,ACTIVE,53940500.0,7,1.0,INCONSISTENT_DOCUMENT,MEDIUM,True
BT-000005,TND-000001,BID-001516,2026-04-27,SUBMITTED,ACTIVE,54541900.0,7,1.0,FULLY_COMPLIANT,MEDIUM,True
BT-000009,TND-000003,BID-000947,2025-11-25,SUBMITTED,ACTIVE,64026000.0,7,1.0,PARTIAL_COMPLIANCE,MEDIUM,True
BT-000010,TND-000003,BID-000491,2025-11-25,SUBMITTED,ACTIVE,58305500.0,4,0.571,MISSING_DOCUMENT,MEDIUM,True
BT-000011,TND-000003,BID-001940,2025-11-25,SUBMITTED,ACTIVE,62853300.0,6,0.857,PARTIAL_COMPLIANCE,MEDIUM,True
BT-000019,TND-000006,BID-000220,2026-04-01,SUBMITTED,ACTIVE,113867300.0,5,0.833,FULLY_COMPLIANT,EASY,True
BT-000020,TND-000006,BID-001353,2026-04-01,SUBMITTED,ACTIVE,138923300.0,6,1.0,HARD_AMBIGUOUS_CASE,EASY,True
BT-000021,TND-000006,BID-001159,2026-04-01,SUBMITTED,ACTIVE,136041400.0,6,1.0,FULLY_COMPLIANT,EASY,True
BT-000022,TND-000006,BID-001797,2026-04-01,SUBMITTED,ACTIVE,104336600.0,6,1.0,EXPIRED_DOCUMENT,EASY,True
BT-000023,TND-000007,BID-000635,2026-04-22,SUBMITTED,ACTIVE,61847100.0,2,0.286,MISSING_DOCUMENT,HARD,True
BT-000024,TND-000007,BID-001792,2026-04-22,SUBMITTED,ACTIVE,61250900.0,7,1.0,MINOR_ISSUES,HARD,True
BT-000025,TND-000007,BID-001680,2026-04-22,SUBMITTED,ACTIVE,51142100.0,7,1.0,INSUFFICIENT_EVIDENCE,HARD,True
BT-000026,TND-000007,BID-000217,2026-04-22,SUBMITTED,ACTIVE,48015400.0,7,1.0,FULLY_COMPLIANT,HARD,True
BT-000027,TND-000007,BID-001888,2026-04-22,SUBMITTED,ACTIVE,47470400.0,6,0.857,FULLY_COMPLIANT,HARD,True
BT-000028,TND-000008,BID-001784,2026-06-16,SUBMITTED,ACTIVE,231002000.0,6,1.0,FULLY_COMPLIANT,MEDIUM,True
BT-000029,TND-000008,BID-000751,2026-06-16,SUBMITTED,ACTIVE,201110800.0,6,1.0,MINOR_ISSUES,MEDIUM,True
BT-000030,TND-000008,BID-000841,2026-06-16,SUBMITTED,ACTIVE,267874100.0,6,1.0,PARTIAL_COMPLIANCE,MEDIUM,True
BT-000031,TND-000009,BID-001701,2026-10-04,SUBMITTED,ACTIVE,43782100.0,5,0.833,EXPIRED_DOCUMENT,MEDIUM,True
BT-000032,TND-000009,BID-000359,2026-10-04,SUBMITTED,ACTIVE,39556900.0,6,1.0,MINOR_ISSUES,MEDIUM,True
BT-000033,TND-000009,BID-001010,2026-10-04,SUBMITTED,ACTIVE,36845400.0,5,0.833,INSUFFICIENT_EVIDENCE,MEDIUM,True
BT-000034,TND-000009,BID-001984,2026-10-04,SUBMITTED,ACTIVE,37592700.0,6,1.0,INCONSISTENT_DOCUMENT,MEDIUM,True
BT-000035,TND-000009,BID-001496,2026-10-04,SUBMITTED,ACTIVE,39834200.0,6,1.0,PARTIAL_COMPLIANCE,MEDIUM,True
BT-000036,TND-000010,BID-000138,2025-11-06,SUBMITTED,ACTIVE,43775100.0,3,0.5,MISSING_DOCUMENT,HARD,True
BT-000037,TND-000010,BID-000612,2025-11-06,SUBMITTED,ACTIVE,42470900.0,6,1.0,EXPIRED_DOCUMENT,HARD,True
BT-000038,TND-000010,BID-000113,2025-11-06,SUBMITTED,ACTIVE,38447800.0,6,1.0,FULLY_COMPLIANT,HARD,True
BT-000039,TND-000011,BID-000719,2026-03-30,SUBMITTED,ACTIVE,170940700.0,5,0.833,FULLY_COMPLIANT,MEDIUM,True
BT-000040,TND-000011,BID-001643,2026-03-30,SUBMITTED,ACTIVE,131769900.0,5,0.833,MINOR_ISSUES,MEDIUM,True
BT-000041,TND-000011,BID-001896,2026-03-30,SUBMITTED,ACTIVE,161235200.0,6,1.0,FULLY_COMPLIANT,MEDIUM,True
BT-000042,TND-000011,BID-000364,2026-03-30,SUBMITTED,ACTIVE,140190600.0,5,0.833,MINOR_ISSUES,MEDIUM,True
BT-000043,TND-000012,BID-001484,2025-04-16,SUBMITTED,ACTIVE,63556900.0,5,0.714,PARTIAL_COMPLIANCE,MEDIUM,True
BT-000044,TND-000012,BID-000798,2025-04-16,SUBMITTED,ACTIVE,61262200.0,7,1.0,HARD_AMBIGUOUS_CASE,MEDIUM,True
BT-000045,TND-000012,BID-001004,2025-04-16,SUBMITTED,ACTIVE,61685500.0,6,0.857,MISSING_DOCUMENT,MEDIUM,True
BT-000046,TND-000012,BID-000184,2025-04-16,SUBMITTED,ACTIVE,70679200.0,4,0.571,MINOR_ISSUES,MEDIUM,True
BT-000047,TND-000013,BID-000238,2025-05-13,SUBMITTED,ACTIVE,62027000.0,5,0.833,FULLY_COMPLIANT,MEDIUM,True
BT-000048,TND-000013,BID-001896,2025-05-13,SUBMITTED,ACTIVE,65389200.0,5,0.833,MINOR_ISSUES,MEDIUM,True
BT-000049,TND-000013,BID-001699,2025-05-13,SUBMITTED,ACTIVE,65809600.0,6,1.0,FULLY_COMPLIANT,MEDIUM,True
BT-000050,TND-000013,BID-001575,2025-05-13,SUBMITTED,ACTIVE,64845600.0,6,1.0,INSUFFICIENT_EVIDENCE,MEDIUM,True
BT-000051,TND-000014,BID-001413,2026-05-04,SUBMITTED,ACTIVE,127371400.0,6,1.0,FULLY_COMPLIANT,MEDIUM,True
BT-000052,TND-000014,BID-000173,2026-05-04,SUBMITTED,ACTIVE,121820300.0,5,0.833,INSUFFICIENT_EVIDENCE,MEDIUM,True
BT-000053,TND-000014,BID-001374,2026-05-04,SUBMITTED,ACTIVE,119262700.0,6,1.0,MINOR_ISSUES,MEDIUM,True
BT-000054,TND-000015,BID-000524,2025-10-05,SUBMITTED,ACTIVE,24602100.0,6,1.0,INSUFFICIENT_EVIDENCE,EASY,True
BT-000055,TND-000015,BID-001923,2025-10-05,SUBMITTED,ACTIVE,28371400.0,6,1.0,EXPIRED_DOCUMENT,EASY,True
BT-000056,TND-000015,BID-001938,2025-10-05,SUBMITTED,ACTIVE,24673200.0,6,1.0,HARD_AMBIGUOUS_CASE,EASY,True
BT-000057,TND-000015,BID-000452,2025-10-05,SUBMITTED,ACTIVE,31778600.0,6,1.0,MINOR_ISSUES,EASY,True
BT-000058,TND-000015,BID-000317,2025-10-05,SUBMITTED,ACTIVE,30031500.0,6,1.0,FULLY_COMPLIANT,EASY,True
BT-000059,TND-000016,BID-000478,2025-09-06,SUBMITTED,ACTIVE,198579600.0,5,0.833,EXPIRED_DOCUMENT,MEDIUM,True
BT-000060,TND-000016,BID-001010,2025-09-06,SUBMITTED,ACTIVE,230305800.0,5,0.833,PARTIAL_COMPLIANCE,MEDIUM,True
BT-000061,TND-000016,BID-001044,2025-09-06,SUBMITTED,ACTIVE,225298200.0,6,1.0,FULLY_COMPLIANT,MEDIUM,True
BT-000062,TND-000017,BID-000045,2025-07-04,SUBMITTED,ACTIVE,115691500.0,6,1.0,INSUFFICIENT_EVIDENCE,MEDIUM,True
BT-000063,TND-000017,BID-000310,2025-07-04,SUBMITTED,ACTIVE,134261700.0,3,0.5,MISSING_DOCUMENT,MEDIUM,True
BT-000064,TND-000017,BID-001813,2025-07-04,SUBMITTED,ACTIVE,133829500.0,6,1.0,INSUFFICIENT_EVIDENCE,MEDIUM,True
BT-000065,TND-000017,BID-001355,2025-07-04,SUBMITTED,ACTIVE,136080000.0,6,1.0,INSUFFICIENT_EVIDENCE,MEDIUM,True
BT-000066,TND-000017,BID-001938,2025-07-04,SUBMITTED,ACTIVE,111096700.0,5,0.833,FULLY_COMPLIANT,MEDIUM,True
BT-000067,TND-000018,BID-001667,2025-03-09,SUBMITTED,ACTIVE,122045700.0,7,1.0,INSUFFICIENT_EVIDENCE,MEDIUM,True
BT-000068,TND-000018,BID-000253,2025-03-09,SUBMITTED,ACTIVE,108498500.0,6,0.857,INVALID_DOCUMENT,MEDIUM,True
BT-000069,TND-000018,BID-000498,2025-03-09,SUBMITTED,ACTIVE,98990200.0,5,0.714,FULLY_COMPLIANT,MEDIUM,True
BT-000070,TND-000018,BID-001129,2025-03-09,SUBMITTED,ACTIVE,99222000.0,6,0.857,FULLY_COMPLIANT,MEDIUM,True
BT-000080,TND-000021,BID-001617,2025-11-29,SUBMITTED,ACTIVE,4703600.0,6,0.857,FULLY_COMPLIANT,MEDIUM,True
BT-000081,TND-000021,BID-000498,2025-11-29,SUBMITTED,ACTIVE,4515600.0,6,0.857,MINOR_ISSUES,MEDIUM,True
BT-000082,TND-000021,BID-000175,2025-11-29,SUBMITTED,ACTIVE,4835600.0,5,0.714,PARTIAL_COMPLIANCE,MEDIUM,True
BT-000083,TND-000022,BID-001402,2025-01-27,SUBMITTED,ACTIVE,15715300.0,6,0.857,INVALID_DOCUMENT,MEDIUM,True
BT-000084,TND-000022,BID-000512,2025-01-27,SUBMITTED,ACTIVE,20421000.0,6,0.857,FULLY_COMPLIANT,MEDIUM,True
BT-000085,TND-000022,BID-000544,2025-01-27,SUBMITTED,ACTIVE,16387000.0,6,0.857,PARTIAL_COMPLIANCE,MEDIUM,True
BT-000086,TND-000022,BID-001383,2025-01-27,SUBMITTED,ACTIVE,16307500.0,6,0.857,MINOR_ISSUES,MEDIUM,True
BT-000087,TND-000023,BID-001218,2026-07-02,SUBMITTED,ACTIVE,199016100.0,6,1.0,FULLY_COMPLIANT,EASY,True
BT-000088,TND-000023,BID-001514,2026-07-02,SUBMITTED,ACTIVE,189814200.0,5,0.833,INSUFFICIENT_EVIDENCE,EASY,True
BT-000089,TND-000023,BID-000671,2026-07-02,SUBMITTED,ACTIVE,191928400.0,5,0.833,FULLY_COMPLIANT,EASY,True
BT-000090,TND-000024,BID-001596,2025-02-19,SUBMITTED,ACTIVE,70622600.0,3,0.429,MISSING_DOCUMENT,EASY,True
BT-000091,TND-000024,BID-001694,2025-02-19,SUBMITTED,ACTIVE,85783200.0,6,0.857,PARTIAL_COMPLIANCE,EASY,True
BT-000092,TND-000024,BID-001005,2025-02-19,SUBMITTED,ACTIVE,78660000.0,7,1.0,FULLY_COMPLIANT,EASY,True
BT-000093,TND-000025,BID-001814,2025-09-27,SUBMITTED,ACTIVE,46983500.0,7,1.0,FULLY_COMPLIANT,MEDIUM,True
BT-000094,TND-000025,BID-000499,2025-09-27,SUBMITTED,ACTIVE,43130400.0,7,1.0,FULLY_COMPLIANT,MEDIUM,True
BT-000095,TND-000025,BID-000503,2025-09-27,SUBMITTED,ACTIVE,41837800.0,7,1.0,INCONSISTENT_DOCUMENT,MEDIUM,True
BT-000096,TND-000025,BID-001011,2025-09-27,SUBMITTED,ACTIVE,42460200.0,6,0.857,FULLY_COMPLIANT,MEDIUM,True
BT-000097,TND-000026,BID-001215,2025-06-01,SUBMITTED,ACTIVE,50971800.0,6,0.857,FULLY_COMPLIANT,EASY,True
BT-000098,TND-000026,BID-000586,2025-06-01,SUBMITTED,ACTIVE,49137000.0,6,0.857,MINOR_ISSUES,EASY,True
BT-000099,TND-000026,BID-000779,2025-06-01,SUBMITTED,ACTIVE,49169700.0,6,0.857,MINOR_ISSUES,EASY,True
BT-000100,TND-000027,BID-000072,2025-05-08,SUBMITTED,ACTIVE,185626100.0,5,0.714,INVALID_DOCUMENT,MEDIUM,True
BT-000101,TND-000027,BID-000207,2025-05-08,SUBMITTED,ACTIVE,197572600.0,6,0.857,MINOR_ISSUES,MEDIUM,True
BT-000102,TND-000027,BID-000750,2025-05-08,SUBMITTED,ACTIVE,179486700.0,6,0.857,HARD_AMBIGUOUS_CASE,MEDIUM,True
BT-000103,TND-000027,BID-000257,2025-05-08,SUBMITTED,ACTIVE,180085500.0,7,1.0,INSUFFICIENT_EVIDENCE,MEDIUM,True
BT-000104,TND-000027,BID-001225,2025-05-08,SUBMITTED,ACTIVE,209925100.0,7,1.0,INCONSISTENT_DOCUMENT,MEDIUM,True
BT-000105,TND-000028,BID-000439,2025-04-06,SUBMITTED,ACTIVE,23906100.0,7,1.0,FULLY_COMPLIANT,EASY,True
BT-000106,TND-000028,BID-000276,2025-04-06,SUBMITTED,ACTIVE,25053200.0,7,1.0,MINOR_ISSUES,EASY,True
BT-000107,TND-000028,BID-000466,2025-04-06,SUBMITTED,ACTIVE,30155200.0,7,1.0,FULLY_COMPLIANT,EASY,True
BT-000108,TND-000028,BID-001587,2025-04-06,SUBMITTED,ACTIVE,26205600.0,6,0.857,PARTIAL_COMPLIANCE,EASY,True
BT-000109,TND-000028,BID-001946,2025-04-06,SUBMITTED,ACTIVE,28060700.0,6,0.857,PARTIAL_COMPLIANCE,EASY,True
BT-000110,TND-000029,BID-001743,2025-02-09,SUBMITTED,ACTIVE,62315100.0,6,0.857,HARD_AMBIGUOUS_CASE,MEDIUM,True
BT-000111,TND-000029,BID-001921,2025-02-09,SUBMITTED,ACTIVE,81975500.0,7,1.0,PARTIAL_COMPLIANCE,MEDIUM,True
BT-000112,TND-000029,BID-000879,2025-02-09,SUBMITTED,ACTIVE,63898800.0,7,1.0,EXPIRED_DOCUMENT,MEDIUM,True
BT-000113,TND-000029,BID-001180,2025-02-09,SUBMITTED,ACTIVE,63490500.0,5,0.714,PARTIAL_COMPLIANCE,MEDIUM,True
BT-000114,TND-000029,BID-000374,2025-02-09,SUBMITTED,ACTIVE,70120100.0,7,1.0,INCONSISTENT_DOCUMENT,MEDIUM,True
BT-000115,TND-000030,BID-000437,2025-09-01,SUBMITTED,ACTIVE,233494000.0,6,0.857,FULLY_COMPLIANT,EASY,True
BT-000116,TND-000030,BID-000984,2025-09-01,SUBMITTED,ACTIVE,222971800.0,7,1.0,FULLY_COMPLIANT,EASY,True
BT-000117,TND-000030,BID-001153,2025-09-01,SUBMITTED,ACTIVE,176200300.0,4,0.571,FULLY_COMPLIANT,EASY,True
BT-000118,TND-000030,BID-001901,2025-09-01,SUBMITTED,ACTIVE,186816000.0,6,0.857,INSUFFICIENT_EVIDENCE,EASY,True
BT-000119,TND-000031,BID-000248,2026-09-29,SUBMITTED,ACTIVE,163671000.0,5,0.833,FULLY_COMPLIANT,EASY,True
BT-000120,TND-000031,BID-000180,2026-09-29,SUBMITTED,ACTIVE,157984800.0,6,1.0,FULLY_COMPLIANT,EASY,True
BT-000121,TND-000031,BID-000893,2026-09-29,SUBMITTED,ACTIVE,135232500.0,6,1.0,MINOR_ISSUES,EASY,True
BT-000122,TND-000031,BID-001235,2026-09-29,SUBMITTED,ACTIVE,151180200.0,6,1.0,FULLY_COMPLIANT,EASY,True
BT-000123,TND-000032,BID-001309,2025-02-02,SUBMITTED,ACTIVE,144635100.0,6,1.0,FULLY_COMPLIANT,MEDIUM,True
BT-000124,TND-000032,BID-001822,2025-02-02,SUBMITTED,ACTIVE,170301300.0,5,0.833,INSUFFICIENT_EVIDENCE,MEDIUM,True
BT-000125,TND-000032,BID-001453,2025-02-02,SUBMITTED,ACTIVE,185411300.0,6,1.0,INVALID_DOCUMENT,MEDIUM,True
BT-000126,TND-000032,BID-001816,2025-02-02,SUBMITTED,ACTIVE,187664500.0,5,0.833,FULLY_COMPLIANT,MEDIUM,True
BT-000127,TND-000033,BID-000938,2025-02-20,SUBMITTED,ACTIVE,203495000.0,5,0.833,FULLY_COMPLIANT,MEDIUM,True
BT-000128,TND-000033,BID-000102,2025-02-20,SUBMITTED,ACTIVE,259400100.0,5,0.833,FULLY_COMPLIANT,MEDIUM,True
BT-000129,TND-000033,BID-000792,2025-02-20,SUBMITTED,ACTIVE,219454500.0,5,0.833,FULLY_COMPLIANT,MEDIUM,True
BT-000130,TND-000033,BID-000215,2025-02-20,SUBMITTED,ACTIVE,201296400.0,5,0.833,MISSING_DOCUMENT,MEDIUM,True
BT-000131,TND-000033,BID-001410,2025-02-20,SUBMITTED,ACTIVE,269950000.0,3,0.5,MISSING_DOCUMENT,MEDIUM,True
BT-000132,TND-000034,BID-001189,2026-07-07,SUBMITTED,ACTIVE,70637400.0,6,1.0,INSUFFICIENT_EVIDENCE,MEDIUM,True
BT-000133,TND-000034,BID-001833,2026-07-07,SUBMITTED,ACTIVE,63589100.0,6,1.0,INSUFFICIENT_EVIDENCE,MEDIUM,True
BT-000134,TND-000034,BID-001274,2026-07-07,SUBMITTED,ACTIVE,53825900.0,6,1.0,INCONSISTENT_DOCUMENT,MEDIUM,True
BT-000135,TND-000035,BID-000679,2025-06-07,SUBMITTED,ACTIVE,28445700.0,5,0.833,MINOR_ISSUES,EASY,True
BT-000136,TND-000035,BID-001526,2025-06-07,SUBMITTED,ACTIVE,24947400.0,6,1.0,FULLY_COMPLIANT,EASY,True
BT-000137,TND-000035,BID-000907,2025-06-07,SUBMITTED,ACTIVE,25935500.0,6,1.0,FULLY_COMPLIANT,EASY,True
BT-000138,TND-000035,BID-001665,2025-06-07,SUBMITTED,ACTIVE,28222000.0,5,0.833,FULLY_COMPLIANT,EASY,True
BT-000139,TND-000036,BID-000382,2025-12-12,SUBMITTED,ACTIVE,99211100.0,5,0.833,INSUFFICIENT_EVIDENCE,HARD,True
BT-000140,TND-000036,BID-001268,2025-12-12,SUBMITTED,ACTIVE,99315600.0,6,1.0,MINOR_ISSUES,HARD,True
BT-000141,TND-000036,BID-000248,2025-12-12,SUBMITTED,ACTIVE,112193700.0,6,1.0,INCONSISTENT_DOCUMENT,HARD,True
BT-000142,TND-000037,BID-000614,2025-08-22,SUBMITTED,ACTIVE,58756900.0,5,0.714,FULLY_COMPLIANT,EASY,True
BT-000143,TND-000037,BID-000709,2025-08-22,SUBMITTED,ACTIVE,72851500.0,5,0.714,INVALID_DOCUMENT,EASY,True
BT-000144,TND-000037,BID-001120,2025-08-22,SUBMITTED,ACTIVE,60300900.0,7,1.0,INVALID_DOCUMENT,EASY,True
BT-000145,TND-000037,BID-001061,2025-08-22,SUBMITTED,ACTIVE,65863300.0,6,0.857,FULLY_COMPLIANT,EASY,True
BT-000146,TND-000037,BID-001004,2025-08-22,SUBMITTED,ACTIVE,65927200.0,7,1.0,PARTIAL_COMPLIANCE,EASY,True
BT-000151,TND-000039,BID-001925,2025-07-07,SUBMITTED,ACTIVE,161690800.0,7,1.0,EXPIRED_DOCUMENT,EASY,True
BT-000152,TND-000039,BID-000906,2025-07-07,SUBMITTED,ACTIVE,188685500.0,6,0.857,HARD_AMBIGUOUS_CASE,EASY,True
BT-000153,TND-000039,BID-000015,2025-07-07,SUBMITTED,ACTIVE,161482900.0,6,0.857,FULLY_COMPLIANT,EASY,True
BT-000154,TND-000039,BID-001667,2025-07-07,SUBMITTED,ACTIVE,184326600.0,6,0.857,PARTIAL_COMPLIANCE,EASY,True
BT-000162,TND-000042,BID-000500,2026-02-28,SUBMITTED,ACTIVE,100156200.0,6,1.0,INSUFFICIENT_EVIDENCE,EASY,True
BT-000163,TND-000042,BID-000165,2026-02-28,SUBMITTED,ACTIVE,107796300.0,5,0.833,INSUFFICIENT_EVIDENCE,EASY,True
BT-000164,TND-000042,BID-001789,2026-02-28,SUBMITTED,ACTIVE,99622300.0,6,1.0,FULLY_COMPLIANT,EASY,True
BT-000165,TND-000042,BID-000546,2026-02-28,SUBMITTED,ACTIVE,84608900.0,5,0.833,FULLY_COMPLIANT,EASY,True
BT-000166,TND-000042,BID-000416,2026-02-28,SUBMITTED,ACTIVE,110545000.0,6,1.0,FULLY_COMPLIANT,EASY,True
BT-000170,TND-000044,BID-000883,2026-07-01,SUBMITTED,ACTIVE,45949600.0,7,1.0,FULLY_COMPLIANT,EASY,True
BT-000171,TND-000044,BID-000195,2026-07-01,SUBMITTED,ACTIVE,45633700.0,6,0.857,MINOR_ISSUES,EASY,True
BT-000172,TND-000044,BID-000635,2026-07-01,SUBMITTED,ACTIVE,34320300.0,7,1.0,EXPIRED_DOCUMENT,EASY,True
BT-000173,TND-000044,BID-001924,2026-07-01,SUBMITTED,ACTIVE,43018100.0,7,1.0,FULLY_COMPLIANT,EASY,True
BT-000182,TND-000047,BID-000294,2025-06-07,SUBMITTED,ACTIVE,161311000.0,6,1.0,EXPIRED_DOCUMENT,MEDIUM,True
BT-000183,TND-000047,BID-000898,2025-06-07,SUBMITTED,ACTIVE,144979000.0,6,1.0,HARD_AMBIGUOUS_CASE,MEDIUM,True
BT-000184,TND-000047,BID-000340,2025-06-07,SUBMITTED,ACTIVE,131756900.0,6,1.0,EXPIRED_DOCUMENT,MEDIUM,True
BT-000185,TND-000048,BID-000060,2025-07-01,SUBMITTED,ACTIVE,214335000.0,5,0.833,FULLY_COMPLIANT,HARD,True
BT-000186,TND-000048,BID-001284,2025-07-01,SUBMITTED,ACTIVE,202266500.0,6,1.0,PARTIAL_COMPLIANCE,HARD,True
BT-000187,TND-000048,BID-001710,2025-07-01,SUBMITTED,ACTIVE,194368600.0,3,0.5,MISSING_DOCUMENT,HARD,True
BT-000188,TND-000048,BID-001407,2025-07-01,SUBMITTED,ACTIVE,203605300.0,5,0.833,HARD_AMBIGUOUS_CASE,HARD,True
BT-000189,TND-000048,BID-001233,2025-07-01,SUBMITTED,ACTIVE,197185600.0,3,0.5,MISSING_DOCUMENT,HARD,True
BT-000190,TND-000049,BID-000514,2026-08-02,SUBMITTED,ACTIVE,38465800.0,6,1.0,PARTIAL_COMPLIANCE,HARD,True
BT-000191,TND-000049,BID-000285,2026-08-02,SUBMITTED,ACTIVE,31896800.0,6,1.0,FULLY_COMPLIANT,HARD,True
BT-000192,TND-000049,BID-000190,2026-08-02,SUBMITTED,ACTIVE,33562900.0,5,0.833,INSUFFICIENT_EVIDENCE,HARD,True
BT-000193,TND-000049,BID-001058,2026-08-02,SUBMITTED,ACTIVE,33126200.0,6,1.0,INVALID_DOCUMENT,HARD,True
BT-000194,TND-000050,BID-000110,2025-12-26,SUBMITTED,ACTIVE,238269700.0,7,1.0,FULLY_COMPLIANT,EASY,True
BT-000195,TND-000050,BID-001156,2025-12-26,SUBMITTED,ACTIVE,246831800.0,6,0.857,FULLY_COMPLIANT,EASY,True
BT-000196,TND-000050,BID-000555,2025-12-26,SUBMITTED,ACTIVE,230541100.0,7,1.0,FULLY_COMPLIANT,EASY,True
BT-000197,TND-000050,BID-000394,2025-12-26,SUBMITTED,ACTIVE,197155600.0,7,1.0,HARD_AMBIGUOUS_CASE,EASY,True
BT-000198,TND-000050,BID-001187,2025-12-26,SUBMITTED,ACTIVE,198841100.0,7,1.0,MINOR_ISSUES,EASY,True
BT-000199,TND-000051,BID-001666,2025-08-13,SUBMITTED,ACTIVE,226179200.0,5,0.833,FULLY_COMPLIANT,HARD,True
BT-000200,TND-000051,BID-001637,2025-08-13,SUBMITTED,ACTIVE,181458300.0,4,0.667,MISSING_DOCUMENT,HARD,True
BT-000201,TND-000051,BID-001969,2025-08-13,SUBMITTED,ACTIVE,191205600.0,5,0.833,MINOR_ISSUES,HARD,True
BT-000206,TND-000053,BID-001044,2026-10-07,SUBMITTED,ACTIVE,220698100.0,6,1.0,INSUFFICIENT_EVIDENCE,HARD,True
BT-000207,TND-000053,BID-001199,2026-10-07,SUBMITTED,ACTIVE,242212600.0,6,1.0,PARTIAL_COMPLIANCE,HARD,True
BT-000208,TND-000053,BID-001220,2026-10-07,SUBMITTED,ACTIVE,211741600.0,5,0.833,HARD_AMBIGUOUS_CASE,HARD,True
BT-000209,TND-000053,BID-001937,2026-10-07,SUBMITTED,ACTIVE,187106600.0,5,0.833,PARTIAL_COMPLIANCE,HARD,True
BT-000210,TND-000053,BID-001137,2026-10-07,SUBMITTED,ACTIVE,250883600.0,4,0.667,INVALID_DOCUMENT,HARD,True
BT-000211,TND-000054,BID-000774,2026-06-03,SUBMITTED,ACTIVE,147621000.0,7,1.0,FULLY_COMPLIANT,EASY,True
BT-000212,TND-000054,BID-001619,2026-06-03,SUBMITTED,ACTIVE,155174300.0,7,1.0,FULLY_COMPLIANT,EASY,True
BT-000213,TND-000054,BID-000754,2026-06-03,SUBMITTED,ACTIVE,132941000.0,6,0.857,FULLY_COMPLIANT,EASY,True
BT-000214,TND-000054,BID-000198,2026-06-03,SUBMITTED,ACTIVE,140792400.0,6,0.857,EXPIRED_DOCUMENT,EASY,True
BT-000215,TND-000055,BID-001813,2025-05-25,SUBMITTED,ACTIVE,137130200.0,6,1.0,INVALID_DOCUMENT,EASY,True
BT-000216,TND-000055,BID-000847,2025-05-25,SUBMITTED,ACTIVE,127749500.0,6,1.0,FULLY_COMPLIANT,EASY,True
BT-000217,TND-000055,BID-000578,2025-05-25,SUBMITTED,ACTIVE,156083400.0,6,1.0,INVALID_DOCUMENT,EASY,True
BT-000218,TND-000055,BID-001319,2025-05-25,SUBMITTED,ACTIVE,130236100.0,5,0.833,MINOR_ISSUES,EASY,True
BT-000222,TND-000057,BID-000907,2026-01-01,SUBMITTED,ACTIVE,60389900.0,6,1.0,INSUFFICIENT_EVIDENCE,MEDIUM,True
BT-000223,TND-000057,BID-000262,2026-01-01,SUBMITTED,ACTIVE,58764500.0,5,0.833,FULLY_COMPLIANT,MEDIUM,True
BT-000224,TND-000057,BID-000063,2026-01-01,SUBMITTED,ACTIVE,54733400.0,5,0.833,FULLY_COMPLIANT,MEDIUM,True
BT-000225,TND-000057,BID-000283,2026-01-01,SUBMITTED,ACTIVE,59368000.0,5,0.833,INVALID_DOCUMENT,MEDIUM,True
BT-000226,TND-000057,BID-000294,2026-01-01,SUBMITTED,ACTIVE,54515200.0,6,1.0,MINOR_ISSUES,MEDIUM,True
BT-000234,TND-000060,BID-000007,2026-02-15,SUBMITTED,ACTIVE,167923900.0,6,1.0,INSUFFICIENT_EVIDENCE,HARD,True
BT-000235,TND-000060,BID-000626,2026-02-15,SUBMITTED,ACTIVE,201529900.0,6,1.0,PARTIAL_COMPLIANCE,HARD,True
BT-000236,TND-000060,BID-000188,2026-02-15,SUBMITTED,ACTIVE,163159700.0,6,1.0,PARTIAL_COMPLIANCE,HARD,True
BT-000241,TND-000062,BID-001598,2026-06-27,SUBMITTED,ACTIVE,14942200.0,7,1.0,FULLY_COMPLIANT,MEDIUM,True
BT-000242,TND-000062,BID-001316,2026-06-27,SUBMITTED,ACTIVE,12549600.0,6,0.857,FULLY_COMPLIANT,MEDIUM,True
BT-000243,TND-000062,BID-000201,2026-06-27,SUBMITTED,ACTIVE,15690000.0,6,0.857,EXPIRED_DOCUMENT,MEDIUM,True
BT-000244,TND-000062,BID-000988,2026-06-27,SUBMITTED,ACTIVE,11741700.0,6,0.857,INSUFFICIENT_EVIDENCE,MEDIUM,True
BT-000250,TND-000064,BID-000996,2025-12-06,SUBMITTED,ACTIVE,82259100.0,5,0.833,FULLY_COMPLIANT,HARD,True
BT-000251,TND-000064,BID-001445,2025-12-06,SUBMITTED,ACTIVE,87453600.0,6,1.0,INSUFFICIENT_EVIDENCE,HARD,True
BT-000252,TND-000064,BID-000882,2025-12-06,SUBMITTED,ACTIVE,65640300.0,5,0.833,INSUFFICIENT_EVIDENCE,HARD,True
BT-000253,TND-000064,BID-000769,2025-12-06,SUBMITTED,ACTIVE,79254000.0,6,1.0,INSUFFICIENT_EVIDENCE,HARD,True
BT-000254,TND-000065,BID-001140,2026-09-05,SUBMITTED,ACTIVE,244776300.0,6,0.857,INSUFFICIENT_EVIDENCE,MEDIUM,True
BT-000255,TND-000065,BID-000306,2026-09-05,SUBMITTED,ACTIVE,219135100.0,6,0.857,INSUFFICIENT_EVIDENCE,MEDIUM,True
BT-000256,TND-000065,BID-001892,2026-09-05,SUBMITTED,ACTIVE,240565400.0,7,1.0,FULLY_COMPLIANT,MEDIUM,True
BT-000257,TND-000065,BID-000817,2026-09-05,SUBMITTED,ACTIVE,230066300.0,6,0.857,FULLY_COMPLIANT,MEDIUM,True
BT-000258,TND-000066,BID-001829,2025-05-10,SUBMITTED,ACTIVE,120362900.0,6,1.0,PARTIAL_COMPLIANCE,MEDIUM,True
BT-000259,TND-000066,BID-001447,2025-05-10,SUBMITTED,ACTIVE,130477800.0,6,1.0,FULLY_COMPLIANT,MEDIUM,True
BT-000260,TND-000066,BID-000523,2025-05-10,SUBMITTED,ACTIVE,129394800.0,6,1.0,FULLY_COMPLIANT,MEDIUM,True
BT-000261,TND-000067,BID-000067,2026-08-27,SUBMITTED,ACTIVE,220350800.0,6,1.0,PARTIAL_COMPLIANCE,EASY,True
BT-000262,TND-000067,BID-001652,2026-08-27,SUBMITTED,ACTIVE,224001500.0,5,0.833,FULLY_COMPLIANT,EASY,True
BT-000263,TND-000067,BID-000888,2026-08-27,SUBMITTED,ACTIVE,230109200.0,5,0.833,FULLY_COMPLIANT,EASY,True
BT-000264,TND-000067,BID-001813,2026-08-27,SUBMITTED,ACTIVE,203295500.0,6,1.0,FULLY_COMPLIANT,EASY,True
BT-000265,TND-000067,BID-000471,2026-08-27,SUBMITTED,ACTIVE,233421100.0,2,0.333,MISSING_DOCUMENT,EASY,True
BT-000271,TND-000069,BID-000619,2025-08-06,SUBMITTED,ACTIVE,111573500.0,6,1.0,FULLY_COMPLIANT,MEDIUM,True
BT-000272,TND-000069,BID-000992,2025-08-06,SUBMITTED,ACTIVE,118973600.0,6,1.0,PARTIAL_COMPLIANCE,MEDIUM,True
BT-000273,TND-000069,BID-001653,2025-08-06,SUBMITTED,ACTIVE,92057000.0,6,1.0,FULLY_COMPLIANT,MEDIUM,True
BT-000274,TND-000069,BID-001938,2025-08-06,SUBMITTED,ACTIVE,104808500.0,6,1.0,FULLY_COMPLIANT,MEDIUM,True
BT-000275,TND-000069,BID-000867,2025-08-06,SUBMITTED,ACTIVE,122624900.0,6,1.0,HARD_AMBIGUOUS_CASE,MEDIUM,True
BT-000276,TND-000070,BID-001593,2026-06-02,SUBMITTED,ACTIVE,229609500.0,6,0.857,FULLY_COMPLIANT,EASY,True
BT-000277,TND-000070,BID-000988,2026-06-02,SUBMITTED,ACTIVE,231793400.0,7,1.0,PARTIAL_COMPLIANCE,EASY,True
BT-000278,TND-000070,BID-001316,2026-06-02,SUBMITTED,ACTIVE,257327300.0,6,0.857,INVALID_DOCUMENT,EASY,True
BT-000279,TND-000070,BID-000430,2026-06-02,SUBMITTED,ACTIVE,228865100.0,5,0.714,FULLY_COMPLIANT,EASY,True
BT-000283,TND-000072,BID-000219,2026-07-01,SUBMITTED,ACTIVE,106042600.0,3,0.5,MISSING_DOCUMENT,EASY,True
BT-000284,TND-000072,BID-001837,2026-07-01,SUBMITTED,ACTIVE,101369900.0,5,0.833,INSUFFICIENT_EVIDENCE,EASY,True
BT-000285,TND-000072,BID-001957,2026-07-01,SUBMITTED,ACTIVE,96908500.0,6,1.0,MINOR_ISSUES,EASY,True
BT-000292,TND-000075,BID-001239,2025-04-28,SUBMITTED,ACTIVE,222407900.0,5,0.833,FULLY_COMPLIANT,HARD,True
BT-000293,TND-000075,BID-001544,2025-04-28,SUBMITTED,ACTIVE,168910800.0,6,1.0,INSUFFICIENT_EVIDENCE,HARD,True
BT-000294,TND-000075,BID-000420,2025-04-28,SUBMITTED,ACTIVE,191579800.0,6,1.0,INSUFFICIENT_EVIDENCE,HARD,True
BT-000295,TND-000075,BID-000419,2025-04-28,SUBMITTED,ACTIVE,186192600.0,6,1.0,EXPIRED_DOCUMENT,HARD,True
BT-000301,TND-000077,BID-001151,2026-07-31,SUBMITTED,ACTIVE,101645400.0,6,0.857,HARD_AMBIGUOUS_CASE,EASY,True
BT-000302,TND-000077,BID-000754,2026-07-31,SUBMITTED,ACTIVE,94457800.0,6,0.857,FULLY_COMPLIANT,EASY,True
BT-000303,TND-000077,BID-000605,2026-07-31,SUBMITTED,ACTIVE,108472300.0,6,0.857,FULLY_COMPLIANT,EASY,True
BT-000304,TND-000078,BID-001086,2025-05-11,SUBMITTED,ACTIVE,65689700.0,7,1.0,PARTIAL_COMPLIANCE,EASY,True
BT-000305,TND-000078,BID-000577,2025-05-11,SUBMITTED,ACTIVE,74010000.0,7,1.0,INSUFFICIENT_EVIDENCE,EASY,True
BT-000306,TND-000078,BID-001871,2025-05-11,SUBMITTED,ACTIVE,66605900.0,6,0.857,FULLY_COMPLIANT,EASY,True
BT-000307,TND-000078,BID-001846,2025-05-11,SUBMITTED,ACTIVE,67663100.0,7,1.0,INVALID_DOCUMENT,EASY,True
BT-000308,TND-000078,BID-001128,2025-05-11,SUBMITTED,ACTIVE,70434900.0,7,1.0,FULLY_COMPLIANT,EASY,True
BT-000315,TND-000081,BID-000057,2025-07-03,SUBMITTED,ACTIVE,159242600.0,7,1.0,INSUFFICIENT_EVIDENCE,EASY,True
BT-000316,TND-000081,BID-001877,2025-07-03,SUBMITTED,ACTIVE,146530900.0,5,0.714,HARD_AMBIGUOUS_CASE,EASY,True
BT-000317,TND-000081,BID-000274,2025-07-03,SUBMITTED,ACTIVE,181022400.0,6,0.857,INSUFFICIENT_EVIDENCE,EASY,True
BT-000318,TND-000082,BID-001402,2025-10-07,SUBMITTED,ACTIVE,82915100.0,5,0.714,MINOR_ISSUES,MEDIUM,True
BT-000319,TND-000082,BID-000975,2025-10-07,SUBMITTED,ACTIVE,77566000.0,7,1.0,INSUFFICIENT_EVIDENCE,MEDIUM,True
BT-000320,TND-000082,BID-001169,2025-10-07,SUBMITTED,ACTIVE,79373300.0,6,0.857,FULLY_COMPLIANT,MEDIUM,True
BT-000321,TND-000083,BID-001762,2026-07-05,SUBMITTED,ACTIVE,47957300.0,5,0.833,FULLY_COMPLIANT,EASY,True
BT-000322,TND-000083,BID-001648,2026-07-05,SUBMITTED,ACTIVE,47440900.0,5,0.833,MISSING_DOCUMENT,EASY,True
BT-000323,TND-000083,BID-000959,2026-07-05,SUBMITTED,ACTIVE,44006700.0,4,0.667,MINOR_ISSUES,EASY,True
BT-000324,TND-000083,BID-001903,2026-07-05,SUBMITTED,ACTIVE,40349500.0,5,0.833,FULLY_COMPLIANT,EASY,True
BT-000325,TND-000083,BID-001703,2026-07-05,SUBMITTED,ACTIVE,45845200.0,6,1.0,FULLY_COMPLIANT,EASY,True
BT-000326,TND-000084,BID-000200,2025-04-11,SUBMITTED,ACTIVE,96527700.0,5,0.833,FULLY_COMPLIANT,HARD,True
BT-000327,TND-000084,BID-000911,2025-04-11,SUBMITTED,ACTIVE,73097500.0,6,1.0,FULLY_COMPLIANT,HARD,True
BT-000328,TND-000084,BID-001091,2025-04-11,SUBMITTED,ACTIVE,88925700.0,6,1.0,FULLY_COMPLIANT,HARD,True
BT-000329,TND-000084,BID-000679,2025-04-11,SUBMITTED,ACTIVE,91585600.0,5,0.833,MINOR_ISSUES,HARD,True
BT-000330,TND-000084,BID-000440,2025-04-11,SUBMITTED,ACTIVE,88697900.0,6,1.0,FULLY_COMPLIANT,HARD,True
BT-000335,TND-000086,BID-000270,2025-02-17,SUBMITTED,ACTIVE,121480900.0,6,0.857,INCONSISTENT_DOCUMENT,EASY,True
BT-000336,TND-000086,BID-001444,2025-02-17,SUBMITTED,ACTIVE,113829600.0,6,0.857,FULLY_COMPLIANT,EASY,True
BT-000337,TND-000086,BID-001119,2025-02-17,SUBMITTED,ACTIVE,103650400.0,7,1.0,PARTIAL_COMPLIANCE,EASY,True
BT-000338,TND-000086,BID-000329,2025-02-17,SUBMITTED,ACTIVE,97383100.0,6,0.857,FULLY_COMPLIANT,EASY,True
BT-000339,TND-000086,BID-000202,2025-02-17,SUBMITTED,ACTIVE,119826000.0,7,1.0,FULLY_COMPLIANT,EASY,True
BT-000344,TND-000088,BID-001576,2026-10-02,SUBMITTED,ACTIVE,182611700.0,6,1.0,EXPIRED_DOCUMENT,MEDIUM,True
BT-000345,TND-000088,BID-000435,2026-10-02,SUBMITTED,ACTIVE,180057300.0,6,1.0,FULLY_COMPLIANT,MEDIUM,True
BT-000346,TND-000088,BID-001208,2026-10-02,SUBMITTED,ACTIVE,142966200.0,4,0.667,MISSING_DOCUMENT,MEDIUM,True
BT-000347,TND-000088,BID-000231,2026-10-02,SUBMITTED,ACTIVE,177282300.0,5,0.833,FULLY_COMPLIANT,MEDIUM,True
BT-000351,TND-000090,BID-000987,2025-12-03,SUBMITTED,ACTIVE,207309000.0,6,0.857,MINOR_ISSUES,EASY,True
BT-000352,TND-000090,BID-001873,2025-12-03,SUBMITTED,ACTIVE,207669600.0,6,0.857,INCONSISTENT_DOCUMENT,EASY,True
BT-000353,TND-000090,BID-000863,2025-12-03,SUBMITTED,ACTIVE,203034600.0,6,0.857,FULLY_COMPLIANT,EASY,True
BT-000354,TND-000090,BID-000700,2025-12-03,SUBMITTED,ACTIVE,250144700.0,5,0.714,EXPIRED_DOCUMENT,EASY,True
BT-000355,TND-000090,BID-000343,2025-12-03,SUBMITTED,ACTIVE,192893000.0,6,0.857,MINOR_ISSUES,EASY,True
BT-000356,TND-000091,BID-001133,2025-07-11,SUBMITTED,ACTIVE,74451800.0,4,0.667,PARTIAL_COMPLIANCE,MEDIUM,True
BT-000357,TND-000091,BID-000763,2025-07-11,SUBMITTED,ACTIVE,77192900.0,6,1.0,FULLY_COMPLIANT,MEDIUM,True
BT-000358,TND-000091,BID-001124,2025-07-11,SUBMITTED,ACTIVE,67428600.0,6,1.0,INSUFFICIENT_EVIDENCE,MEDIUM,True
BT-000359,TND-000091,BID-000074,2025-07-11,SUBMITTED,ACTIVE,68082000.0,6,1.0,MINOR_ISSUES,MEDIUM,True
BT-000360,TND-000091,BID-000235,2025-07-11,SUBMITTED,ACTIVE,68059800.0,6,1.0,FULLY_COMPLIANT,MEDIUM,True
BT-000364,TND-000093,BID-000731,2026-01-23,SUBMITTED,ACTIVE,111123200.0,6,1.0,INVALID_DOCUMENT,EASY,True
BT-000365,TND-000093,BID-001387,2026-01-23,SUBMITTED,ACTIVE,117337500.0,6,1.0,INSUFFICIENT_EVIDENCE,EASY,True
BT-000366,TND-000093,BID-000192,2026-01-23,SUBMITTED,ACTIVE,123778400.0,6,1.0,FULLY_COMPLIANT,EASY,True
BT-000371,TND-000095,BID-001130,2026-09-13,SUBMITTED,ACTIVE,145118500.0,7,1.0,PARTIAL_COMPLIANCE,HARD,True
BT-000372,TND-000095,BID-002000,2026-09-13,SUBMITTED,ACTIVE,148611800.0,6,0.857,INSUFFICIENT_EVIDENCE,HARD,True
BT-000373,TND-000095,BID-001617,2026-09-13,SUBMITTED,ACTIVE,160683200.0,3,0.429,MISSING_DOCUMENT,HARD,True
BT-000374,TND-000095,BID-001135,2026-09-13,SUBMITTED,ACTIVE,161225700.0,6,0.857,PARTIAL_COMPLIANCE,HARD,True
BT-000378,TND-000097,BID-001663,2025-12-27,SUBMITTED,ACTIVE,83728100.0,6,1.0,MINOR_ISSUES,MEDIUM,True
BT-000379,TND-000097,BID-000899,2025-12-27,SUBMITTED,ACTIVE,83312000.0,6,1.0,HARD_AMBIGUOUS_CASE,MEDIUM,True
BT-000380,TND-000097,BID-001715,2025-12-27,SUBMITTED,ACTIVE,78603200.0,6,1.0,HARD_AMBIGUOUS_CASE,MEDIUM,True
BT-000381,TND-000097,BID-001616,2025-12-27,SUBMITTED,ACTIVE,71045400.0,6,1.0,MINOR_ISSUES,MEDIUM,True
BT-000382,TND-000097,BID-000956,2025-12-27,SUBMITTED,ACTIVE,77435600.0,5,0.833,FULLY_COMPLIANT,MEDIUM,True
BT-000383,TND-000098,BID-001625,2026-09-21,SUBMITTED,ACTIVE,104303800.0,5,0.833,FULLY_COMPLIANT,EASY,True
BT-000384,TND-000098,BID-001431,2026-09-21,SUBMITTED,ACTIVE,112987500.0,5,0.833,FULLY_COMPLIANT,EASY,True
BT-000385,TND-000098,BID-001591,2026-09-21,SUBMITTED,ACTIVE,103761800.0,6,1.0,FULLY_COMPLIANT,EASY,True
BT-000386,TND-000098,BID-001291,2026-09-21,SUBMITTED,ACTIVE,119003800.0,6,1.0,EXPIRED_DOCUMENT,EASY,True
BT-000396,TND-000101,BID-000193,2025-03-18,SUBMITTED,ACTIVE,197658900.0,7,1.0,EXPIRED_DOCUMENT,HARD,True
BT-000397,TND-000101,BID-000184,2025-03-18,SUBMITTED,ACTIVE,187198300.0,6,0.857,FULLY_COMPLIANT,HARD,True
BT-000398,TND-000101,BID-001730,2025-03-18,SUBMITTED,ACTIVE,172081200.0,6,0.857,HARD_AMBIGUOUS_CASE,HARD,True
BT-000399,TND-000101,BID-001856,2025-03-18,SUBMITTED,ACTIVE,208060400.0,5,0.714,MISSING_DOCUMENT,HARD,True
BT-000405,TND-000103,BID-001470,2026-09-04,SUBMITTED,ACTIVE,134722200.0,5,0.833,FULLY_COMPLIANT,HARD,True
BT-000406,TND-000103,BID-000462,2026-09-04,SUBMITTED,ACTIVE,164392100.0,5,0.833,FULLY_COMPLIANT,HARD,True
BT-000407,TND-000103,BID-000188,2026-09-04,SUBMITTED,ACTIVE,162284500.0,6,1.0,INVALID_DOCUMENT,HARD,True
BT-000408,TND-000103,BID-001718,2026-09-04,SUBMITTED,ACTIVE,164855000.0,6,1.0,INVALID_DOCUMENT,HARD,True
BT-000409,TND-000103,BID-000932,2026-09-04,SUBMITTED,ACTIVE,168649600.0,5,0.833,INSUFFICIENT_EVIDENCE,HARD,True
BT-000410,TND-000104,BID-000447,2026-06-02,SUBMITTED,ACTIVE,126656200.0,7,1.0,INSUFFICIENT_EVIDENCE,EASY,True
BT-000411,TND-000104,BID-000349,2026-06-02,SUBMITTED,ACTIVE,141203600.0,3,0.429,MISSING_DOCUMENT,EASY,True
BT-000412,TND-000104,BID-000655,2026-06-02,SUBMITTED,ACTIVE,141914400.0,6,0.857,EXPIRED_DOCUMENT,EASY,True
BT-000417,TND-000106,BID-001668,2026-06-06,SUBMITTED,ACTIVE,214962000.0,6,1.0,INSUFFICIENT_EVIDENCE,MEDIUM,True
BT-000418,TND-000106,BID-001581,2026-06-06,SUBMITTED,ACTIVE,234495100.0,6,1.0,FULLY_COMPLIANT,MEDIUM,True
BT-000419,TND-000106,BID-000830,2026-06-06,SUBMITTED,ACTIVE,210417200.0,5,0.833,FULLY_COMPLIANT,MEDIUM,True
BT-000420,TND-000107,BID-000666,2026-04-23,SUBMITTED,ACTIVE,111775000.0,6,1.0,INSUFFICIENT_EVIDENCE,MEDIUM,True
BT-000421,TND-000107,BID-000888,2026-04-23,SUBMITTED,ACTIVE,145762700.0,4,0.667,INSUFFICIENT_EVIDENCE,MEDIUM,True
BT-000422,TND-000107,BID-001336,2026-04-23,SUBMITTED,ACTIVE,122568600.0,6,1.0,FULLY_COMPLIANT,MEDIUM,True
BT-000423,TND-000108,BID-001189,2025-08-17,SUBMITTED,ACTIVE,130427800.0,5,0.833,FULLY_COMPLIANT,EASY,True
BT-000424,TND-000108,BID-000474,2025-08-17,SUBMITTED,ACTIVE,118833000.0,6,1.0,FULLY_COMPLIANT,EASY,True
BT-000425,TND-000108,BID-001771,2025-08-17,SUBMITTED,ACTIVE,133073200.0,6,1.0,FULLY_COMPLIANT,EASY,True
BT-000426,TND-000108,BID-000769,2025-08-17,SUBMITTED,ACTIVE,120544700.0,6,1.0,INCONSISTENT_DOCUMENT,EASY,True
BT-000427,TND-000108,BID-001116,2025-08-17,SUBMITTED,ACTIVE,112588100.0,6,1.0,FULLY_COMPLIANT,EASY,True
BT-000436,TND-000111,BID-001737,2026-04-09,SUBMITTED,ACTIVE,185950600.0,6,1.0,FULLY_COMPLIANT,EASY,True
BT-000437,TND-000111,BID-000959,2026-04-09,SUBMITTED,ACTIVE,151282300.0,5,0.833,HARD_AMBIGUOUS_CASE,EASY,True
BT-000438,TND-000111,BID-000896,2026-04-09,SUBMITTED,ACTIVE,151696200.0,6,1.0,FULLY_COMPLIANT,EASY,True
BT-000439,TND-000111,BID-001018,2026-04-09,SUBMITTED,ACTIVE,191185300.0,6,1.0,INCONSISTENT_DOCUMENT,EASY,True
BT-000445,TND-000113,BID-001835,2025-02-04,SUBMITTED,ACTIVE,149449700.0,7,1.0,FULLY_COMPLIANT,EASY,True
BT-000446,TND-000113,BID-001958,2025-02-04,SUBMITTED,ACTIVE,155833700.0,4,0.571,EXPIRED_DOCUMENT,EASY,True
BT-000447,TND-000113,BID-001680,2025-02-04,SUBMITTED,ACTIVE,147281000.0,6,0.857,INCONSISTENT_DOCUMENT,EASY,True
BT-000448,TND-000114,BID-000115,2026-05-12,SUBMITTED,ACTIVE,148701400.0,3,0.5,MISSING_DOCUMENT,MEDIUM,True
BT-000449,TND-000114,BID-000579,2026-05-12,SUBMITTED,ACTIVE,134953700.0,6,1.0,INSUFFICIENT_EVIDENCE,MEDIUM,True
BT-000450,TND-000114,BID-001478,2026-05-12,SUBMITTED,ACTIVE,127711900.0,5,0.833,PARTIAL_COMPLIANCE,MEDIUM,True
BT-000451,TND-000114,BID-001744,2026-05-12,SUBMITTED,ACTIVE,172831200.0,3,0.5,MISSING_DOCUMENT,MEDIUM,True
BT-000452,TND-000115,BID-000183,2025-09-08,SUBMITTED,ACTIVE,30607800.0,6,1.0,MINOR_ISSUES,EASY,True
BT-000453,TND-000115,BID-000309,2025-09-08,SUBMITTED,ACTIVE,28578700.0,6,1.0,FULLY_COMPLIANT,EASY,True
BT-000454,TND-000115,BID-001731,2025-09-08,SUBMITTED,ACTIVE,28469400.0,5,0.833,INVALID_DOCUMENT,EASY,True
BT-000455,TND-000115,BID-000790,2025-09-08,SUBMITTED,ACTIVE,28135500.0,6,1.0,FULLY_COMPLIANT,EASY,True
BT-000456,TND-000116,BID-000708,2026-05-03,SUBMITTED,ACTIVE,149114100.0,6,0.857,MINOR_ISSUES,MEDIUM,True
BT-000457,TND-000116,BID-001580,2026-05-03,SUBMITTED,ACTIVE,132010200.0,6,0.857,HARD_AMBIGUOUS_CASE,MEDIUM,True
BT-000458,TND-000116,BID-000668,2026-05-03,SUBMITTED,ACTIVE,132166500.0,7,1.0,MINOR_ISSUES,MEDIUM,True
BT-000459,TND-000116,BID-000370,2026-05-03,SUBMITTED,ACTIVE,141357600.0,5,0.714,INSUFFICIENT_EVIDENCE,MEDIUM,True
BT-000460,TND-000117,BID-001329,2026-05-22,SUBMITTED,ACTIVE,197300600.0,7,1.0,FULLY_COMPLIANT,HARD,True
BT-000461,TND-000117,BID-000917,2026-05-22,SUBMITTED,ACTIVE,232134400.0,7,1.0,FULLY_COMPLIANT,HARD,True
BT-000462,TND-000117,BID-001846,2026-05-22,SUBMITTED,ACTIVE,180974300.0,7,1.0,MINOR_ISSUES,HARD,True
BT-000463,TND-000117,BID-000718,2026-05-22,SUBMITTED,ACTIVE,182112400.0,7,1.0,EXPIRED_DOCUMENT,HARD,True
BT-000464,TND-000117,BID-001635,2026-05-22,SUBMITTED,ACTIVE,218723800.0,5,0.714,EXPIRED_DOCUMENT,HARD,True
BT-000465,TND-000118,BID-001741,2025-12-30,SUBMITTED,ACTIVE,176644900.0,6,0.857,FULLY_COMPLIANT,MEDIUM,True
BT-000466,TND-000118,BID-000640,2025-12-30,SUBMITTED,ACTIVE,204631800.0,5,0.714,PARTIAL_COMPLIANCE,MEDIUM,True
BT-000467,TND-000118,BID-001052,2025-12-30,SUBMITTED,ACTIVE,177075000.0,6,0.857,PARTIAL_COMPLIANCE,MEDIUM,True
BT-000468,TND-000118,BID-000328,2025-12-30,SUBMITTED,ACTIVE,174172200.0,7,1.0,PARTIAL_COMPLIANCE,MEDIUM,True
BT-000469,TND-000119,BID-001060,2025-11-24,SUBMITTED,ACTIVE,62082800.0,6,1.0,INCONSISTENT_DOCUMENT,EASY,True
BT-000470,TND-000119,BID-001396,2025-11-24,SUBMITTED,ACTIVE,63581900.0,6,1.0,HARD_AMBIGUOUS_CASE,EASY,True
BT-000471,TND-000119,BID-000694,2025-11-24,SUBMITTED,ACTIVE,59674200.0,5,0.833,FULLY_COMPLIANT,EASY,True
BT-000472,TND-000119,BID-000268,2025-11-24,SUBMITTED,ACTIVE,51804200.0,5,0.833,FULLY_COMPLIANT,EASY,True
BT-000473,TND-000119,BID-001634,2025-11-24,SUBMITTED,ACTIVE,47692000.0,5,0.833,FULLY_COMPLIANT,EASY,True
BT-000477,TND-000121,BID-000311,2025-11-19,SUBMITTED,ACTIVE,191496600.0,5,0.833,HARD_AMBIGUOUS_CASE,EASY,True
BT-000478,TND-000121,BID-001621,2025-11-19,SUBMITTED,ACTIVE,181153500.0,5,0.833,PARTIAL_COMPLIANCE,EASY,True
BT-000479,TND-000121,BID-001492,2025-11-19,SUBMITTED,ACTIVE,182022100.0,6,1.0,MINOR_ISSUES,EASY,True
BT-000480,TND-000122,BID-001506,2025-05-04,SUBMITTED,ACTIVE,219083000.0,6,1.0,MINOR_ISSUES,HARD,True
BT-000481,TND-000122,BID-000894,2025-05-04,SUBMITTED,ACTIVE,217264400.0,6,1.0,MINOR_ISSUES,HARD,True
BT-000482,TND-000122,BID-001939,2025-05-04,SUBMITTED,ACTIVE,178926200.0,4,0.667,EXPIRED_DOCUMENT,HARD,True
BT-000483,TND-000122,BID-000809,2025-05-04,SUBMITTED,ACTIVE,183298400.0,6,1.0,INVALID_DOCUMENT,HARD,True
BT-000484,TND-000122,BID-001152,2025-05-04,SUBMITTED,ACTIVE,207491300.0,2,0.333,MISSING_DOCUMENT,HARD,True
BT-000489,TND-000124,BID-001689,2026-06-05,SUBMITTED,ACTIVE,241161400.0,7,1.0,INVALID_DOCUMENT,MEDIUM,True
BT-000490,TND-000124,BID-000913,2026-06-05,SUBMITTED,ACTIVE,229858300.0,5,0.714,INSUFFICIENT_EVIDENCE,MEDIUM,True
BT-000491,TND-000124,BID-000640,2026-06-05,SUBMITTED,ACTIVE,239646600.0,7,1.0,FULLY_COMPLIANT,MEDIUM,True
BT-000492,TND-000125,BID-000416,2025-10-22,SUBMITTED,ACTIVE,123126000.0,6,1.0,PARTIAL_COMPLIANCE,EASY,True
BT-000493,TND-000125,BID-001605,2025-10-22,SUBMITTED,ACTIVE,140492300.0,6,1.0,INSUFFICIENT_EVIDENCE,EASY,True
BT-000494,TND-000125,BID-000612,2025-10-22,SUBMITTED,ACTIVE,133874200.0,4,0.667,FULLY_COMPLIANT,EASY,True
BT-000495,TND-000126,BID-000090,2026-04-05,SUBMITTED,ACTIVE,209332700.0,6,1.0,PARTIAL_COMPLIANCE,MEDIUM,True
BT-000496,TND-000126,BID-001648,2026-04-05,SUBMITTED,ACTIVE,232655200.0,6,1.0,INCONSISTENT_DOCUMENT,MEDIUM,True
BT-000497,TND-000126,BID-000678,2026-04-05,SUBMITTED,ACTIVE,229393300.0,6,1.0,INSUFFICIENT_EVIDENCE,MEDIUM,True
BT-000498,TND-000126,BID-001573,2026-04-05,SUBMITTED,ACTIVE,204512500.0,5,0.833,PARTIAL_COMPLIANCE,MEDIUM,True
BT-000499,TND-000126,BID-000646,2026-04-05,SUBMITTED,ACTIVE,192583900.0,6,1.0,FULLY_COMPLIANT,MEDIUM,True
BT-000500,TND-000127,BID-000270,2026-07-17,SUBMITTED,ACTIVE,86976400.0,5,0.714,EXPIRED_DOCUMENT,MEDIUM,True
BT-000501,TND-000127,BID-001741,2026-07-17,SUBMITTED,ACTIVE,86780400.0,5,0.714,PARTIAL_COMPLIANCE,MEDIUM,True
BT-000502,TND-000127,BID-001954,2026-07-17,SUBMITTED,ACTIVE,77065700.0,6,0.857,MINOR_ISSUES,MEDIUM,True
BT-000507,TND-000129,BID-000934,2025-02-12,SUBMITTED,ACTIVE,119384000.0,6,1.0,FULLY_COMPLIANT,HARD,True
BT-000508,TND-000129,BID-001172,2025-02-12,SUBMITTED,ACTIVE,105333700.0,6,1.0,PARTIAL_COMPLIANCE,HARD,True
BT-000509,TND-000129,BID-000875,2025-02-12,SUBMITTED,ACTIVE,129056600.0,6,1.0,FULLY_COMPLIANT,HARD,True
BT-000510,TND-000129,BID-001643,2025-02-12,SUBMITTED,ACTIVE,127575700.0,6,1.0,FULLY_COMPLIANT,HARD,True
BT-000511,TND-000130,BID-000496,2025-11-02,SUBMITTED,ACTIVE,161827700.0,4,0.667,MISSING_DOCUMENT,MEDIUM,True
BT-000512,TND-000130,BID-001112,2025-11-02,SUBMITTED,ACTIVE,132074100.0,5,0.833,FULLY_COMPLIANT,MEDIUM,True
BT-000513,TND-000130,BID-001818,2025-11-02,SUBMITTED,ACTIVE,167271200.0,5,0.833,PARTIAL_COMPLIANCE,MEDIUM,True
BT-000514,TND-000130,BID-001410,2025-11-02,SUBMITTED,ACTIVE,149792300.0,6,1.0,HARD_AMBIGUOUS_CASE,MEDIUM,True
BT-000515,TND-000130,BID-000938,2025-11-02,SUBMITTED,ACTIVE,171062800.0,5,0.833,FULLY_COMPLIANT,MEDIUM,True
BT-000525,TND-000133,BID-000038,2025-05-06,SUBMITTED,ACTIVE,120062300.0,6,1.0,PARTIAL_COMPLIANCE,EASY,True
BT-000526,TND-000133,BID-000675,2025-05-06,SUBMITTED,ACTIVE,98850600.0,4,0.667,PARTIAL_COMPLIANCE,EASY,True
BT-000527,TND-000133,BID-001965,2025-05-06,SUBMITTED,ACTIVE,127259600.0,4,0.667,PARTIAL_COMPLIANCE,EASY,True
BT-000528,TND-000133,BID-000136,2025-05-06,SUBMITTED,ACTIVE,120654400.0,6,1.0,FULLY_COMPLIANT,EASY,True
BT-000529,TND-000133,BID-001237,2025-05-06,SUBMITTED,ACTIVE,133679600.0,6,1.0,FULLY_COMPLIANT,EASY,True
BT-000530,TND-000134,BID-001716,2025-07-17,SUBMITTED,ACTIVE,77767400.0,6,1.0,EXPIRED_DOCUMENT,MEDIUM,True
BT-000531,TND-000134,BID-001964,2025-07-17,SUBMITTED,ACTIVE,82147300.0,6,1.0,FULLY_COMPLIANT,MEDIUM,True
BT-000532,TND-000134,BID-001914,2025-07-17,SUBMITTED,ACTIVE,88075200.0,6,1.0,PARTIAL_COMPLIANCE,MEDIUM,True
BT-000533,TND-000135,BID-000752,2025-10-26,SUBMITTED,ACTIVE,251979300.0,5,0.714,HARD_AMBIGUOUS_CASE,MEDIUM,True
BT-000534,TND-000135,BID-001302,2025-10-26,SUBMITTED,ACTIVE,214673500.0,6,0.857,FULLY_COMPLIANT,MEDIUM,True
BT-000535,TND-000135,BID-000168,2025-10-26,SUBMITTED,ACTIVE,242846700.0,6,0.857,FULLY_COMPLIANT,MEDIUM,True
BT-000536,TND-000135,BID-001852,2025-10-26,SUBMITTED,ACTIVE,199719600.0,5,0.714,FULLY_COMPLIANT,MEDIUM,True
BT-000537,TND-000135,BID-000250,2025-10-26,SUBMITTED,ACTIVE,236300200.0,7,1.0,INSUFFICIENT_EVIDENCE,MEDIUM,True
BT-000538,TND-000136,BID-001600,2026-05-30,SUBMITTED,ACTIVE,59367300.0,6,1.0,MINOR_ISSUES,MEDIUM,True
BT-000539,TND-000136,BID-000205,2026-05-30,SUBMITTED,ACTIVE,61788300.0,5,0.833,FULLY_COMPLIANT,MEDIUM,True
BT-000540,TND-000136,BID-000185,2026-05-30,SUBMITTED,ACTIVE,62097300.0,6,1.0,FULLY_COMPLIANT,MEDIUM,True
BT-000541,TND-000136,BID-000519,2026-05-30,SUBMITTED,ACTIVE,67160800.0,6,1.0,FULLY_COMPLIANT,MEDIUM,True
BT-000542,TND-000137,BID-000049,2025-06-26,SUBMITTED,ACTIVE,206589700.0,6,1.0,MINOR_ISSUES,EASY,True
BT-000543,TND-000137,BID-001731,2025-06-26,SUBMITTED,ACTIVE,238140900.0,5,0.833,FULLY_COMPLIANT,EASY,True
BT-000544,TND-000137,BID-000592,2025-06-26,SUBMITTED,ACTIVE,207945700.0,6,1.0,FULLY_COMPLIANT,EASY,True
BT-000545,TND-000137,BID-001311,2025-06-26,SUBMITTED,ACTIVE,199724700.0,5,0.833,HARD_AMBIGUOUS_CASE,EASY,True
BT-000546,TND-000138,BID-000437,2026-10-03,SUBMITTED,ACTIVE,197056200.0,6,0.857,PARTIAL_COMPLIANCE,MEDIUM,True
BT-000547,TND-000138,BID-000403,2026-10-03,SUBMITTED,ACTIVE,222531600.0,6,0.857,PARTIAL_COMPLIANCE,MEDIUM,True
BT-000548,TND-000138,BID-000917,2026-10-03,SUBMITTED,ACTIVE,211534700.0,7,1.0,INSUFFICIENT_EVIDENCE,MEDIUM,True
BT-000549,TND-000138,BID-000207,2026-10-03,SUBMITTED,ACTIVE,237414000.0,6,0.857,INSUFFICIENT_EVIDENCE,MEDIUM,True
BT-000550,TND-000138,BID-000321,2026-10-03,SUBMITTED,ACTIVE,260905400.0,5,0.714,FULLY_COMPLIANT,MEDIUM,True
BT-000551,TND-000139,BID-001298,2025-12-25,SUBMITTED,ACTIVE,110671400.0,6,1.0,FULLY_COMPLIANT,EASY,True
BT-000552,TND-000139,BID-001771,2025-12-25,SUBMITTED,ACTIVE,116214100.0,6,1.0,INSUFFICIENT_EVIDENCE,EASY,True
BT-000553,TND-000139,BID-001819,2025-12-25,SUBMITTED,ACTIVE,105709000.0,5,0.833,FULLY_COMPLIANT,EASY,True
BT-000554,TND-000139,BID-000417,2025-12-25,SUBMITTED,ACTIVE,104330900.0,6,1.0,MISSING_DOCUMENT,EASY,True
BT-000555,TND-000140,BID-001038,2026-01-28,SUBMITTED,ACTIVE,198994000.0,3,0.5,MISSING_DOCUMENT,HARD,True
BT-000556,TND-000140,BID-001610,2026-01-28,SUBMITTED,ACTIVE,241401800.0,6,1.0,EXPIRED_DOCUMENT,HARD,True
BT-000557,TND-000140,BID-001692,2026-01-28,SUBMITTED,ACTIVE,234054200.0,6,1.0,INSUFFICIENT_EVIDENCE,HARD,True
BT-000564,TND-000143,BID-001166,2025-05-05,SUBMITTED,ACTIVE,213703400.0,6,1.0,INVALID_DOCUMENT,EASY,True
BT-000565,TND-000143,BID-001503,2025-05-05,SUBMITTED,ACTIVE,196527000.0,4,0.667,HARD_AMBIGUOUS_CASE,EASY,True
BT-000566,TND-000143,BID-000532,2025-05-05,SUBMITTED,ACTIVE,184463800.0,6,1.0,FULLY_COMPLIANT,EASY,True
BT-000567,TND-000143,BID-001779,2025-05-05,SUBMITTED,ACTIVE,192790200.0,5,0.833,HARD_AMBIGUOUS_CASE,EASY,True
BT-000568,TND-000143,BID-001701,2025-05-05,SUBMITTED,ACTIVE,211446700.0,5,0.833,FULLY_COMPLIANT,EASY,True
BT-000569,TND-000144,BID-001696,2025-12-22,SUBMITTED,ACTIVE,237182800.0,7,1.0,FULLY_COMPLIANT,MEDIUM,True
BT-000570,TND-000144,BID-001615,2025-12-22,SUBMITTED,ACTIVE,255441400.0,7,1.0,PARTIAL_COMPLIANCE,MEDIUM,True
BT-000571,TND-000144,BID-001705,2025-12-22,SUBMITTED,ACTIVE,254112800.0,6,0.857,INCONSISTENT_DOCUMENT,MEDIUM,True
BT-000572,TND-000145,BID-001216,2026-10-17,SUBMITTED,ACTIVE,19004000.0,5,0.833,FULLY_COMPLIANT,EASY,True
BT-000573,TND-000145,BID-001644,2026-10-17,SUBMITTED,ACTIVE,21405000.0,5,0.833,HARD_AMBIGUOUS_CASE,EASY,True
BT-000574,TND-000145,BID-000221,2026-10-17,SUBMITTED,ACTIVE,16725600.0,6,1.0,MINOR_ISSUES,EASY,True
BT-000575,TND-000146,BID-001327,2026-06-22,SUBMITTED,ACTIVE,9361700.0,6,1.0,FULLY_COMPLIANT,EASY,True
BT-000576,TND-000146,BID-001918,2026-06-22,SUBMITTED,ACTIVE,11206200.0,6,1.0,PARTIAL_COMPLIANCE,EASY,True
BT-000577,TND-000146,BID-000985,2026-06-22,SUBMITTED,ACTIVE,10886400.0,5,0.833,FULLY_COMPLIANT,EASY,True
BT-000578,TND-000146,BID-000357,2026-06-22,SUBMITTED,ACTIVE,10198800.0,6,1.0,MINOR_ISSUES,EASY,True
BT-000579,TND-000147,BID-001041,2025-09-30,SUBMITTED,ACTIVE,125484200.0,7,1.0,FULLY_COMPLIANT,MEDIUM,True
BT-000580,TND-000147,BID-002000,2025-09-30,SUBMITTED,ACTIVE,116936200.0,6,0.857,PARTIAL_COMPLIANCE,MEDIUM,True
BT-000581,TND-000147,BID-001028,2025-09-30,SUBMITTED,ACTIVE,119956500.0,5,0.714,PARTIAL_COMPLIANCE,MEDIUM,True
BT-000582,TND-000147,BID-000425,2025-09-30,SUBMITTED,ACTIVE,139670100.0,5,0.714,INSUFFICIENT_EVIDENCE,MEDIUM,True
BT-000583,TND-000148,BID-001661,2026-08-21,SUBMITTED,ACTIVE,208864600.0,6,1.0,INSUFFICIENT_EVIDENCE,EASY,True
BT-000584,TND-000148,BID-000269,2026-08-21,SUBMITTED,ACTIVE,206446300.0,5,0.833,INSUFFICIENT_EVIDENCE,EASY,True
BT-000585,TND-000148,BID-001423,2026-08-21,SUBMITTED,ACTIVE,239211000.0,6,1.0,MISSING_DOCUMENT,EASY,True
BT-000586,TND-000148,BID-001829,2026-08-21,SUBMITTED,ACTIVE,245967100.0,4,0.667,MISSING_DOCUMENT,EASY,True
BT-000587,TND-000148,BID-001664,2026-08-21,SUBMITTED,ACTIVE,235172600.0,4,0.667,MISSING_DOCUMENT,EASY,True
BT-000588,TND-000149,BID-001447,2025-06-07,SUBMITTED,ACTIVE,34829000.0,6,1.0,FULLY_COMPLIANT,EASY,True
BT-000589,TND-000149,BID-000826,2025-06-07,SUBMITTED,ACTIVE,32919500.0,1,0.167,MISSING_DOCUMENT,EASY,True
BT-000590,TND-000149,BID-001829,2025-06-07,SUBMITTED,ACTIVE,37524000.0,6,1.0,FULLY_COMPLIANT,EASY,True
BT-000591,TND-000149,BID-000946,2025-06-07,SUBMITTED,ACTIVE,28285300.0,5,0.833,EXPIRED_DOCUMENT,EASY,True
BT-000592,TND-000149,BID-001760,2025-06-07,SUBMITTED,ACTIVE,35684600.0,5,0.833,INSUFFICIENT_EVIDENCE,EASY,True
BT-000593,TND-000150,BID-000643,2025-12-05,SUBMITTED,ACTIVE,95805200.0,6,1.0,INCONSISTENT_DOCUMENT,EASY,True
BT-000594,TND-000150,BID-001825,2025-12-05,SUBMITTED,ACTIVE,98024500.0,6,1.0,FULLY_COMPLIANT,EASY,True
BT-000595,TND-000150,BID-000155,2025-12-05,SUBMITTED,ACTIVE,98201200.0,5,0.833,FULLY_COMPLIANT,EASY,True
BT-000596,TND-000150,BID-000066,2025-12-05,SUBMITTED,ACTIVE,96198600.0,6,1.0,FULLY_COMPLIANT,EASY,True
BT-000597,TND-000151,BID-001177,2026-05-31,SUBMITTED,ACTIVE,103775700.0,7,1.0,FULLY_COMPLIANT,EASY,True
BT-000598,TND-000151,BID-000655,2026-05-31,SUBMITTED,ACTIVE,109343900.0,7,1.0,PARTIAL_COMPLIANCE,EASY,True
BT-000599,TND-000151,BID-001617,2026-05-31,SUBMITTED,ACTIVE,88177400.0,6,0.857,MINOR_ISSUES,EASY,True
BT-000600,TND-000151,BID-000181,2026-05-31,SUBMITTED,ACTIVE,91358500.0,7,1.0,MINOR_ISSUES,EASY,True
BT-000601,TND-000151,BID-000272,2026-05-31,SUBMITTED,ACTIVE,95930600.0,6,0.857,PARTIAL_COMPLIANCE,EASY,True
BT-000602,TND-000152,BID-001826,2026-08-10,SUBMITTED,ACTIVE,231673500.0,5,0.714,FULLY_COMPLIANT,EASY,True
BT-000603,TND-000152,BID-000132,2026-08-10,SUBMITTED,ACTIVE,229150500.0,7,1.0,EXPIRED_DOCUMENT,EASY,True
BT-000604,TND-000152,BID-001090,2026-08-10,SUBMITTED,ACTIVE,216612200.0,7,1.0,FULLY_COMPLIANT,EASY,True
BT-000605,TND-000152,BID-000287,2026-08-10,SUBMITTED,ACTIVE,248191600.0,7,1.0,INCONSISTENT_DOCUMENT,EASY,True
BT-000606,TND-000152,BID-000586,2026-08-10,SUBMITTED,ACTIVE,210573300.0,6,0.857,MINOR_ISSUES,EASY,True
BT-000607,TND-000153,BID-001697,2025-10-06,SUBMITTED,ACTIVE,118368400.0,5,0.833,FULLY_COMPLIANT,EASY,True
BT-000608,TND-000153,BID-000071,2025-10-06,SUBMITTED,ACTIVE,109156100.0,6,1.0,INSUFFICIENT_EVIDENCE,EASY,True
BT-000609,TND-000153,BID-000194,2025-10-06,SUBMITTED,ACTIVE,104938900.0,6,1.0,FULLY_COMPLIANT,EASY,True
BT-000610,TND-000153,BID-001866,2025-10-06,SUBMITTED,ACTIVE,100405200.0,6,1.0,PARTIAL_COMPLIANCE,EASY,True
BT-000611,TND-000153,BID-000364,2025-10-06,SUBMITTED,ACTIVE,95019500.0,5,0.833,MINOR_ISSUES,EASY,True
BT-000620,TND-000156,BID-001517,2026-06-09,SUBMITTED,ACTIVE,117710400.0,5,0.833,PARTIAL_COMPLIANCE,HARD,True
BT-000621,TND-000156,BID-001506,2026-06-09,SUBMITTED,ACTIVE,104636500.0,6,1.0,FULLY_COMPLIANT,HARD,True
BT-000622,TND-000156,BID-001089,2026-06-09,SUBMITTED,ACTIVE,110646900.0,6,1.0,MINOR_ISSUES,HARD,True
BT-000623,TND-000156,BID-000968,2026-06-09,SUBMITTED,ACTIVE,133194500.0,5,0.833,FULLY_COMPLIANT,HARD,True
BT-000624,TND-000156,BID-000541,2026-06-09,SUBMITTED,ACTIVE,108742000.0,6,1.0,MINOR_ISSUES,HARD,True
BT-000625,TND-000157,BID-001874,2026-07-27,SUBMITTED,ACTIVE,221480700.0,5,0.714,HARD_AMBIGUOUS_CASE,EASY,True
BT-000626,TND-000157,BID-001196,2026-07-27,SUBMITTED,ACTIVE,198642700.0,6,0.857,MINOR_ISSUES,EASY,True
BT-000627,TND-000157,BID-000788,2026-07-27,SUBMITTED,ACTIVE,182207400.0,6,0.857,FULLY_COMPLIANT,EASY,True
BT-000637,TND-000160,BID-000047,2026-02-28,SUBMITTED,ACTIVE,101582400.0,6,0.857,EXPIRED_DOCUMENT,MEDIUM,True
BT-000638,TND-000160,BID-001801,2026-02-28,SUBMITTED,ACTIVE,92413500.0,7,1.0,FULLY_COMPLIANT,MEDIUM,True
BT-000639,TND-000160,BID-000042,2026-02-28,SUBMITTED,ACTIVE,116608200.0,7,1.0,PARTIAL_COMPLIANCE,MEDIUM,True
BT-000640,TND-000160,BID-000021,2026-02-28,SUBMITTED,ACTIVE,112882500.0,7,1.0,FULLY_COMPLIANT,MEDIUM,True
BT-000641,TND-000160,BID-001393,2026-02-28,SUBMITTED,ACTIVE,101110100.0,5,0.714,FULLY_COMPLIANT,MEDIUM,True
BT-000656,TND-000164,BID-001906,2026-02-15,SUBMITTED,ACTIVE,188031000.0,4,0.571,FULLY_COMPLIANT,EASY,True
BT-000657,TND-000164,BID-000484,2026-02-15,SUBMITTED,ACTIVE,229730000.0,2,0.286,MISSING_DOCUMENT,EASY,True
BT-000658,TND-000164,BID-000072,2026-02-15,SUBMITTED,ACTIVE,199486900.0,6,0.857,MINOR_ISSUES,EASY,True
BT-000659,TND-000164,BID-001207,2026-02-15,SUBMITTED,ACTIVE,222676300.0,6,0.857,FULLY_COMPLIANT,EASY,True
BT-000660,TND-000164,BID-000020,2026-02-15,SUBMITTED,ACTIVE,228557000.0,6,0.857,FULLY_COMPLIANT,EASY,True
BT-000661,TND-000165,BID-001035,2025-04-06,SUBMITTED,ACTIVE,54145000.0,6,1.0,INVALID_DOCUMENT,EASY,True
BT-000662,TND-000165,BID-000854,2025-04-06,SUBMITTED,ACTIVE,59719800.0,6,1.0,INSUFFICIENT_EVIDENCE,EASY,True
BT-000663,TND-000165,BID-000283,2025-04-06,SUBMITTED,ACTIVE,72411300.0,5,0.833,INCONSISTENT_DOCUMENT,EASY,True
BT-000664,TND-000166,BID-000783,2026-03-01,SUBMITTED,ACTIVE,165805400.0,6,1.0,INSUFFICIENT_EVIDENCE,EASY,True
BT-000665,TND-000166,BID-001911,2026-03-01,SUBMITTED,ACTIVE,158033200.0,6,1.0,FULLY_COMPLIANT,EASY,True
BT-000666,TND-000166,BID-000870,2026-03-01,SUBMITTED,ACTIVE,175498800.0,6,1.0,FULLY_COMPLIANT,EASY,True
BT-000672,TND-000168,BID-001867,2025-03-29,SUBMITTED,ACTIVE,105314600.0,6,1.0,FULLY_COMPLIANT,HARD,True
BT-000673,TND-000168,BID-000027,2025-03-29,SUBMITTED,ACTIVE,115540500.0,6,1.0,FULLY_COMPLIANT,HARD,True
BT-000674,TND-000168,BID-000870,2025-03-29,SUBMITTED,ACTIVE,98276600.0,6,1.0,FULLY_COMPLIANT,HARD,True
BT-000675,TND-000169,BID-000424,2026-03-06,SUBMITTED,ACTIVE,176705800.0,6,0.857,PARTIAL_COMPLIANCE,MEDIUM,True
BT-000676,TND-000169,BID-000477,2026-03-06,SUBMITTED,ACTIVE,167027500.0,7,1.0,EXPIRED_DOCUMENT,MEDIUM,True
BT-000677,TND-000169,BID-000817,2026-03-06,SUBMITTED,ACTIVE,167589800.0,6,0.857,FULLY_COMPLIANT,MEDIUM,True
BT-000678,TND-000170,BID-000269,2025-07-13,SUBMITTED,ACTIVE,135416400.0,5,0.833,FULLY_COMPLIANT,EASY,True
BT-000679,TND-000170,BID-000550,2025-07-13,SUBMITTED,ACTIVE,99641700.0,6,1.0,PARTIAL_COMPLIANCE,EASY,True
BT-000680,TND-000170,BID-001975,2025-07-13,SUBMITTED,ACTIVE,114210300.0,6,1.0,MINOR_ISSUES,EASY,True
BT-000681,TND-000170,BID-000445,2025-07-13,SUBMITTED,ACTIVE,126115700.0,5,0.833,HARD_AMBIGUOUS_CASE,EASY,True
BT-000682,TND-000171,BID-001279,2025-04-02,SUBMITTED,ACTIVE,45384300.0,7,1.0,FULLY_COMPLIANT,MEDIUM,True
BT-000683,TND-000171,BID-000786,2025-04-02,SUBMITTED,ACTIVE,41239300.0,7,1.0,HARD_AMBIGUOUS_CASE,MEDIUM,True
BT-000684,TND-000171,BID-000919,2025-04-02,SUBMITTED,ACTIVE,45540600.0,6,0.857,INSUFFICIENT_EVIDENCE,MEDIUM,True
BT-000685,TND-000171,BID-000143,2025-04-02,SUBMITTED,ACTIVE,49939800.0,7,1.0,FULLY_COMPLIANT,MEDIUM,True
BT-000691,TND-000173,BID-001801,2025-11-28,SUBMITTED,ACTIVE,213808200.0,7,1.0,INCONSISTENT_DOCUMENT,EASY,True
BT-000692,TND-000173,BID-000510,2025-11-28,SUBMITTED,ACTIVE,263630500.0,7,1.0,FULLY_COMPLIANT,EASY,True
BT-000693,TND-000173,BID-001230,2025-11-28,SUBMITTED,ACTIVE,206196900.0,7,1.0,INSUFFICIENT_EVIDENCE,EASY,True
BT-000694,TND-000173,BID-001956,2025-11-28,SUBMITTED,ACTIVE,253455400.0,7,1.0,FULLY_COMPLIANT,EASY,True
BT-000700,TND-000175,BID-000727,2025-07-04,SUBMITTED,ACTIVE,232187300.0,5,0.833,FULLY_COMPLIANT,MEDIUM,True
BT-000701,TND-000175,BID-001283,2025-07-04,SUBMITTED,ACTIVE,232279000.0,6,1.0,FULLY_COMPLIANT,MEDIUM,True
BT-000702,TND-000175,BID-000100,2025-07-04,SUBMITTED,ACTIVE,180905600.0,6,1.0,FULLY_COMPLIANT,MEDIUM,True
BT-000703,TND-000176,BID-001045,2025-07-27,SUBMITTED,ACTIVE,107266100.0,6,1.0,INSUFFICIENT_EVIDENCE,EASY,True
BT-000704,TND-000176,BID-000761,2025-07-27,SUBMITTED,ACTIVE,105852600.0,4,0.667,PARTIAL_COMPLIANCE,EASY,True
BT-000705,TND-000176,BID-001918,2025-07-27,SUBMITTED,ACTIVE,106774600.0,6,1.0,HARD_AMBIGUOUS_CASE,EASY,True
BT-000706,TND-000176,BID-001833,2025-07-27,SUBMITTED,ACTIVE,100086500.0,6,1.0,FULLY_COMPLIANT,EASY,True
BT-000707,TND-000176,BID-001415,2025-07-27,SUBMITTED,ACTIVE,86993900.0,6,1.0,FULLY_COMPLIANT,EASY,True
BT-000708,TND-000177,BID-001243,2026-09-07,SUBMITTED,ACTIVE,30306500.0,6,1.0,FULLY_COMPLIANT,EASY,True
BT-000709,TND-000177,BID-000579,2026-09-07,SUBMITTED,ACTIVE,32262100.0,6,1.0,FULLY_COMPLIANT,EASY,True
BT-000710,TND-000177,BID-000480,2026-09-07,SUBMITTED,ACTIVE,31691400.0,6,1.0,EXPIRED_DOCUMENT,EASY,True
BT-000714,TND-000179,BID-001523,2025-03-07,SUBMITTED,ACTIVE,221764900.0,5,0.833,INCONSISTENT_DOCUMENT,MEDIUM,True
BT-000715,TND-000179,BID-000678,2025-03-07,SUBMITTED,ACTIVE,218019800.0,6,1.0,PARTIAL_COMPLIANCE,MEDIUM,True
BT-000716,TND-000179,BID-000090,2025-03-07,SUBMITTED,ACTIVE,202682100.0,6,1.0,MINOR_ISSUES,MEDIUM,True
BT-000717,TND-000179,BID-001442,2025-03-07,SUBMITTED,ACTIVE,222951700.0,5,0.833,FULLY_COMPLIANT,MEDIUM,True
BT-000718,TND-000179,BID-000800,2025-03-07,SUBMITTED,ACTIVE,179989200.0,5,0.833,INSUFFICIENT_EVIDENCE,MEDIUM,True
BT-000723,TND-000181,BID-001605,2026-08-23,SUBMITTED,ACTIVE,204656200.0,6,1.0,MINOR_ISSUES,EASY,True
BT-000724,TND-000181,BID-001312,2026-08-23,SUBMITTED,ACTIVE,223060400.0,6,1.0,PARTIAL_COMPLIANCE,EASY,True
BT-000725,TND-000181,BID-000546,2026-08-23,SUBMITTED,ACTIVE,182709800.0,6,1.0,FULLY_COMPLIANT,EASY,True
BT-000726,TND-000181,BID-000288,2026-08-23,SUBMITTED,ACTIVE,228174500.0,5,0.833,FULLY_COMPLIANT,EASY,True
BT-000727,TND-000181,BID-000849,2026-08-23,SUBMITTED,ACTIVE,180038900.0,6,1.0,FULLY_COMPLIANT,EASY,True
BT-000732,TND-000183,BID-001287,2025-10-21,SUBMITTED,ACTIVE,48563400.0,6,0.857,FULLY_COMPLIANT,HARD,True
BT-000733,TND-000183,BID-001886,2025-10-21,SUBMITTED,ACTIVE,39483100.0,6,0.857,FULLY_COMPLIANT,HARD,True
BT-000734,TND-000183,BID-000228,2025-10-21,SUBMITTED,ACTIVE,44476000.0,6,0.857,FULLY_COMPLIANT,HARD,True
BT-000735,TND-000184,BID-001526,2025-09-08,SUBMITTED,ACTIVE,239802500.0,6,1.0,FULLY_COMPLIANT,EASY,True
BT-000736,TND-000184,BID-001523,2025-09-08,SUBMITTED,ACTIVE,207033600.0,5,0.833,FULLY_COMPLIANT,EASY,True
BT-000737,TND-000184,BID-000898,2025-09-08,SUBMITTED,ACTIVE,276235100.0,6,1.0,FULLY_COMPLIANT,EASY,True
BT-000738,TND-000184,BID-000852,2025-09-08,SUBMITTED,ACTIVE,233359800.0,5,0.833,EXPIRED_DOCUMENT,EASY,True
BT-000739,TND-000185,BID-001311,2026-04-27,SUBMITTED,ACTIVE,11807000.0,6,1.0,INVALID_DOCUMENT,HARD,True
BT-000740,TND-000185,BID-000797,2026-04-27,SUBMITTED,ACTIVE,11628200.0,5,0.833,FULLY_COMPLIANT,HARD,True
BT-000741,TND-000185,BID-000583,2026-04-27,SUBMITTED,ACTIVE,13292400.0,2,0.333,MISSING_DOCUMENT,HARD,True
BT-000742,TND-000185,BID-001339,2026-04-27,SUBMITTED,ACTIVE,14111600.0,6,1.0,FULLY_COMPLIANT,HARD,True
BT-000743,TND-000185,BID-001291,2026-04-27,SUBMITTED,ACTIVE,11385400.0,4,0.667,MISSING_DOCUMENT,HARD,True
BT-000748,TND-000187,BID-000836,2025-03-17,SUBMITTED,ACTIVE,227274300.0,5,0.833,INVALID_DOCUMENT,HARD,True
BT-000749,TND-000187,BID-001030,2025-03-17,SUBMITTED,ACTIVE,255386100.0,5,0.833,INSUFFICIENT_EVIDENCE,HARD,True
BT-000750,TND-000187,BID-000870,2025-03-17,SUBMITTED,ACTIVE,225774300.0,6,1.0,FULLY_COMPLIANT,HARD,True
BT-000751,TND-000188,BID-000990,2025-12-28,SUBMITTED,ACTIVE,28746300.0,7,1.0,PARTIAL_COMPLIANCE,HARD,True
BT-000752,TND-000188,BID-002000,2025-12-28,SUBMITTED,ACTIVE,24158900.0,7,1.0,FULLY_COMPLIANT,HARD,True
BT-000753,TND-000188,BID-001441,2025-12-28,SUBMITTED,ACTIVE,25249000.0,6,0.857,INCONSISTENT_DOCUMENT,HARD,True
BT-000754,TND-000188,BID-001024,2025-12-28,SUBMITTED,ACTIVE,31369200.0,7,1.0,INSUFFICIENT_EVIDENCE,HARD,True
BT-000755,TND-000188,BID-001985,2025-12-28,SUBMITTED,ACTIVE,31457000.0,7,1.0,FULLY_COMPLIANT,HARD,True
BT-000761,TND-000190,BID-000743,2025-05-11,SUBMITTED,ACTIVE,160082300.0,6,1.0,MINOR_ISSUES,MEDIUM,True
BT-000762,TND-000190,BID-001887,2025-05-11,SUBMITTED,ACTIVE,180976000.0,5,0.833,FULLY_COMPLIANT,MEDIUM,True
BT-000763,TND-000190,BID-001536,2025-05-11,SUBMITTED,ACTIVE,180726700.0,6,1.0,PARTIAL_COMPLIANCE,MEDIUM,True
BT-000764,TND-000190,BID-000797,2025-05-11,SUBMITTED,ACTIVE,146462400.0,5,0.833,INCONSISTENT_DOCUMENT,MEDIUM,True
BT-000777,TND-000194,BID-001993,2025-04-08,SUBMITTED,ACTIVE,92407800.0,5,0.833,FULLY_COMPLIANT,EASY,True
BT-000778,TND-000194,BID-000478,2025-04-08,SUBMITTED,ACTIVE,96460300.0,5,0.833,PARTIAL_COMPLIANCE,EASY,True
BT-000779,TND-000194,BID-000970,2025-04-08,SUBMITTED,ACTIVE,74448600.0,5,0.833,FULLY_COMPLIANT,EASY,True
BT-000780,TND-000195,BID-001325,2026-03-27,SUBMITTED,ACTIVE,56231700.0,6,1.0,EXPIRED_DOCUMENT,MEDIUM,True
BT-000781,TND-000195,BID-000884,2026-03-27,SUBMITTED,ACTIVE,47439900.0,5,0.833,INVALID_DOCUMENT,MEDIUM,True
BT-000782,TND-000195,BID-000735,2026-03-27,SUBMITTED,ACTIVE,50871500.0,5,0.833,FULLY_COMPLIANT,MEDIUM,True
BT-000783,TND-000196,BID-000505,2026-07-06,SUBMITTED,ACTIVE,167537200.0,6,0.857,HARD_AMBIGUOUS_CASE,MEDIUM,True
BT-000784,TND-000196,BID-001531,2026-07-06,SUBMITTED,ACTIVE,173328700.0,7,1.0,FULLY_COMPLIANT,MEDIUM,True
BT-000785,TND-000196,BID-000151,2026-07-06,SUBMITTED,ACTIVE,192205400.0,7,1.0,INSUFFICIENT_EVIDENCE,MEDIUM,True
BT-000795,TND-000199,BID-001808,2025-07-28,SUBMITTED,ACTIVE,111418000.0,6,1.0,FULLY_COMPLIANT,MEDIUM,True
BT-000796,TND-000199,BID-000696,2025-07-28,SUBMITTED,ACTIVE,108328500.0,5,0.833,FULLY_COMPLIANT,MEDIUM,True
BT-000797,TND-000199,BID-000999,2025-07-28,SUBMITTED,ACTIVE,101283500.0,6,1.0,INSUFFICIENT_EVIDENCE,MEDIUM,True
BT-000798,TND-000199,BID-001567,2025-07-28,SUBMITTED,ACTIVE,93958300.0,5,0.833,FULLY_COMPLIANT,MEDIUM,True
BT-000799,TND-000200,BID-001265,2026-07-09,SUBMITTED,ACTIVE,140547400.0,5,0.833,FULLY_COMPLIANT,MEDIUM,True
BT-000800,TND-000200,BID-000588,2026-07-09,SUBMITTED,ACTIVE,124851900.0,6,1.0,MINOR_ISSUES,MEDIUM,True
BT-000801,TND-000200,BID-001603,2026-07-09,SUBMITTED,ACTIVE,142865000.0,6,1.0,EXPIRED_DOCUMENT,MEDIUM,True
BT-000802,TND-000200,BID-001010,2026-07-09,SUBMITTED,ACTIVE,141767000.0,5,0.833,INVALID_DOCUMENT,MEDIUM,True
BT-000803,TND-000201,BID-001213,2026-03-21,SUBMITTED,ACTIVE,78245100.0,6,1.0,EXPIRED_DOCUMENT,MEDIUM,True
BT-000804,TND-000201,BID-001341,2026-03-21,SUBMITTED,ACTIVE,88629100.0,6,1.0,FULLY_COMPLIANT,MEDIUM,True
BT-000805,TND-000201,BID-000316,2026-03-21,SUBMITTED,ACTIVE,92598300.0,6,1.0,INVALID_DOCUMENT,MEDIUM,True
BT-000806,TND-000201,BID-001604,2026-03-21,SUBMITTED,ACTIVE,87273900.0,6,1.0,INSUFFICIENT_EVIDENCE,MEDIUM,True
BT-000807,TND-000201,BID-001995,2026-03-21,SUBMITTED,ACTIVE,85536300.0,6,1.0,PARTIAL_COMPLIANCE,MEDIUM,True
BT-000808,TND-000202,BID-000968,2026-10-20,SUBMITTED,ACTIVE,241222100.0,4,0.667,FULLY_COMPLIANT,HARD,True
BT-000809,TND-000202,BID-001920,2026-10-20,SUBMITTED,ACTIVE,210760000.0,6,1.0,FULLY_COMPLIANT,HARD,True
BT-000810,TND-000202,BID-000642,2026-10-20,SUBMITTED,ACTIVE,208530700.0,5,0.833,MINOR_ISSUES,HARD,True
BT-000811,TND-000203,BID-001261,2025-10-14,SUBMITTED,ACTIVE,71852500.0,6,1.0,EXPIRED_DOCUMENT,HARD,True
BT-000812,TND-000203,BID-000365,2025-10-14,SUBMITTED,ACTIVE,68624600.0,6,1.0,EXPIRED_DOCUMENT,HARD,True
BT-000813,TND-000203,BID-000696,2025-10-14,SUBMITTED,ACTIVE,65373300.0,5,0.833,PARTIAL_COMPLIANCE,HARD,True
BT-000814,TND-000203,BID-000264,2025-10-14,SUBMITTED,ACTIVE,69770300.0,6,1.0,HARD_AMBIGUOUS_CASE,HARD,True
BT-000815,TND-000203,BID-000532,2025-10-14,SUBMITTED,ACTIVE,68476000.0,6,1.0,FULLY_COMPLIANT,HARD,True
BT-000822,TND-000206,BID-001436,2025-08-21,SUBMITTED,ACTIVE,194417200.0,3,0.5,MISSING_DOCUMENT,HARD,True
BT-000823,TND-000206,BID-000135,2025-08-21,SUBMITTED,ACTIVE,193684100.0,2,0.333,MISSING_DOCUMENT,HARD,True
BT-000824,TND-000206,BID-000657,2025-08-21,SUBMITTED,ACTIVE,244699600.0,5,0.833,EXPIRED_DOCUMENT,HARD,True
BT-000828,TND-000208,BID-000300,2026-08-29,SUBMITTED,ACTIVE,171322500.0,6,1.0,PARTIAL_COMPLIANCE,MEDIUM,True
BT-000829,TND-000208,BID-000878,2026-08-29,SUBMITTED,ACTIVE,194202000.0,2,0.333,MISSING_DOCUMENT,MEDIUM,True
BT-000830,TND-000208,BID-000365,2026-08-29,SUBMITTED,ACTIVE,190073000.0,6,1.0,INVALID_DOCUMENT,MEDIUM,True
BT-000831,TND-000208,BID-000836,2026-08-29,SUBMITTED,ACTIVE,174676900.0,5,0.833,MINOR_ISSUES,MEDIUM,True
BT-000832,TND-000208,BID-001589,2026-08-29,SUBMITTED,ACTIVE,177363100.0,6,1.0,HARD_AMBIGUOUS_CASE,MEDIUM,True
BT-000833,TND-000209,BID-000297,2025-08-30,SUBMITTED,ACTIVE,73747600.0,7,1.0,PARTIAL_COMPLIANCE,EASY,True
BT-000834,TND-000209,BID-001847,2025-08-30,SUBMITTED,ACTIVE,61315000.0,6,0.857,FULLY_COMPLIANT,EASY,True
BT-000835,TND-000209,BID-001321,2025-08-30,SUBMITTED,ACTIVE,59010100.0,6,0.857,MINOR_ISSUES,EASY,True
BT-000836,TND-000209,BID-000940,2025-08-30,SUBMITTED,ACTIVE,57653500.0,6,0.857,MINOR_ISSUES,EASY,True
BT-000837,TND-000209,BID-000846,2025-08-30,SUBMITTED,ACTIVE,72158400.0,6,0.857,FULLY_COMPLIANT,EASY,True
BT-000838,TND-000210,BID-000739,2025-05-04,SUBMITTED,ACTIVE,103662200.0,7,1.0,PARTIAL_COMPLIANCE,MEDIUM,True
BT-000839,TND-000210,BID-000232,2025-05-04,SUBMITTED,ACTIVE,86165900.0,7,1.0,PARTIAL_COMPLIANCE,MEDIUM,True
BT-000840,TND-000210,BID-001869,2025-05-04,SUBMITTED,ACTIVE,95362600.0,6,0.857,INSUFFICIENT_EVIDENCE,MEDIUM,True
BT-000846,TND-000212,BID-001252,2025-02-10,SUBMITTED,ACTIVE,129621400.0,4,0.667,MINOR_ISSUES,MEDIUM,True
BT-000847,TND-000212,BID-001951,2025-02-10,SUBMITTED,ACTIVE,166294900.0,6,1.0,EXPIRED_DOCUMENT,MEDIUM,True
BT-000848,TND-000212,BID-001512,2025-02-10,SUBMITTED,ACTIVE,150069200.0,6,1.0,FULLY_COMPLIANT,MEDIUM,True
BT-000849,TND-000212,BID-001012,2025-02-10,SUBMITTED,ACTIVE,142789900.0,6,1.0,FULLY_COMPLIANT,MEDIUM,True
BT-000850,TND-000212,BID-001469,2025-02-10,SUBMITTED,ACTIVE,132392000.0,6,1.0,EXPIRED_DOCUMENT,MEDIUM,True
BT-000851,TND-000213,BID-000574,2026-09-13,SUBMITTED,ACTIVE,169374800.0,6,1.0,FULLY_COMPLIANT,EASY,True
BT-000852,TND-000213,BID-001808,2026-09-13,SUBMITTED,ACTIVE,142808700.0,6,1.0,INSUFFICIENT_EVIDENCE,EASY,True
BT-000853,TND-000213,BID-001265,2026-09-13,SUBMITTED,ACTIVE,153225300.0,5,0.833,FULLY_COMPLIANT,EASY,True
BT-000854,TND-000213,BID-001904,2026-09-13,SUBMITTED,ACTIVE,140504300.0,5,0.833,MINOR_ISSUES,EASY,True
BT-000859,TND-000215,BID-001536,2025-06-17,SUBMITTED,ACTIVE,2844100.0,5,0.833,HARD_AMBIGUOUS_CASE,HARD,True
BT-000860,TND-000215,BID-001611,2025-06-17,SUBMITTED,ACTIVE,3364800.0,5,0.833,FULLY_COMPLIANT,HARD,True
BT-000861,TND-000215,BID-000519,2025-06-17,SUBMITTED,ACTIVE,2628300.0,6,1.0,EXPIRED_DOCUMENT,HARD,True
BT-000862,TND-000215,BID-000238,2025-06-17,SUBMITTED,ACTIVE,3054200.0,5,0.833,EXPIRED_DOCUMENT,HARD,True
BT-000863,TND-000216,BID-001028,2026-07-06,SUBMITTED,ACTIVE,151602700.0,6,0.857,FULLY_COMPLIANT,MEDIUM,True
BT-000864,TND-000216,BID-000402,2026-07-06,SUBMITTED,ACTIVE,154077400.0,6,0.857,INCONSISTENT_DOCUMENT,MEDIUM,True
BT-000865,TND-000216,BID-000425,2026-07-06,SUBMITTED,ACTIVE,175891500.0,6,0.857,MINOR_ISSUES,MEDIUM,True
BT-000866,TND-000217,BID-000352,2025-04-30,SUBMITTED,ACTIVE,177324300.0,5,0.833,FULLY_COMPLIANT,EASY,True
BT-000867,TND-000217,BID-001711,2025-04-30,SUBMITTED,ACTIVE,175588300.0,5,0.833,HARD_AMBIGUOUS_CASE,EASY,True
BT-000868,TND-000217,BID-000876,2025-04-30,SUBMITTED,ACTIVE,163209500.0,5,0.833,MINOR_ISSUES,EASY,True
BT-000869,TND-000217,BID-001864,2025-04-30,SUBMITTED,ACTIVE,171494000.0,6,1.0,INSUFFICIENT_EVIDENCE,EASY,True
BT-000870,TND-000217,BID-001308,2025-04-30,SUBMITTED,ACTIVE,175472700.0,6,1.0,FULLY_COMPLIANT,EASY,True
BT-000875,TND-000219,BID-001406,2025-07-15,SUBMITTED,ACTIVE,86733400.0,6,1.0,PARTIAL_COMPLIANCE,MEDIUM,True
BT-000876,TND-000219,BID-001112,2025-07-15,SUBMITTED,ACTIVE,88941600.0,5,0.833,MINOR_ISSUES,MEDIUM,True
BT-000877,TND-000219,BID-000956,2025-07-15,SUBMITTED,ACTIVE,96025100.0,4,0.667,MISSING_DOCUMENT,MEDIUM,True
BT-000878,TND-000219,BID-001759,2025-07-15,SUBMITTED,ACTIVE,89502800.0,6,1.0,PARTIAL_COMPLIANCE,MEDIUM,True
BT-000879,TND-000220,BID-000595,2025-03-22,SUBMITTED,ACTIVE,102462300.0,6,1.0,PARTIAL_COMPLIANCE,EASY,True
BT-000880,TND-000220,BID-001195,2025-03-22,SUBMITTED,ACTIVE,96028500.0,6,1.0,MINOR_ISSUES,EASY,True
BT-000881,TND-000220,BID-001312,2025-03-22,SUBMITTED,ACTIVE,104159600.0,6,1.0,INSUFFICIENT_EVIDENCE,EASY,True
BT-000882,TND-000220,BID-001267,2025-03-22,SUBMITTED,ACTIVE,118036700.0,5,0.833,EXPIRED_DOCUMENT,EASY,True
BT-000883,TND-000220,BID-000179,2025-03-22,SUBMITTED,ACTIVE,100506800.0,5,0.833,FULLY_COMPLIANT,EASY,True
BT-000887,TND-000222,BID-001065,2025-04-18,SUBMITTED,ACTIVE,201197800.0,5,0.833,FULLY_COMPLIANT,HARD,True
BT-000888,TND-000222,BID-000594,2025-04-18,SUBMITTED,ACTIVE,162779500.0,6,1.0,EXPIRED_DOCUMENT,HARD,True
BT-000889,TND-000222,BID-001641,2025-04-18,SUBMITTED,ACTIVE,179860700.0,5,0.833,FULLY_COMPLIANT,HARD,True
BT-000890,TND-000222,BID-001767,2025-04-18,SUBMITTED,ACTIVE,156211000.0,5,0.833,MINOR_ISSUES,HARD,True
BT-000891,TND-000222,BID-000211,2025-04-18,SUBMITTED,ACTIVE,193710000.0,6,1.0,INCONSISTENT_DOCUMENT,HARD,True
BT-000892,TND-000223,BID-001875,2025-08-19,SUBMITTED,ACTIVE,93720900.0,5,0.833,FULLY_COMPLIANT,EASY,True
BT-000893,TND-000223,BID-000062,2025-08-19,SUBMITTED,ACTIVE,112414700.0,6,1.0,FULLY_COMPLIANT,EASY,True
BT-000894,TND-000223,BID-001825,2025-08-19,SUBMITTED,ACTIVE,96617500.0,5,0.833,MISSING_DOCUMENT,EASY,True
BT-000895,TND-000223,BID-001564,2025-08-19,SUBMITTED,ACTIVE,115038400.0,6,1.0,FULLY_COMPLIANT,EASY,True
BT-000896,TND-000224,BID-000288,2026-06-18,SUBMITTED,ACTIVE,137204400.0,4,0.667,INSUFFICIENT_EVIDENCE,EASY,True
BT-000897,TND-000224,BID-000327,2026-06-18,SUBMITTED,ACTIVE,174450100.0,6,1.0,FULLY_COMPLIANT,EASY,True
BT-000898,TND-000224,BID-001842,2026-06-18,SUBMITTED,ACTIVE,160632100.0,6,1.0,FULLY_COMPLIANT,EASY,True
BT-000899,TND-000224,BID-001335,2026-06-18,SUBMITTED,ACTIVE,146107700.0,6,1.0,INSUFFICIENT_EVIDENCE,EASY,True
BT-000900,TND-000225,BID-001814,2026-08-07,SUBMITTED,ACTIVE,87881000.0,3,0.429,MISSING_DOCUMENT,MEDIUM,True
BT-000901,TND-000225,BID-001077,2026-08-07,SUBMITTED,ACTIVE,95150000.0,6,0.857,EXPIRED_DOCUMENT,MEDIUM,True
BT-000902,TND-000225,BID-000745,2026-08-07,SUBMITTED,ACTIVE,102597100.0,7,1.0,INSUFFICIENT_EVIDENCE,MEDIUM,True
BT-000903,TND-000226,BID-001161,2026-02-28,SUBMITTED,ACTIVE,184623200.0,6,1.0,HARD_AMBIGUOUS_CASE,MEDIUM,True
BT-000904,TND-000226,BID-001452,2026-02-28,SUBMITTED,ACTIVE,170474000.0,6,1.0,HARD_AMBIGUOUS_CASE,MEDIUM,True
BT-000905,TND-000226,BID-001343,2026-02-28,SUBMITTED,ACTIVE,199204000.0,6,1.0,FULLY_COMPLIANT,MEDIUM,True
BT-000906,TND-000227,BID-001622,2026-01-02,SUBMITTED,ACTIVE,159153900.0,6,1.0,FULLY_COMPLIANT,EASY,True
BT-000907,TND-000227,BID-001688,2026-01-02,SUBMITTED,ACTIVE,152634400.0,6,1.0,MINOR_ISSUES,EASY,True
BT-000908,TND-000227,BID-001664,2026-01-02,SUBMITTED,ACTIVE,182232300.0,5,0.833,INCONSISTENT_DOCUMENT,EASY,True
BT-000909,TND-000227,BID-000278,2026-01-02,SUBMITTED,ACTIVE,178871100.0,4,0.667,FULLY_COMPLIANT,EASY,True
BT-000910,TND-000227,BID-001546,2026-01-02,SUBMITTED,ACTIVE,186967500.0,6,1.0,MINOR_ISSUES,EASY,True
BT-000911,TND-000228,BID-000698,2025-10-28,SUBMITTED,ACTIVE,160849800.0,6,1.0,INVALID_DOCUMENT,EASY,True
BT-000912,TND-000228,BID-000932,2025-10-28,SUBMITTED,ACTIVE,173018600.0,5,0.833,PARTIAL_COMPLIANCE,EASY,True
BT-000913,TND-000228,BID-001143,2025-10-28,SUBMITTED,ACTIVE,186050800.0,6,1.0,PARTIAL_COMPLIANCE,EASY,True
BT-000914,TND-000228,BID-001701,2025-10-28,SUBMITTED,ACTIVE,181256700.0,5,0.833,INVALID_DOCUMENT,EASY,True
BT-000915,TND-000229,BID-000609,2026-04-11,SUBMITTED,ACTIVE,241216000.0,5,0.833,INSUFFICIENT_EVIDENCE,EASY,True
BT-000916,TND-000229,BID-000561,2026-04-11,SUBMITTED,ACTIVE,250167800.0,6,1.0,INVALID_DOCUMENT,EASY,True
BT-000917,TND-000229,BID-001870,2026-04-11,SUBMITTED,ACTIVE,196092500.0,6,1.0,FULLY_COMPLIANT,EASY,True
BT-000918,TND-000229,BID-001548,2026-04-11,SUBMITTED,ACTIVE,235521700.0,6,1.0,PARTIAL_COMPLIANCE,EASY,True
BT-000919,TND-000229,BID-000808,2026-04-11,SUBMITTED,ACTIVE,223578500.0,6,1.0,INSUFFICIENT_EVIDENCE,EASY,True
BT-000920,TND-000230,BID-001149,2025-04-13,SUBMITTED,ACTIVE,247275500.0,7,1.0,INSUFFICIENT_EVIDENCE,MEDIUM,True
BT-000921,TND-000230,BID-001790,2025-04-13,SUBMITTED,ACTIVE,224162200.0,7,1.0,PARTIAL_COMPLIANCE,MEDIUM,True
BT-000922,TND-000230,BID-000940,2025-04-13,SUBMITTED,ACTIVE,265285000.0,7,1.0,FULLY_COMPLIANT,MEDIUM,True
BT-000923,TND-000230,BID-000585,2025-04-13,SUBMITTED,ACTIVE,208798800.0,6,0.857,FULLY_COMPLIANT,MEDIUM,True
BT-000924,TND-000231,BID-000963,2025-11-04,SUBMITTED,ACTIVE,56078100.0,6,1.0,FULLY_COMPLIANT,MEDIUM,True
BT-000925,TND-000231,BID-001725,2025-11-04,SUBMITTED,ACTIVE,62276100.0,5,0.833,INCONSISTENT_DOCUMENT,MEDIUM,True
BT-000926,TND-000231,BID-001213,2025-11-04,SUBMITTED,ACTIVE,53725500.0,6,1.0,FULLY_COMPLIANT,MEDIUM,True
BT-000927,TND-000232,BID-001326,2025-07-05,SUBMITTED,ACTIVE,29968500.0,6,1.0,INSUFFICIENT_EVIDENCE,MEDIUM,True
BT-000928,TND-000232,BID-000507,2025-07-05,SUBMITTED,ACTIVE,25699200.0,6,1.0,FULLY_COMPLIANT,MEDIUM,True
BT-000929,TND-000232,BID-000805,2025-07-05,SUBMITTED,ACTIVE,30436000.0,6,1.0,FULLY_COMPLIANT,MEDIUM,True
BT-000930,TND-000232,BID-001632,2025-07-05,SUBMITTED,ACTIVE,26844700.0,6,1.0,INSUFFICIENT_EVIDENCE,MEDIUM,True
BT-000931,TND-000233,BID-000774,2025-10-15,SUBMITTED,ACTIVE,256922200.0,7,1.0,FULLY_COMPLIANT,MEDIUM,True
BT-000932,TND-000233,BID-001210,2025-10-15,SUBMITTED,ACTIVE,194762700.0,5,0.714,PARTIAL_COMPLIANCE,MEDIUM,True
BT-000933,TND-000233,BID-000324,2025-10-15,SUBMITTED,ACTIVE,247620300.0,6,0.857,FULLY_COMPLIANT,MEDIUM,True
BT-000934,TND-000234,BID-001856,2025-08-24,SUBMITTED,ACTIVE,163465000.0,7,1.0,MINOR_ISSUES,EASY,True
BT-000935,TND-000234,BID-000005,2025-08-24,SUBMITTED,ACTIVE,135934100.0,5,0.714,FULLY_COMPLIANT,EASY,True
BT-000936,TND-000234,BID-001120,2025-08-24,SUBMITTED,ACTIVE,171087100.0,6,0.857,HARD_AMBIGUOUS_CASE,EASY,True
BT-000937,TND-000234,BID-000213,2025-08-24,SUBMITTED,ACTIVE,178549900.0,7,1.0,MINOR_ISSUES,EASY,True
BT-000938,TND-000235,BID-000730,2026-07-09,SUBMITTED,ACTIVE,29634800.0,5,0.833,FULLY_COMPLIANT,MEDIUM,True
BT-000939,TND-000235,BID-001588,2026-07-09,SUBMITTED,ACTIVE,26484300.0,5,0.833,INCONSISTENT_DOCUMENT,MEDIUM,True
BT-000940,TND-000235,BID-001038,2026-07-09,SUBMITTED,ACTIVE,30406600.0,6,1.0,EXPIRED_DOCUMENT,MEDIUM,True
BT-000941,TND-000235,BID-001887,2026-07-09,SUBMITTED,ACTIVE,24267800.0,6,1.0,FULLY_COMPLIANT,MEDIUM,True
BT-000942,TND-000235,BID-000211,2026-07-09,SUBMITTED,ACTIVE,25240500.0,6,1.0,HARD_AMBIGUOUS_CASE,MEDIUM,True
BT-000943,TND-000236,BID-001106,2026-09-11,SUBMITTED,ACTIVE,23913500.0,6,1.0,INSUFFICIENT_EVIDENCE,MEDIUM,True
BT-000944,TND-000236,BID-000882,2026-09-11,SUBMITTED,ACTIVE,25932400.0,5,0.833,FULLY_COMPLIANT,MEDIUM,True
BT-000945,TND-000236,BID-000246,2026-09-11,SUBMITTED,ACTIVE,21478600.0,6,1.0,INSUFFICIENT_EVIDENCE,MEDIUM,True
BT-000946,TND-000237,BID-000214,2025-10-15,SUBMITTED,ACTIVE,82415600.0,6,0.857,EXPIRED_DOCUMENT,MEDIUM,True
BT-000947,TND-000237,BID-001838,2025-10-15,SUBMITTED,ACTIVE,77174200.0,7,1.0,PARTIAL_COMPLIANCE,MEDIUM,True
BT-000948,TND-000237,BID-001490,2025-10-15,SUBMITTED,ACTIVE,78137100.0,6,0.857,PARTIAL_COMPLIANCE,MEDIUM,True
BT-000949,TND-000237,BID-001437,2025-10-15,SUBMITTED,ACTIVE,84883100.0,7,1.0,FULLY_COMPLIANT,MEDIUM,True
BT-000950,TND-000237,BID-000872,2025-10-15,SUBMITTED,ACTIVE,84447900.0,7,1.0,MINOR_ISSUES,MEDIUM,True
BT-000951,TND-000238,BID-001847,2026-07-09,SUBMITTED,ACTIVE,170274300.0,6,0.857,FULLY_COMPLIANT,EASY,True
BT-000952,TND-000238,BID-000872,2026-07-09,SUBMITTED,ACTIVE,224443200.0,7,1.0,INSUFFICIENT_EVIDENCE,EASY,True
BT-000953,TND-000238,BID-001206,2026-07-09,SUBMITTED,ACTIVE,170689600.0,6,0.857,FULLY_COMPLIANT,EASY,True
BT-000954,TND-000238,BID-001085,2026-07-09,SUBMITTED,ACTIVE,173712000.0,6,0.857,PARTIAL_COMPLIANCE,EASY,True
BT-000955,TND-000238,BID-000456,2026-07-09,SUBMITTED,ACTIVE,170683500.0,6,0.857,FULLY_COMPLIANT,EASY,True
BT-000956,TND-000239,BID-001585,2026-02-05,SUBMITTED,ACTIVE,25908400.0,6,1.0,FULLY_COMPLIANT,EASY,True
BT-000957,TND-000239,BID-000419,2026-02-05,SUBMITTED,ACTIVE,24621100.0,6,1.0,INSUFFICIENT_EVIDENCE,EASY,True
BT-000958,TND-000239,BID-001811,2026-02-05,SUBMITTED,ACTIVE,22062800.0,6,1.0,INVALID_DOCUMENT,EASY,True
BT-000959,TND-000240,BID-001934,2026-03-06,SUBMITTED,ACTIVE,36877800.0,5,0.833,INSUFFICIENT_EVIDENCE,EASY,True
BT-000960,TND-000240,BID-001071,2026-03-06,SUBMITTED,ACTIVE,35132000.0,6,1.0,FULLY_COMPLIANT,EASY,True
BT-000961,TND-000240,BID-000684,2026-03-06,SUBMITTED,ACTIVE,44407300.0,6,1.0,INSUFFICIENT_EVIDENCE,EASY,True
BT-000962,TND-000240,BID-001668,2026-03-06,SUBMITTED,ACTIVE,34964000.0,6,1.0,PARTIAL_COMPLIANCE,EASY,True
BT-000963,TND-000240,BID-000908,2026-03-06,SUBMITTED,ACTIVE,34741900.0,6,1.0,INSUFFICIENT_EVIDENCE,EASY,True
BT-000964,TND-000241,BID-000790,2026-01-05,SUBMITTED,ACTIVE,47422000.0,6,1.0,FULLY_COMPLIANT,MEDIUM,True
BT-000965,TND-000241,BID-000937,2026-01-05,SUBMITTED,ACTIVE,51120100.0,5,0.833,INSUFFICIENT_EVIDENCE,MEDIUM,True
BT-000966,TND-000241,BID-001308,2026-01-05,SUBMITTED,ACTIVE,62252300.0,5,0.833,INSUFFICIENT_EVIDENCE,MEDIUM,True
BT-000967,TND-000241,BID-000205,2026-01-05,SUBMITTED,ACTIVE,59196600.0,5,0.833,HARD_AMBIGUOUS_CASE,MEDIUM,True
BT-000968,TND-000242,BID-000912,2025-06-20,SUBMITTED,ACTIVE,228490100.0,7,1.0,INSUFFICIENT_EVIDENCE,MEDIUM,True
BT-000969,TND-000242,BID-001856,2025-06-20,SUBMITTED,ACTIVE,197288900.0,6,0.857,PARTIAL_COMPLIANCE,MEDIUM,True
BT-000970,TND-000242,BID-001488,2025-06-20,SUBMITTED,ACTIVE,194241700.0,6,0.857,FULLY_COMPLIANT,MEDIUM,True
BT-000975,TND-000244,BID-000468,2026-10-16,SUBMITTED,ACTIVE,140933600.0,6,0.857,PARTIAL_COMPLIANCE,MEDIUM,True
BT-000976,TND-000244,BID-000003,2026-10-16,SUBMITTED,ACTIVE,131552500.0,4,0.571,MISSING_DOCUMENT,MEDIUM,True
BT-000977,TND-000244,BID-001240,2026-10-16,SUBMITTED,ACTIVE,116529600.0,4,0.571,HARD_AMBIGUOUS_CASE,MEDIUM,True
BT-000978,TND-000244,BID-000708,2026-10-16,SUBMITTED,ACTIVE,133243100.0,7,1.0,MINOR_ISSUES,MEDIUM,True
BT-000979,TND-000244,BID-001945,2026-10-16,SUBMITTED,ACTIVE,127900800.0,7,1.0,INCONSISTENT_DOCUMENT,MEDIUM,True
BT-000990,TND-000247,BID-000857,2026-06-09,SUBMITTED,ACTIVE,135684600.0,6,0.857,FULLY_COMPLIANT,HARD,True
BT-000991,TND-000247,BID-000404,2026-06-09,SUBMITTED,ACTIVE,119572000.0,5,0.714,PARTIAL_COMPLIANCE,HARD,True
BT-000992,TND-000247,BID-000023,2026-06-09,SUBMITTED,ACTIVE,128113500.0,7,1.0,INVALID_DOCUMENT,HARD,True
BT-000993,TND-000247,BID-000499,2026-06-09,SUBMITTED,ACTIVE,129555800.0,6,0.857,EXPIRED_DOCUMENT,HARD,True
BT-000998,TND-000249,BID-000220,2026-07-20,SUBMITTED,ACTIVE,201123100.0,5,0.833,INVALID_DOCUMENT,HARD,True
BT-000999,TND-000249,BID-001249,2026-07-20,SUBMITTED,ACTIVE,174872600.0,4,0.667,MINOR_ISSUES,HARD,True
BT-001000,TND-000249,BID-001787,2026-07-20,SUBMITTED,ACTIVE,161002000.0,5,0.833,INSUFFICIENT_EVIDENCE,HARD,True
BT-001001,TND-000250,BID-001619,2025-08-02,SUBMITTED,ACTIVE,37076200.0,6,0.857,FULLY_COMPLIANT,EASY,True
BT-001002,TND-000250,BID-000803,2025-08-02,SUBMITTED,ACTIVE,46140800.0,6,0.857,PARTIAL_COMPLIANCE,EASY,True
BT-001003,TND-000250,BID-001580,2025-08-02,SUBMITTED,ACTIVE,44542300.0,6,0.857,FULLY_COMPLIANT,EASY,True
BT-001004,TND-000250,BID-000850,2025-08-02,SUBMITTED,ACTIVE,37042200.0,7,1.0,FULLY_COMPLIANT,EASY,True
BT-001005,TND-000250,BID-000721,2025-08-02,SUBMITTED,ACTIVE,46786500.0,6,0.857,INSUFFICIENT_EVIDENCE,EASY,True
BT-001006,TND-000251,BID-000936,2025-05-08,SUBMITTED,ACTIVE,9772100.0,5,0.833,MINOR_ISSUES,MEDIUM,True
BT-001007,TND-000251,BID-001809,2025-05-08,SUBMITTED,ACTIVE,8441900.0,6,1.0,MINOR_ISSUES,MEDIUM,True
BT-001008,TND-000251,BID-001022,2025-05-08,SUBMITTED,ACTIVE,9779000.0,6,1.0,FULLY_COMPLIANT,MEDIUM,True
BT-001009,TND-000251,BID-001510,2025-05-08,SUBMITTED,ACTIVE,8953600.0,5,0.833,FULLY_COMPLIANT,MEDIUM,True
BT-001010,TND-000252,BID-000474,2026-09-28,SUBMITTED,ACTIVE,68821500.0,5,0.833,FULLY_COMPLIANT,HARD,True
BT-001011,TND-000252,BID-001597,2026-09-28,SUBMITTED,ACTIVE,83798500.0,5,0.833,FULLY_COMPLIANT,HARD,True
BT-001012,TND-000252,BID-000180,2026-09-28,SUBMITTED,ACTIVE,89072800.0,6,1.0,INCONSISTENT_DOCUMENT,HARD,True
BT-001013,TND-000252,BID-000993,2026-09-28,SUBMITTED,ACTIVE,82319600.0,5,0.833,FULLY_COMPLIANT,HARD,True
BT-001014,TND-000252,BID-001045,2026-09-28,SUBMITTED,ACTIVE,75344000.0,6,1.0,INSUFFICIENT_EVIDENCE,HARD,True
BT-001019,TND-000254,BID-001826,2025-09-04,SUBMITTED,ACTIVE,35958200.0,6,0.857,FULLY_COMPLIANT,HARD,True
BT-001020,TND-000254,BID-000390,2025-09-04,SUBMITTED,ACTIVE,27631500.0,5,0.714,MINOR_ISSUES,HARD,True
BT-001021,TND-000254,BID-001119,2025-09-04,SUBMITTED,ACTIVE,32744000.0,7,1.0,MINOR_ISSUES,HARD,True
BT-001022,TND-000254,BID-000955,2025-09-04,SUBMITTED,ACTIVE,34252700.0,7,1.0,MINOR_ISSUES,HARD,True
BT-001023,TND-000254,BID-001988,2025-09-04,SUBMITTED,ACTIVE,35820400.0,6,0.857,MINOR_ISSUES,HARD,True
BT-001027,TND-000256,BID-001734,2026-06-19,SUBMITTED,ACTIVE,10421400.0,5,0.833,INVALID_DOCUMENT,HARD,True
BT-001028,TND-000256,BID-000890,2026-06-19,SUBMITTED,ACTIVE,10420700.0,6,1.0,PARTIAL_COMPLIANCE,HARD,True
BT-001029,TND-000256,BID-001455,2026-06-19,SUBMITTED,ACTIVE,13040500.0,5,0.833,INSUFFICIENT_EVIDENCE,HARD,True
BT-001035,TND-000258,BID-000244,2025-04-01,SUBMITTED,ACTIVE,194865400.0,5,0.833,INSUFFICIENT_EVIDENCE,EASY,True
BT-001036,TND-000258,BID-001656,2025-04-01,SUBMITTED,ACTIVE,238155100.0,6,1.0,PARTIAL_COMPLIANCE,EASY,True
BT-001037,TND-000258,BID-000725,2025-04-01,SUBMITTED,ACTIVE,190808300.0,6,1.0,FULLY_COMPLIANT,EASY,True
BT-001038,TND-000259,BID-000624,2026-06-14,SUBMITTED,ACTIVE,186640300.0,5,0.833,MINOR_ISSUES,EASY,True
BT-001039,TND-000259,BID-000766,2026-06-14,SUBMITTED,ACTIVE,171019000.0,4,0.667,HARD_AMBIGUOUS_CASE,EASY,True
BT-001040,TND-000259,BID-000395,2026-06-14,SUBMITTED,ACTIVE,175748600.0,5,0.833,PARTIAL_COMPLIANCE,EASY,True
BT-001041,TND-000259,BID-001575,2026-06-14,SUBMITTED,ACTIVE,185436900.0,5,0.833,FULLY_COMPLIANT,EASY,True
BT-001042,TND-000260,BID-001943,2026-03-01,SUBMITTED,ACTIVE,154290900.0,5,0.714,FULLY_COMPLIANT,EASY,True
BT-001043,TND-000260,BID-001225,2026-03-01,SUBMITTED,ACTIVE,151952300.0,6,0.857,INSUFFICIENT_EVIDENCE,EASY,True
BT-001044,TND-000260,BID-001670,2026-03-01,SUBMITTED,ACTIVE,187648900.0,6,0.857,FULLY_COMPLIANT,EASY,True
BT-001045,TND-000260,BID-001132,2026-03-01,SUBMITTED,ACTIVE,187744600.0,5,0.714,INSUFFICIENT_EVIDENCE,EASY,True
BT-001046,TND-000260,BID-001115,2026-03-01,SUBMITTED,ACTIVE,165356500.0,6,0.857,MINOR_ISSUES,EASY,True
BT-001047,TND-000261,BID-000698,2025-09-28,SUBMITTED,ACTIVE,145208400.0,6,1.0,INVALID_DOCUMENT,EASY,True
BT-001048,TND-000261,BID-001283,2025-09-28,SUBMITTED,ACTIVE,150168800.0,6,1.0,FULLY_COMPLIANT,EASY,True
BT-001049,TND-000261,BID-000755,2025-09-28,SUBMITTED,ACTIVE,158892200.0,6,1.0,INSUFFICIENT_EVIDENCE,EASY,True
BT-001050,TND-000261,BID-001776,2025-09-28,SUBMITTED,ACTIVE,148175700.0,6,1.0,PARTIAL_COMPLIANCE,EASY,True
BT-001051,TND-000261,BID-000299,2025-09-28,SUBMITTED,ACTIVE,130833900.0,6,1.0,INSUFFICIENT_EVIDENCE,EASY,True
BT-001052,TND-000262,BID-000094,2025-07-07,SUBMITTED,ACTIVE,125945000.0,6,1.0,HARD_AMBIGUOUS_CASE,MEDIUM,True
BT-001053,TND-000262,BID-000623,2025-07-07,SUBMITTED,ACTIVE,133755500.0,6,1.0,INSUFFICIENT_EVIDENCE,MEDIUM,True
BT-001054,TND-000262,BID-000259,2025-07-07,SUBMITTED,ACTIVE,150672200.0,5,0.833,FULLY_COMPLIANT,MEDIUM,True
BT-001055,TND-000262,BID-000938,2025-07-07,SUBMITTED,ACTIVE,139961400.0,5,0.833,FULLY_COMPLIANT,MEDIUM,True
BT-001056,TND-000263,BID-000877,2025-08-16,SUBMITTED,ACTIVE,206592100.0,6,1.0,EXPIRED_DOCUMENT,MEDIUM,True
BT-001057,TND-000263,BID-001014,2025-08-16,SUBMITTED,ACTIVE,183725600.0,6,1.0,INCONSISTENT_DOCUMENT,MEDIUM,True
BT-001058,TND-000263,BID-000033,2025-08-16,SUBMITTED,ACTIVE,164569800.0,6,1.0,PARTIAL_COMPLIANCE,MEDIUM,True
BT-001059,TND-000263,BID-001733,2025-08-16,SUBMITTED,ACTIVE,152373900.0,5,0.833,EXPIRED_DOCUMENT,MEDIUM,True
BT-001060,TND-000263,BID-001189,2025-08-16,SUBMITTED,ACTIVE,205913200.0,6,1.0,FULLY_COMPLIANT,MEDIUM,True
BT-001066,TND-000265,BID-000194,2025-06-16,SUBMITTED,ACTIVE,63281300.0,6,1.0,FULLY_COMPLIANT,EASY,True
BT-001067,TND-000265,BID-001996,2025-06-16,SUBMITTED,ACTIVE,49703600.0,6,1.0,INSUFFICIENT_EVIDENCE,EASY,True
BT-001068,TND-000265,BID-001719,2025-06-16,SUBMITTED,ACTIVE,58707300.0,5,0.833,FULLY_COMPLIANT,EASY,True
BT-001069,TND-000265,BID-000876,2025-06-16,SUBMITTED,ACTIVE,53705500.0,5,0.833,FULLY_COMPLIANT,EASY,True
BT-001070,TND-000266,BID-000342,2026-03-16,SUBMITTED,ACTIVE,22935000.0,7,1.0,MINOR_ISSUES,EASY,True
BT-001071,TND-000266,BID-001024,2026-03-16,SUBMITTED,ACTIVE,22641300.0,7,1.0,EXPIRED_DOCUMENT,EASY,True
BT-001072,TND-000266,BID-000828,2026-03-16,SUBMITTED,ACTIVE,19313700.0,7,1.0,PARTIAL_COMPLIANCE,EASY,True
BT-001073,TND-000267,BID-000872,2026-01-27,SUBMITTED,ACTIVE,166960600.0,7,1.0,INSUFFICIENT_EVIDENCE,MEDIUM,True
BT-001074,TND-000267,BID-001190,2026-01-27,SUBMITTED,ACTIVE,157400300.0,5,0.714,FULLY_COMPLIANT,MEDIUM,True
BT-001075,TND-000267,BID-000297,2026-01-27,SUBMITTED,ACTIVE,165700200.0,5,0.714,MINOR_ISSUES,MEDIUM,True
BT-001076,TND-000268,BID-000635,2025-05-10,SUBMITTED,ACTIVE,79013100.0,6,0.857,PARTIAL_COMPLIANCE,MEDIUM,True
BT-001077,TND-000268,BID-001511,2025-05-10,SUBMITTED,ACTIVE,69832500.0,6,0.857,MINOR_ISSUES,MEDIUM,True
BT-001078,TND-000268,BID-000672,2025-05-10,SUBMITTED,ACTIVE,74563600.0,6,0.857,EXPIRED_DOCUMENT,MEDIUM,True
BT-001079,TND-000268,BID-000522,2025-05-10,SUBMITTED,ACTIVE,81314300.0,5,0.714,MINOR_ISSUES,MEDIUM,True
BT-001083,TND-000270,BID-001255,2025-12-19,SUBMITTED,ACTIVE,194367500.0,6,1.0,FULLY_COMPLIANT,MEDIUM,True
BT-001084,TND-000270,BID-000684,2025-12-19,SUBMITTED,ACTIVE,214025900.0,6,1.0,FULLY_COMPLIANT,MEDIUM,True
BT-001085,TND-000270,BID-000281,2025-12-19,SUBMITTED,ACTIVE,219489300.0,6,1.0,MINOR_ISSUES,MEDIUM,True
BT-001098,TND-000274,BID-001749,2026-03-07,SUBMITTED,ACTIVE,114040200.0,6,1.0,FULLY_COMPLIANT,EASY,True
BT-001099,TND-000274,BID-000579,2026-03-07,SUBMITTED,ACTIVE,113682100.0,6,1.0,FULLY_COMPLIANT,EASY,True
BT-001100,TND-000274,BID-001456,2026-03-07,SUBMITTED,ACTIVE,131135400.0,6,1.0,FULLY_COMPLIANT,EASY,True
BT-001101,TND-000274,BID-000379,2026-03-07,SUBMITTED,ACTIVE,113046300.0,5,0.833,FULLY_COMPLIANT,EASY,True
BT-001116,TND-000278,BID-000933,2026-04-10,SUBMITTED,ACTIVE,147739200.0,5,0.833,FULLY_COMPLIANT,MEDIUM,True
BT-001117,TND-000278,BID-000770,2026-04-10,SUBMITTED,ACTIVE,147040000.0,6,1.0,PARTIAL_COMPLIANCE,MEDIUM,True
BT-001118,TND-000278,BID-000743,2026-04-10,SUBMITTED,ACTIVE,197524500.0,6,1.0,HARD_AMBIGUOUS_CASE,MEDIUM,True
BT-001119,TND-000278,BID-001625,2026-04-10,SUBMITTED,ACTIVE,160255700.0,6,1.0,FULLY_COMPLIANT,MEDIUM,True
BT-001124,TND-000280,BID-001931,2025-06-23,SUBMITTED,ACTIVE,129133700.0,6,1.0,EXPIRED_DOCUMENT,MEDIUM,True
BT-001125,TND-000280,BID-001030,2025-06-23,SUBMITTED,ACTIVE,162247900.0,5,0.833,EXPIRED_DOCUMENT,MEDIUM,True
BT-001126,TND-000280,BID-000727,2025-06-23,SUBMITTED,ACTIVE,165983600.0,5,0.833,INSUFFICIENT_EVIDENCE,MEDIUM,True
BT-001127,TND-000280,BID-001742,2025-06-23,SUBMITTED,ACTIVE,163842300.0,6,1.0,FULLY_COMPLIANT,MEDIUM,True
BT-001128,TND-000280,BID-000264,2025-06-23,SUBMITTED,ACTIVE,143919500.0,6,1.0,FULLY_COMPLIANT,MEDIUM,True
BT-001129,TND-000281,BID-000007,2026-05-03,SUBMITTED,ACTIVE,19796000.0,6,1.0,INSUFFICIENT_EVIDENCE,EASY,True
BT-001130,TND-000281,BID-000335,2026-05-03,SUBMITTED,ACTIVE,24928100.0,6,1.0,PARTIAL_COMPLIANCE,EASY,True
BT-001131,TND-000281,BID-000264,2026-05-03,SUBMITTED,ACTIVE,20621400.0,6,1.0,MINOR_ISSUES,EASY,True
BT-001132,TND-000281,BID-000365,2026-05-03,SUBMITTED,ACTIVE,24831100.0,6,1.0,INSUFFICIENT_EVIDENCE,EASY,True
BT-001133,TND-000282,BID-000401,2026-06-28,SUBMITTED,ACTIVE,70936600.0,6,0.857,FULLY_COMPLIANT,MEDIUM,True
BT-001134,TND-000282,BID-001196,2026-06-28,SUBMITTED,ACTIVE,71093600.0,7,1.0,EXPIRED_DOCUMENT,MEDIUM,True
BT-001135,TND-000282,BID-001883,2026-06-28,SUBMITTED,ACTIVE,73206700.0,6,0.857,FULLY_COMPLIANT,MEDIUM,True
BT-001136,TND-000282,BID-001440,2026-06-28,SUBMITTED,ACTIVE,71537300.0,7,1.0,PARTIAL_COMPLIANCE,MEDIUM,True
BT-001137,TND-000282,BID-001775,2026-06-28,SUBMITTED,ACTIVE,62605300.0,7,1.0,INSUFFICIENT_EVIDENCE,MEDIUM,True
BT-001138,TND-000283,BID-000639,2026-09-04,SUBMITTED,ACTIVE,226955800.0,6,0.857,HARD_AMBIGUOUS_CASE,HARD,True
BT-001139,TND-000283,BID-000110,2026-09-04,SUBMITTED,ACTIVE,195300900.0,5,0.714,FULLY_COMPLIANT,HARD,True
BT-001140,TND-000283,BID-001513,2026-09-04,SUBMITTED,ACTIVE,190118900.0,7,1.0,MINOR_ISSUES,HARD,True
BT-001141,TND-000283,BID-000779,2026-09-04,SUBMITTED,ACTIVE,216190300.0,6,0.857,FULLY_COMPLIANT,HARD,True
BT-001142,TND-000283,BID-001244,2026-09-04,SUBMITTED,ACTIVE,178477300.0,7,1.0,PARTIAL_COMPLIANCE,HARD,True
BT-001143,TND-000284,BID-000800,2025-10-04,SUBMITTED,ACTIVE,102703500.0,5,0.833,INVALID_DOCUMENT,EASY,True
BT-001144,TND-000284,BID-000827,2025-10-04,SUBMITTED,ACTIVE,96216800.0,5,0.833,INSUFFICIENT_EVIDENCE,EASY,True
BT-001145,TND-000284,BID-001396,2025-10-04,SUBMITTED,ACTIVE,103131400.0,6,1.0,MINOR_ISSUES,EASY,True
BT-001146,TND-000285,BID-001870,2026-10-19,SUBMITTED,ACTIVE,194889600.0,5,0.833,FULLY_COMPLIANT,HARD,True
BT-001147,TND-000285,BID-000652,2026-10-19,SUBMITTED,ACTIVE,211143400.0,5,0.833,FULLY_COMPLIANT,HARD,True
BT-001148,TND-000285,BID-000538,2026-10-19,SUBMITTED,ACTIVE,227500000.0,5,0.833,FULLY_COMPLIANT,HARD,True
BT-001154,TND-000287,BID-001603,2026-08-18,SUBMITTED,ACTIVE,32565500.0,6,1.0,MINOR_ISSUES,EASY,True
BT-001155,TND-000287,BID-001937,2026-08-18,SUBMITTED,ACTIVE,33379300.0,5,0.833,INVALID_DOCUMENT,EASY,True
BT-001156,TND-000287,BID-001742,2026-08-18,SUBMITTED,ACTIVE,40797900.0,6,1.0,PARTIAL_COMPLIANCE,EASY,True
BT-001157,TND-000287,BID-000851,2026-08-18,SUBMITTED,ACTIVE,32380500.0,6,1.0,FULLY_COMPLIANT,EASY,True
BT-001158,TND-000287,BID-000258,2026-08-18,SUBMITTED,ACTIVE,31756800.0,5,0.833,FULLY_COMPLIANT,EASY,True
BT-001159,TND-000288,BID-000729,2025-06-10,SUBMITTED,ACTIVE,45407700.0,7,1.0,FULLY_COMPLIANT,MEDIUM,True
BT-001160,TND-000288,BID-001187,2025-06-10,SUBMITTED,ACTIVE,55068900.0,6,0.857,MINOR_ISSUES,MEDIUM,True
BT-001161,TND-000288,BID-001280,2025-06-10,SUBMITTED,ACTIVE,46509800.0,7,1.0,FULLY_COMPLIANT,MEDIUM,True
BT-001162,TND-000288,BID-000374,2025-06-10,SUBMITTED,ACTIVE,53483600.0,7,1.0,EXPIRED_DOCUMENT,MEDIUM,True
BT-001163,TND-000288,BID-001254,2025-06-10,SUBMITTED,ACTIVE,59841700.0,5,0.714,PARTIAL_COMPLIANCE,MEDIUM,True
BT-001167,TND-000290,BID-001555,2026-07-22,SUBMITTED,ACTIVE,183172300.0,7,1.0,FULLY_COMPLIANT,EASY,True
BT-001168,TND-000290,BID-000276,2026-07-22,SUBMITTED,ACTIVE,204229900.0,6,0.857,INSUFFICIENT_EVIDENCE,EASY,True
BT-001169,TND-000290,BID-000892,2026-07-22,SUBMITTED,ACTIVE,191526100.0,7,1.0,INVALID_DOCUMENT,EASY,True
BT-001170,TND-000291,BID-001533,2025-07-30,SUBMITTED,ACTIVE,238168800.0,6,1.0,HARD_AMBIGUOUS_CASE,MEDIUM,True
BT-001171,TND-000291,BID-000449,2025-07-30,SUBMITTED,ACTIVE,198140700.0,6,1.0,PARTIAL_COMPLIANCE,MEDIUM,True
BT-001172,TND-000291,BID-001920,2025-07-30,SUBMITTED,ACTIVE,184663600.0,6,1.0,FULLY_COMPLIANT,MEDIUM,True
BT-001173,TND-000291,BID-000795,2025-07-30,SUBMITTED,ACTIVE,190341900.0,5,0.833,FULLY_COMPLIANT,MEDIUM,True
BT-001174,TND-000291,BID-001114,2025-07-30,SUBMITTED,ACTIVE,185696900.0,6,1.0,FULLY_COMPLIANT,MEDIUM,True
BT-001175,TND-000292,BID-001382,2025-04-26,SUBMITTED,ACTIVE,85837500.0,6,0.857,FULLY_COMPLIANT,EASY,True
BT-001176,TND-000292,BID-001849,2025-04-26,SUBMITTED,ACTIVE,97152400.0,7,1.0,FULLY_COMPLIANT,EASY,True
BT-001177,TND-000292,BID-001879,2025-04-26,SUBMITTED,ACTIVE,87018800.0,7,1.0,MINOR_ISSUES,EASY,True
BT-001178,TND-000292,BID-001136,2025-04-26,SUBMITTED,ACTIVE,85075600.0,7,1.0,FULLY_COMPLIANT,EASY,True
BT-001179,TND-000292,BID-000670,2025-04-26,SUBMITTED,ACTIVE,85725400.0,6,0.857,FULLY_COMPLIANT,EASY,True
BT-001180,TND-000293,BID-001797,2025-09-16,SUBMITTED,ACTIVE,51714000.0,6,1.0,FULLY_COMPLIANT,EASY,True
BT-001181,TND-000293,BID-001542,2025-09-16,SUBMITTED,ACTIVE,54570900.0,6,1.0,FULLY_COMPLIANT,EASY,True
BT-001182,TND-000293,BID-000320,2025-09-16,SUBMITTED,ACTIVE,48706800.0,6,1.0,INVALID_DOCUMENT,EASY,True
BT-001183,TND-000293,BID-000204,2025-09-16,SUBMITTED,ACTIVE,47269100.0,6,1.0,FULLY_COMPLIANT,EASY,True
BT-001184,TND-000294,BID-001160,2025-06-19,SUBMITTED,ACTIVE,165029400.0,6,1.0,PARTIAL_COMPLIANCE,EASY,True
BT-001185,TND-000294,BID-000995,2025-06-19,SUBMITTED,ACTIVE,196557800.0,2,0.333,MISSING_DOCUMENT,EASY,True
BT-001186,TND-000294,BID-000526,2025-06-19,SUBMITTED,ACTIVE,198810300.0,5,0.833,PARTIAL_COMPLIANCE,EASY,True
BT-001187,TND-000294,BID-000604,2025-06-19,SUBMITTED,ACTIVE,165679100.0,6,1.0,FULLY_COMPLIANT,EASY,True
BT-001193,TND-000296,BID-000179,2026-08-04,SUBMITTED,ACTIVE,192141100.0,4,0.667,MINOR_ISSUES,EASY,True
BT-001194,TND-000296,BID-000225,2026-08-04,SUBMITTED,ACTIVE,173529800.0,5,0.833,PARTIAL_COMPLIANCE,EASY,True
BT-001195,TND-000296,BID-000612,2026-08-04,SUBMITTED,ACTIVE,213026000.0,5,0.833,MINOR_ISSUES,EASY,True
BT-001201,TND-000298,BID-000188,2026-10-14,SUBMITTED,ACTIVE,197920700.0,6,1.0,INSUFFICIENT_EVIDENCE,MEDIUM,True
BT-001202,TND-000298,BID-000532,2026-10-14,SUBMITTED,ACTIVE,149751200.0,6,1.0,INVALID_DOCUMENT,MEDIUM,True
BT-001203,TND-000298,BID-001603,2026-10-14,SUBMITTED,ACTIVE,148085000.0,6,1.0,MINOR_ISSUES,MEDIUM,True
BT-001204,TND-000298,BID-001589,2026-10-14,SUBMITTED,ACTIVE,178471300.0,6,1.0,MINOR_ISSUES,MEDIUM,True
BT-001208,TND-000300,BID-001384,2025-12-01,SUBMITTED,ACTIVE,156604600.0,6,1.0,FULLY_COMPLIANT,MEDIUM,True
BT-001209,TND-000300,BID-001108,2025-12-01,SUBMITTED,ACTIVE,131200200.0,6,1.0,FULLY_COMPLIANT,MEDIUM,True
BT-001210,TND-000300,BID-001306,2025-12-01,SUBMITTED,ACTIVE,135411500.0,5,0.833,FULLY_COMPLIANT,MEDIUM,True
BT-001211,TND-000300,BID-001797,2025-12-01,SUBMITTED,ACTIVE,153105500.0,6,1.0,INSUFFICIENT_EVIDENCE,MEDIUM,True
BT-001212,TND-000301,BID-000436,2026-01-08,SUBMITTED,ACTIVE,33857000.0,7,1.0,FULLY_COMPLIANT,MEDIUM,True
BT-001213,TND-000301,BID-001207,2026-01-08,SUBMITTED,ACTIVE,33864800.0,7,1.0,MINOR_ISSUES,MEDIUM,True
BT-001214,TND-000301,BID-000821,2026-01-08,SUBMITTED,ACTIVE,30884300.0,6,0.857,PARTIAL_COMPLIANCE,MEDIUM,True
BT-001215,TND-000301,BID-000925,2026-01-08,SUBMITTED,ACTIVE,35903600.0,6,0.857,INSUFFICIENT_EVIDENCE,MEDIUM,True
BT-001216,TND-000302,BID-001131,2025-08-11,SUBMITTED,ACTIVE,128237600.0,6,0.857,FULLY_COMPLIANT,EASY,True
BT-001217,TND-000302,BID-001953,2025-08-11,SUBMITTED,ACTIVE,112227600.0,7,1.0,EXPIRED_DOCUMENT,EASY,True
BT-001218,TND-000302,BID-000189,2025-08-11,SUBMITTED,ACTIVE,129341800.0,7,1.0,EXPIRED_DOCUMENT,EASY,True
BT-001219,TND-000302,BID-001976,2025-08-11,SUBMITTED,ACTIVE,130418900.0,6,0.857,HARD_AMBIGUOUS_CASE,EASY,True
BT-001226,TND-000305,BID-000104,2026-05-31,SUBMITTED,ACTIVE,16965600.0,4,0.667,MISSING_DOCUMENT,EASY,True
BT-001227,TND-000305,BID-000610,2026-05-31,SUBMITTED,ACTIVE,14883700.0,6,1.0,HARD_AMBIGUOUS_CASE,EASY,True
BT-001228,TND-000305,BID-000595,2026-05-31,SUBMITTED,ACTIVE,15634500.0,6,1.0,FULLY_COMPLIANT,EASY,True
BT-001229,TND-000305,BID-001394,2026-05-31,SUBMITTED,ACTIVE,17267200.0,6,1.0,FULLY_COMPLIANT,EASY,True
BT-001230,TND-000306,BID-000546,2025-08-02,SUBMITTED,ACTIVE,179913800.0,6,1.0,FULLY_COMPLIANT,HARD,True
BT-001231,TND-000306,BID-001881,2025-08-02,SUBMITTED,ACTIVE,204789400.0,5,0.833,FULLY_COMPLIANT,HARD,True
BT-001232,TND-000306,BID-000022,2025-08-02,SUBMITTED,ACTIVE,180660500.0,6,1.0,HARD_AMBIGUOUS_CASE,HARD,True
BT-001233,TND-000306,BID-001026,2025-08-02,SUBMITTED,ACTIVE,188623100.0,4,0.667,FULLY_COMPLIANT,HARD,True
BT-001238,TND-000308,BID-000015,2026-01-13,SUBMITTED,ACTIVE,71062000.0,6,0.857,PARTIAL_COMPLIANCE,HARD,True
BT-001239,TND-000308,BID-001157,2026-01-13,SUBMITTED,ACTIVE,78613000.0,6,0.857,HARD_AMBIGUOUS_CASE,HARD,True
BT-001240,TND-000308,BID-000498,2026-01-13,SUBMITTED,ACTIVE,72004700.0,7,1.0,PARTIAL_COMPLIANCE,HARD,True
BT-001241,TND-000309,BID-001245,2025-09-26,SUBMITTED,ACTIVE,52813000.0,4,0.571,FULLY_COMPLIANT,MEDIUM,True
BT-001242,TND-000309,BID-001595,2025-09-26,SUBMITTED,ACTIVE,61380000.0,6,0.857,MINOR_ISSUES,MEDIUM,True
BT-001243,TND-000309,BID-000109,2025-09-26,SUBMITTED,ACTIVE,50376300.0,7,1.0,PARTIAL_COMPLIANCE,MEDIUM,True
BT-001244,TND-000310,BID-001709,2025-03-29,SUBMITTED,ACTIVE,213413800.0,7,1.0,FULLY_COMPLIANT,HARD,True
BT-001245,TND-000310,BID-000739,2025-03-29,SUBMITTED,ACTIVE,245440400.0,7,1.0,FULLY_COMPLIANT,HARD,True
BT-001246,TND-000310,BID-000256,2025-03-29,SUBMITTED,ACTIVE,250283700.0,6,0.857,FULLY_COMPLIANT,HARD,True
BT-001247,TND-000310,BID-001154,2025-03-29,SUBMITTED,ACTIVE,233633700.0,7,1.0,PARTIAL_COMPLIANCE,HARD,True
BT-001248,TND-000311,BID-000991,2025-03-14,SUBMITTED,ACTIVE,166213500.0,6,0.857,INVALID_DOCUMENT,EASY,True
BT-001249,TND-000311,BID-001880,2025-03-14,SUBMITTED,ACTIVE,142173000.0,6,0.857,FULLY_COMPLIANT,EASY,True
BT-001250,TND-000311,BID-001221,2025-03-14,SUBMITTED,ACTIVE,148797600.0,7,1.0,PARTIAL_COMPLIANCE,EASY,True
BT-001251,TND-000311,BID-000686,2025-03-14,SUBMITTED,ACTIVE,167350800.0,7,1.0,INCONSISTENT_DOCUMENT,EASY,True
BT-001252,TND-000312,BID-001341,2026-04-03,SUBMITTED,ACTIVE,170464400.0,5,0.833,FULLY_COMPLIANT,EASY,True
BT-001253,TND-000312,BID-001003,2026-04-03,SUBMITTED,ACTIVE,151420800.0,6,1.0,FULLY_COMPLIANT,EASY,True
BT-001254,TND-000312,BID-001604,2026-04-03,SUBMITTED,ACTIVE,198002200.0,6,1.0,FULLY_COMPLIANT,EASY,True
BT-001255,TND-000312,BID-000167,2026-04-03,SUBMITTED,ACTIVE,188068800.0,6,1.0,INCONSISTENT_DOCUMENT,EASY,True
BT-001256,TND-000312,BID-001841,2026-04-03,SUBMITTED,ACTIVE,177100400.0,5,0.833,INCONSISTENT_DOCUMENT,EASY,True
BT-001260,TND-000314,BID-001770,2025-06-21,SUBMITTED,ACTIVE,21439900.0,5,0.833,MINOR_ISSUES,EASY,True
BT-001261,TND-000314,BID-000461,2025-06-21,SUBMITTED,ACTIVE,24361500.0,6,1.0,FULLY_COMPLIANT,EASY,True
BT-001262,TND-000314,BID-000675,2025-06-21,SUBMITTED,ACTIVE,20905400.0,5,0.833,INSUFFICIENT_EVIDENCE,EASY,True
BT-001263,TND-000315,BID-000721,2025-08-10,SUBMITTED,ACTIVE,47199200.0,7,1.0,EXPIRED_DOCUMENT,HARD,True
BT-001264,TND-000315,BID-001982,2025-08-10,SUBMITTED,ACTIVE,45010900.0,4,0.571,MISSING_DOCUMENT,HARD,True
BT-001265,TND-000315,BID-001732,2025-08-10,SUBMITTED,ACTIVE,51703600.0,6,0.857,INCONSISTENT_DOCUMENT,HARD,True
BT-001269,TND-000317,BID-000986,2025-03-20,SUBMITTED,ACTIVE,114449500.0,6,0.857,FULLY_COMPLIANT,HARD,True
BT-001270,TND-000317,BID-001290,2025-03-20,SUBMITTED,ACTIVE,123485200.0,7,1.0,FULLY_COMPLIANT,HARD,True
BT-001271,TND-000317,BID-001241,2025-03-20,SUBMITTED,ACTIVE,114194100.0,7,1.0,HARD_AMBIGUOUS_CASE,HARD,True
BT-001272,TND-000318,BID-000613,2025-06-17,SUBMITTED,ACTIVE,50678000.0,7,1.0,INVALID_DOCUMENT,HARD,True
BT-001273,TND-000318,BID-000655,2025-06-17,SUBMITTED,ACTIVE,47116800.0,6,0.857,PARTIAL_COMPLIANCE,HARD,True
BT-001274,TND-000318,BID-000123,2025-06-17,SUBMITTED,ACTIVE,43488400.0,6,0.857,INVALID_DOCUMENT,HARD,True
BT-001275,TND-000318,BID-000178,2025-06-17,SUBMITTED,ACTIVE,52170200.0,4,0.571,MISSING_DOCUMENT,HARD,True
BT-001276,TND-000318,BID-000015,2025-06-17,SUBMITTED,ACTIVE,44092000.0,6,0.857,MINOR_ISSUES,HARD,True
BT-001282,TND-000320,BID-000680,2026-10-01,SUBMITTED,ACTIVE,123256200.0,6,0.857,INSUFFICIENT_EVIDENCE,MEDIUM,True
BT-001283,TND-000320,BID-000213,2026-10-01,SUBMITTED,ACTIVE,113776700.0,4,0.571,MINOR_ISSUES,MEDIUM,True
BT-001284,TND-000320,BID-000736,2026-10-01,SUBMITTED,ACTIVE,111431100.0,6,0.857,FULLY_COMPLIANT,MEDIUM,True
BT-001285,TND-000320,BID-000499,2026-10-01,SUBMITTED,ACTIVE,123423300.0,6,0.857,FULLY_COMPLIANT,MEDIUM,True
BT-001286,TND-000321,BID-001262,2025-09-16,SUBMITTED,ACTIVE,198235800.0,6,0.857,INSUFFICIENT_EVIDENCE,MEDIUM,True
BT-001287,TND-000321,BID-001946,2025-09-16,SUBMITTED,ACTIVE,236683300.0,4,0.571,MISSING_DOCUMENT,MEDIUM,True
BT-001288,TND-000321,BID-001944,2025-09-16,SUBMITTED,ACTIVE,239054600.0,7,1.0,PARTIAL_COMPLIANCE,MEDIUM,True
BT-001289,TND-000322,BID-000402,2025-10-15,SUBMITTED,ACTIVE,128662200.0,6,0.857,MINOR_ISSUES,HARD,True
BT-001290,TND-000322,BID-001016,2025-10-15,SUBMITTED,ACTIVE,122962600.0,6,0.857,INVALID_DOCUMENT,HARD,True
BT-001291,TND-000322,BID-000272,2025-10-15,SUBMITTED,ACTIVE,149953400.0,7,1.0,FULLY_COMPLIANT,HARD,True
BT-001292,TND-000323,BID-000362,2026-05-21,SUBMITTED,ACTIVE,226526800.0,5,0.833,INSUFFICIENT_EVIDENCE,EASY,True
BT-001293,TND-000323,BID-001094,2026-05-21,SUBMITTED,ACTIVE,264338800.0,5,0.833,INSUFFICIENT_EVIDENCE,EASY,True
BT-001294,TND-000323,BID-000373,2026-05-21,SUBMITTED,ACTIVE,208969400.0,5,0.833,FULLY_COMPLIANT,EASY,True
BT-001295,TND-000323,BID-001318,2026-05-21,SUBMITTED,ACTIVE,213169300.0,2,0.333,MISSING_DOCUMENT,EASY,True
BT-001296,TND-000323,BID-000567,2026-05-21,SUBMITTED,ACTIVE,240639500.0,4,0.667,MISSING_DOCUMENT,EASY,True
BT-001297,TND-000324,BID-000551,2025-07-23,SUBMITTED,ACTIVE,148832900.0,5,0.833,FULLY_COMPLIANT,MEDIUM,True
BT-001298,TND-000324,BID-000962,2025-07-23,SUBMITTED,ACTIVE,167804100.0,6,1.0,INSUFFICIENT_EVIDENCE,MEDIUM,True
BT-001299,TND-000324,BID-000578,2025-07-23,SUBMITTED,ACTIVE,155929200.0,5,0.833,PARTIAL_COMPLIANCE,MEDIUM,True
BT-001300,TND-000325,BID-000063,2025-11-30,SUBMITTED,ACTIVE,104958600.0,5,0.833,FULLY_COMPLIANT,EASY,True
BT-001301,TND-000325,BID-001171,2025-11-30,SUBMITTED,ACTIVE,105677500.0,6,1.0,INCONSISTENT_DOCUMENT,EASY,True
BT-001302,TND-000325,BID-000087,2025-11-30,SUBMITTED,ACTIVE,100434400.0,6,1.0,FULLY_COMPLIANT,EASY,True
BT-001303,TND-000326,BID-000829,2026-04-19,SUBMITTED,ACTIVE,35337600.0,6,0.857,EXPIRED_DOCUMENT,MEDIUM,True
BT-001304,TND-000326,BID-001773,2026-04-19,SUBMITTED,ACTIVE,28273600.0,5,0.714,HARD_AMBIGUOUS_CASE,MEDIUM,True
BT-001305,TND-000326,BID-001451,2026-04-19,SUBMITTED,ACTIVE,35328900.0,5,0.714,FULLY_COMPLIANT,MEDIUM,True
BT-001306,TND-000326,BID-000739,2026-04-19,SUBMITTED,ACTIVE,32406100.0,7,1.0,INSUFFICIENT_EVIDENCE,MEDIUM,True
BT-001307,TND-000326,BID-000953,2026-04-19,SUBMITTED,ACTIVE,29604200.0,6,0.857,FULLY_COMPLIANT,MEDIUM,True
BT-001313,TND-000328,BID-000820,2025-12-09,SUBMITTED,ACTIVE,136391200.0,6,1.0,FULLY_COMPLIANT,MEDIUM,True
BT-001314,TND-000328,BID-000958,2025-12-09,SUBMITTED,ACTIVE,133662900.0,6,1.0,INVALID_DOCUMENT,MEDIUM,True
BT-001315,TND-000328,BID-001250,2025-12-09,SUBMITTED,ACTIVE,162141400.0,5,0.833,INSUFFICIENT_EVIDENCE,MEDIUM,True
BT-001316,TND-000329,BID-001419,2025-02-25,SUBMITTED,ACTIVE,102983400.0,6,1.0,HARD_AMBIGUOUS_CASE,HARD,True
BT-001317,TND-000329,BID-001648,2025-02-25,SUBMITTED,ACTIVE,107023900.0,6,1.0,FULLY_COMPLIANT,HARD,True
BT-001318,TND-000329,BID-000127,2025-02-25,SUBMITTED,ACTIVE,106087200.0,6,1.0,FULLY_COMPLIANT,HARD,True
BT-001319,TND-000329,BID-001035,2025-02-25,SUBMITTED,ACTIVE,103539000.0,6,1.0,INSUFFICIENT_EVIDENCE,HARD,True
BT-001323,TND-000331,BID-000981,2026-04-15,SUBMITTED,ACTIVE,119579000.0,6,1.0,PARTIAL_COMPLIANCE,EASY,True
BT-001324,TND-000331,BID-001354,2026-04-15,SUBMITTED,ACTIVE,146907500.0,4,0.667,MINOR_ISSUES,EASY,True
BT-001325,TND-000331,BID-001474,2026-04-15,SUBMITTED,ACTIVE,120059500.0,6,1.0,HARD_AMBIGUOUS_CASE,EASY,True
BT-001326,TND-000331,BID-000426,2026-04-15,SUBMITTED,ACTIVE,108918000.0,6,1.0,MINOR_ISSUES,EASY,True
BT-001327,TND-000332,BID-000419,2026-07-21,SUBMITTED,ACTIVE,123489300.0,6,1.0,FULLY_COMPLIANT,MEDIUM,True
BT-001328,TND-000332,BID-001757,2026-07-21,SUBMITTED,ACTIVE,119942700.0,5,0.833,FULLY_COMPLIANT,MEDIUM,True
BT-001329,TND-000332,BID-001420,2026-07-21,SUBMITTED,ACTIVE,140493200.0,6,1.0,INVALID_DOCUMENT,MEDIUM,True
BT-001334,TND-000334,BID-001459,2025-08-07,SUBMITTED,ACTIVE,68024900.0,5,0.714,MINOR_ISSUES,EASY,True
BT-001335,TND-000334,BID-000166,2025-08-07,SUBMITTED,ACTIVE,57354000.0,6,0.857,INCONSISTENT_DOCUMENT,EASY,True
BT-001336,TND-000334,BID-001879,2025-08-07,SUBMITTED,ACTIVE,58792500.0,7,1.0,FULLY_COMPLIANT,EASY,True
BT-001337,TND-000334,BID-000292,2025-08-07,SUBMITTED,ACTIVE,66565800.0,7,1.0,PARTIAL_COMPLIANCE,EASY,True
BT-001338,TND-000334,BID-001877,2025-08-07,SUBMITTED,ACTIVE,70074900.0,5,0.714,INSUFFICIENT_EVIDENCE,EASY,True
BT-001344,TND-000336,BID-001157,2025-10-07,SUBMITTED,ACTIVE,206400100.0,7,1.0,HARD_AMBIGUOUS_CASE,MEDIUM,True
BT-001345,TND-000336,BID-000178,2025-10-07,SUBMITTED,ACTIVE,196502900.0,7,1.0,INVALID_DOCUMENT,MEDIUM,True
BT-001346,TND-000336,BID-001005,2025-10-07,SUBMITTED,ACTIVE,236773300.0,7,1.0,EXPIRED_DOCUMENT,MEDIUM,True
BT-001347,TND-000336,BID-001844,2025-10-07,SUBMITTED,ACTIVE,247432600.0,6,0.857,FULLY_COMPLIANT,MEDIUM,True
BT-001353,TND-000338,BID-000946,2026-09-16,SUBMITTED,ACTIVE,115129700.0,6,1.0,INSUFFICIENT_EVIDENCE,MEDIUM,True
BT-001354,TND-000338,BID-001395,2026-09-16,SUBMITTED,ACTIVE,118404700.0,6,1.0,HARD_AMBIGUOUS_CASE,MEDIUM,True
BT-001355,TND-000338,BID-000725,2026-09-16,SUBMITTED,ACTIVE,110142700.0,6,1.0,MINOR_ISSUES,MEDIUM,True
BT-001359,TND-000340,BID-001424,2026-07-10,SUBMITTED,ACTIVE,182751800.0,7,1.0,INCONSISTENT_DOCUMENT,MEDIUM,True
BT-001360,TND-000340,BID-000859,2026-07-10,SUBMITTED,ACTIVE,185711400.0,7,1.0,PARTIAL_COMPLIANCE,MEDIUM,True
BT-001361,TND-000340,BID-001497,2026-07-10,SUBMITTED,ACTIVE,188901600.0,7,1.0,FULLY_COMPLIANT,MEDIUM,True
BT-001370,TND-000343,BID-001844,2026-03-30,SUBMITTED,ACTIVE,247820800.0,7,1.0,EXPIRED_DOCUMENT,EASY,True
BT-001371,TND-000343,BID-000015,2026-03-30,SUBMITTED,ACTIVE,200313700.0,6,0.857,INCONSISTENT_DOCUMENT,EASY,True
BT-001372,TND-000343,BID-000539,2026-03-30,SUBMITTED,ACTIVE,234201300.0,7,1.0,FULLY_COMPLIANT,EASY,True
BT-001373,TND-000344,BID-000012,2026-10-03,SUBMITTED,ACTIVE,89532300.0,4,0.667,FULLY_COMPLIANT,EASY,True
BT-001374,TND-000344,BID-000549,2026-10-03,SUBMITTED,ACTIVE,104279200.0,5,0.833,MINOR_ISSUES,EASY,True
BT-001375,TND-000344,BID-001337,2026-10-03,SUBMITTED,ACTIVE,116133600.0,5,0.833,MINOR_ISSUES,EASY,True
BT-001376,TND-000344,BID-000624,2026-10-03,SUBMITTED,ACTIVE,96691700.0,5,0.833,FULLY_COMPLIANT,EASY,True
BT-001377,TND-000344,BID-000352,2026-10-03,SUBMITTED,ACTIVE,109005100.0,5,0.833,FULLY_COMPLIANT,EASY,True
BT-001382,TND-000346,BID-001377,2026-05-31,SUBMITTED,ACTIVE,88405000.0,5,0.833,INSUFFICIENT_EVIDENCE,HARD,True
BT-001383,TND-000346,BID-001843,2026-05-31,SUBMITTED,ACTIVE,105417500.0,4,0.667,MINOR_ISSUES,HARD,True
BT-001384,TND-000346,BID-000311,2026-05-31,SUBMITTED,ACTIVE,102315300.0,5,0.833,PARTIAL_COMPLIANCE,HARD,True
BT-001385,TND-000346,BID-001264,2026-05-31,SUBMITTED,ACTIVE,80897300.0,6,1.0,FULLY_COMPLIANT,HARD,True
BT-001391,TND-000348,BID-000705,2025-04-12,SUBMITTED,ACTIVE,112244000.0,5,0.714,MISSING_DOCUMENT,MEDIUM,True
BT-001392,TND-000348,BID-001687,2025-04-12,SUBMITTED,ACTIVE,101993000.0,7,1.0,FULLY_COMPLIANT,MEDIUM,True
BT-001393,TND-000348,BID-001021,2025-04-12,SUBMITTED,ACTIVE,110615800.0,7,1.0,MINOR_ISSUES,MEDIUM,True
BT-001394,TND-000348,BID-000975,2025-04-12,SUBMITTED,ACTIVE,99815300.0,6,0.857,MINOR_ISSUES,MEDIUM,True
BT-001395,TND-000348,BID-000005,2025-04-12,SUBMITTED,ACTIVE,115907300.0,7,1.0,FULLY_COMPLIANT,MEDIUM,True
BT-001396,TND-000349,BID-000527,2025-05-01,SUBMITTED,ACTIVE,191494500.0,7,1.0,INCONSISTENT_DOCUMENT,MEDIUM,True
BT-001397,TND-000349,BID-001434,2025-05-01,SUBMITTED,ACTIVE,150290200.0,6,0.857,MINOR_ISSUES,MEDIUM,True
BT-001398,TND-000349,BID-000951,2025-05-01,SUBMITTED,ACTIVE,191911200.0,7,1.0,FULLY_COMPLIANT,MEDIUM,True
BT-001399,TND-000349,BID-001444,2025-05-01,SUBMITTED,ACTIVE,152033800.0,7,1.0,FULLY_COMPLIANT,MEDIUM,True
BT-001410,TND-000353,BID-001140,2025-07-24,SUBMITTED,ACTIVE,30200000.0,5,0.714,FULLY_COMPLIANT,EASY,True
BT-001411,TND-000353,BID-001781,2025-07-24,SUBMITTED,ACTIVE,33549900.0,6,0.857,MINOR_ISSUES,EASY,True
BT-001412,TND-000353,BID-001338,2025-07-24,SUBMITTED,ACTIVE,27078000.0,7,1.0,MINOR_ISSUES,EASY,True
BT-001413,TND-000353,BID-000209,2025-07-24,SUBMITTED,ACTIVE,29936300.0,6,0.857,FULLY_COMPLIANT,EASY,True
BT-001414,TND-000353,BID-001892,2025-07-24,SUBMITTED,ACTIVE,35487500.0,6,0.857,FULLY_COMPLIANT,EASY,True
BT-001419,TND-000355,BID-001890,2026-10-03,SUBMITTED,ACTIVE,68419100.0,6,1.0,MINOR_ISSUES,EASY,True
BT-001420,TND-000355,BID-001109,2026-10-03,SUBMITTED,ACTIVE,69882500.0,6,1.0,FULLY_COMPLIANT,EASY,True
BT-001421,TND-000355,BID-001651,2026-10-03,SUBMITTED,ACTIVE,78666000.0,6,1.0,INCONSISTENT_DOCUMENT,EASY,True
BT-001422,TND-000355,BID-000490,2026-10-03,SUBMITTED,ACTIVE,81171900.0,6,1.0,INSUFFICIENT_EVIDENCE,EASY,True
BT-001423,TND-000356,BID-000843,2025-03-30,SUBMITTED,ACTIVE,112078000.0,6,0.857,INCONSISTENT_DOCUMENT,EASY,True
BT-001424,TND-000356,BID-000121,2025-03-30,SUBMITTED,ACTIVE,145016300.0,6,0.857,FULLY_COMPLIANT,EASY,True
BT-001425,TND-000356,BID-001900,2025-03-30,SUBMITTED,ACTIVE,145053000.0,6,0.857,MINOR_ISSUES,EASY,True
BT-001426,TND-000356,BID-000651,2025-03-30,SUBMITTED,ACTIVE,136848700.0,7,1.0,FULLY_COMPLIANT,EASY,True
BT-001427,TND-000356,BID-000358,2025-03-30,SUBMITTED,ACTIVE,148163900.0,6,0.857,MINOR_ISSUES,EASY,True
BT-001428,TND-000357,BID-000203,2026-05-27,SUBMITTED,ACTIVE,42286200.0,7,1.0,INSUFFICIENT_EVIDENCE,MEDIUM,True
BT-001429,TND-000357,BID-001954,2026-05-27,SUBMITTED,ACTIVE,42840400.0,7,1.0,INSUFFICIENT_EVIDENCE,MEDIUM,True
BT-001430,TND-000357,BID-000677,2026-05-27,SUBMITTED,ACTIVE,32194700.0,7,1.0,INSUFFICIENT_EVIDENCE,MEDIUM,True
BT-001431,TND-000357,BID-001516,2026-05-27,SUBMITTED,ACTIVE,34667000.0,7,1.0,FULLY_COMPLIANT,MEDIUM,True
BT-001432,TND-000358,BID-000095,2026-01-15,SUBMITTED,ACTIVE,85362000.0,7,1.0,MINOR_ISSUES,MEDIUM,True
BT-001433,TND-000358,BID-000764,2026-01-15,SUBMITTED,ACTIVE,94542700.0,7,1.0,INCONSISTENT_DOCUMENT,MEDIUM,True
BT-001434,TND-000358,BID-000662,2026-01-15,SUBMITTED,ACTIVE,89099200.0,7,1.0,INSUFFICIENT_EVIDENCE,MEDIUM,True
BT-001435,TND-000358,BID-000941,2026-01-15,SUBMITTED,ACTIVE,100108900.0,6,0.857,PARTIAL_COMPLIANCE,MEDIUM,True
BT-001436,TND-000358,BID-001403,2026-01-15,SUBMITTED,ACTIVE,97038600.0,7,1.0,PARTIAL_COMPLIANCE,MEDIUM,True
BT-001442,TND-000360,BID-001861,2025-11-15,SUBMITTED,ACTIVE,93133700.0,5,0.833,MINOR_ISSUES,MEDIUM,True
BT-001443,TND-000360,BID-000323,2025-11-15,SUBMITTED,ACTIVE,102201600.0,6,1.0,FULLY_COMPLIANT,MEDIUM,True
BT-001444,TND-000360,BID-000681,2025-11-15,SUBMITTED,ACTIVE,89246200.0,5,0.833,FULLY_COMPLIANT,MEDIUM,True
BT-001445,TND-000360,BID-000219,2025-11-15,SUBMITTED,ACTIVE,84338600.0,6,1.0,MINOR_ISSUES,MEDIUM,True
BT-001446,TND-000361,BID-000418,2026-02-06,SUBMITTED,ACTIVE,124944300.0,5,0.833,FULLY_COMPLIANT,MEDIUM,True
BT-001447,TND-000361,BID-000929,2026-02-06,SUBMITTED,ACTIVE,154074300.0,5,0.833,INCONSISTENT_DOCUMENT,MEDIUM,True
BT-001448,TND-000361,BID-001089,2026-02-06,SUBMITTED,ACTIVE,136915700.0,6,1.0,FULLY_COMPLIANT,MEDIUM,True
BT-001449,TND-000361,BID-001661,2026-02-06,SUBMITTED,ACTIVE,159352100.0,6,1.0,EXPIRED_DOCUMENT,MEDIUM,True
BT-001468,TND-000366,BID-001028,2025-12-28,SUBMITTED,ACTIVE,16343600.0,7,1.0,FULLY_COMPLIANT,EASY,True
BT-001469,TND-000366,BID-000433,2025-12-28,SUBMITTED,ACTIVE,18976800.0,7,1.0,INVALID_DOCUMENT,EASY,True
BT-001470,TND-000366,BID-001303,2025-12-28,SUBMITTED,ACTIVE,16650800.0,6,0.857,INSUFFICIENT_EVIDENCE,EASY,True
BT-001471,TND-000366,BID-001667,2025-12-28,SUBMITTED,ACTIVE,17640900.0,7,1.0,FULLY_COMPLIANT,EASY,True
BT-001472,TND-000367,BID-001291,2026-03-26,SUBMITTED,ACTIVE,54226300.0,6,1.0,EXPIRED_DOCUMENT,EASY,True
BT-001473,TND-000367,BID-001887,2026-03-26,SUBMITTED,ACTIVE,48757900.0,5,0.833,FULLY_COMPLIANT,EASY,True
BT-001474,TND-000367,BID-000475,2026-03-26,SUBMITTED,ACTIVE,50445800.0,5,0.833,FULLY_COMPLIANT,EASY,True
BT-001479,TND-000369,BID-000753,2025-11-28,SUBMITTED,ACTIVE,187491700.0,5,0.833,FULLY_COMPLIANT,MEDIUM,True
BT-001480,TND-000369,BID-001112,2025-11-28,SUBMITTED,ACTIVE,167427800.0,5,0.833,PARTIAL_COMPLIANCE,MEDIUM,True
BT-001481,TND-000369,BID-001647,2025-11-28,SUBMITTED,ACTIVE,181344500.0,5,0.833,MINOR_ISSUES,MEDIUM,True
BT-001482,TND-000369,BID-000106,2025-11-28,SUBMITTED,ACTIVE,162346700.0,5,0.833,FULLY_COMPLIANT,MEDIUM,True
BT-001483,TND-000370,BID-001361,2025-07-19,SUBMITTED,ACTIVE,220363800.0,6,1.0,INSUFFICIENT_EVIDENCE,HARD,True
BT-001484,TND-000370,BID-001353,2025-07-19,SUBMITTED,ACTIVE,215719700.0,6,1.0,FULLY_COMPLIANT,HARD,True
BT-001485,TND-000370,BID-001209,2025-07-19,SUBMITTED,ACTIVE,213261100.0,5,0.833,INSUFFICIENT_EVIDENCE,HARD,True
BT-001499,TND-000374,BID-000579,2026-05-26,SUBMITTED,ACTIVE,207075800.0,6,1.0,INCONSISTENT_DOCUMENT,MEDIUM,True
BT-001500,TND-000374,BID-001584,2026-05-26,SUBMITTED,ACTIVE,160775000.0,6,1.0,EXPIRED_DOCUMENT,MEDIUM,True
BT-001501,TND-000374,BID-001478,2026-05-26,SUBMITTED,ACTIVE,179264100.0,5,0.833,PARTIAL_COMPLIANCE,MEDIUM,True
BT-001502,TND-000374,BID-000847,2026-05-26,SUBMITTED,ACTIVE,176759700.0,6,1.0,FULLY_COMPLIANT,MEDIUM,True
BT-001503,TND-000374,BID-000524,2026-05-26,SUBMITTED,ACTIVE,202386700.0,5,0.833,FULLY_COMPLIANT,MEDIUM,True
BT-001504,TND-000375,BID-000142,2026-02-04,SUBMITTED,ACTIVE,216430300.0,6,1.0,PARTIAL_COMPLIANCE,EASY,True
BT-001505,TND-000375,BID-000994,2026-02-04,SUBMITTED,ACTIVE,241777400.0,6,1.0,INSUFFICIENT_EVIDENCE,EASY,True
BT-001506,TND-000375,BID-000977,2026-02-04,SUBMITTED,ACTIVE,218253600.0,6,1.0,INSUFFICIENT_EVIDENCE,EASY,True
BT-001507,TND-000375,BID-000396,2026-02-04,SUBMITTED,ACTIVE,235214500.0,5,0.833,HARD_AMBIGUOUS_CASE,EASY,True
BT-001508,TND-000376,BID-001986,2025-11-30,SUBMITTED,ACTIVE,52502400.0,6,1.0,FULLY_COMPLIANT,EASY,True
BT-001509,TND-000376,BID-000907,2025-11-30,SUBMITTED,ACTIVE,59253100.0,6,1.0,INSUFFICIENT_EVIDENCE,EASY,True
BT-001510,TND-000376,BID-000559,2025-11-30,SUBMITTED,ACTIVE,57026700.0,6,1.0,HARD_AMBIGUOUS_CASE,EASY,True
BT-001514,TND-000378,BID-001397,2026-07-23,SUBMITTED,ACTIVE,141710100.0,6,0.857,PARTIAL_COMPLIANCE,EASY,True
BT-001515,TND-000378,BID-001146,2026-07-23,SUBMITTED,ACTIVE,145368200.0,3,0.429,MISSING_DOCUMENT,EASY,True
BT-001516,TND-000378,BID-001889,2026-07-23,SUBMITTED,ACTIVE,141108600.0,5,0.714,PARTIAL_COMPLIANCE,EASY,True
BT-001517,TND-000378,BID-000701,2026-07-23,SUBMITTED,ACTIVE,151396200.0,5,0.714,FULLY_COMPLIANT,EASY,True
BT-001518,TND-000378,BID-001639,2026-07-23,SUBMITTED,ACTIVE,143092500.0,6,0.857,FULLY_COMPLIANT,EASY,True
BT-001519,TND-000379,BID-001514,2026-01-29,SUBMITTED,ACTIVE,51873800.0,5,0.833,INSUFFICIENT_EVIDENCE,MEDIUM,True
BT-001520,TND-000379,BID-001843,2026-01-29,SUBMITTED,ACTIVE,42887800.0,5,0.833,MINOR_ISSUES,MEDIUM,True
BT-001521,TND-000379,BID-000661,2026-01-29,SUBMITTED,ACTIVE,57286100.0,5,0.833,FULLY_COMPLIANT,MEDIUM,True
BT-001522,TND-000379,BID-000170,2026-01-29,SUBMITTED,ACTIVE,43001200.0,6,1.0,FULLY_COMPLIANT,MEDIUM,True
BT-001523,TND-000380,BID-000990,2026-01-29,SUBMITTED,ACTIVE,142836200.0,6,0.857,FULLY_COMPLIANT,EASY,True
BT-001524,TND-000380,BID-000502,2026-01-29,SUBMITTED,ACTIVE,141025900.0,7,1.0,EXPIRED_DOCUMENT,EASY,True
BT-001525,TND-000380,BID-000201,2026-01-29,SUBMITTED,ACTIVE,117937100.0,6,0.857,INSUFFICIENT_EVIDENCE,EASY,True
BT-001526,TND-000381,BID-001640,2025-03-27,SUBMITTED,ACTIVE,139136500.0,6,1.0,FULLY_COMPLIANT,HARD,True
BT-001527,TND-000381,BID-000688,2025-03-27,SUBMITTED,ACTIVE,159649600.0,6,1.0,FULLY_COMPLIANT,HARD,True
BT-001528,TND-000381,BID-000090,2025-03-27,SUBMITTED,ACTIVE,131843000.0,6,1.0,FULLY_COMPLIANT,HARD,True
BT-001529,TND-000382,BID-001450,2025-10-11,SUBMITTED,ACTIVE,182637200.0,3,0.429,MISSING_DOCUMENT,EASY,True
BT-001530,TND-000382,BID-000391,2025-10-11,SUBMITTED,ACTIVE,150790900.0,6,0.857,FULLY_COMPLIANT,EASY,True
BT-001531,TND-000382,BID-000055,2025-10-11,SUBMITTED,ACTIVE,154295800.0,7,1.0,HARD_AMBIGUOUS_CASE,EASY,True
BT-001532,TND-000383,BID-000906,2025-05-04,SUBMITTED,ACTIVE,172873300.0,7,1.0,FULLY_COMPLIANT,EASY,True
BT-001533,TND-000383,BID-000613,2025-05-04,SUBMITTED,ACTIVE,162801100.0,6,0.857,MISSING_DOCUMENT,EASY,True
BT-001534,TND-000383,BID-001084,2025-05-04,SUBMITTED,ACTIVE,170328300.0,6,0.857,PARTIAL_COMPLIANCE,EASY,True
BT-001535,TND-000383,BID-001900,2025-05-04,SUBMITTED,ACTIVE,146420000.0,7,1.0,FULLY_COMPLIANT,EASY,True
BT-001536,TND-000383,BID-000590,2025-05-04,SUBMITTED,ACTIVE,144560200.0,6,0.857,FULLY_COMPLIANT,EASY,True
BT-001540,TND-000385,BID-000416,2025-12-13,SUBMITTED,ACTIVE,204215800.0,5,0.833,INSUFFICIENT_EVIDENCE,EASY,True
BT-001541,TND-000385,BID-000496,2025-12-13,SUBMITTED,ACTIVE,175102900.0,4,0.667,FULLY_COMPLIANT,EASY,True
BT-001542,TND-000385,BID-000409,2025-12-13,SUBMITTED,ACTIVE,188256400.0,5,0.833,INSUFFICIENT_EVIDENCE,EASY,True
BT-001543,TND-000385,BID-000388,2025-12-13,SUBMITTED,ACTIVE,192572000.0,6,1.0,HARD_AMBIGUOUS_CASE,EASY,True
BT-001544,TND-000385,BID-000386,2025-12-13,SUBMITTED,ACTIVE,176284600.0,5,0.833,FULLY_COMPLIANT,EASY,True
BT-001545,TND-000386,BID-000880,2026-01-29,SUBMITTED,ACTIVE,111888100.0,6,1.0,INCONSISTENT_DOCUMENT,EASY,True
BT-001546,TND-000386,BID-001833,2026-01-29,SUBMITTED,ACTIVE,123744500.0,5,0.833,MISSING_DOCUMENT,EASY,True
BT-001547,TND-000386,BID-001325,2026-01-29,SUBMITTED,ACTIVE,138977000.0,5,0.833,FULLY_COMPLIANT,EASY,True
BT-001548,TND-000387,BID-000784,2025-07-11,SUBMITTED,ACTIVE,14609500.0,6,1.0,PARTIAL_COMPLIANCE,HARD,True
BT-001549,TND-000387,BID-001740,2025-07-11,SUBMITTED,ACTIVE,13503000.0,5,0.833,PARTIAL_COMPLIANCE,HARD,True
BT-001550,TND-000387,BID-000325,2025-07-11,SUBMITTED,ACTIVE,16818100.0,6,1.0,FULLY_COMPLIANT,HARD,True
BT-001551,TND-000387,BID-001860,2025-07-11,SUBMITTED,ACTIVE,15182300.0,3,0.5,MISSING_DOCUMENT,HARD,True
BT-001552,TND-000388,BID-000493,2025-06-04,SUBMITTED,ACTIVE,175109000.0,5,0.833,FULLY_COMPLIANT,EASY,True
BT-001553,TND-000388,BID-000654,2025-06-04,SUBMITTED,ACTIVE,199014500.0,5,0.833,FULLY_COMPLIANT,EASY,True
BT-001554,TND-000388,BID-001348,2025-06-04,SUBMITTED,ACTIVE,183802200.0,5,0.833,MINOR_ISSUES,EASY,True
BT-001555,TND-000388,BID-001143,2025-06-04,SUBMITTED,ACTIVE,179342800.0,5,0.833,MINOR_ISSUES,EASY,True
BT-001556,TND-000388,BID-001984,2025-06-04,SUBMITTED,ACTIVE,207064500.0,6,1.0,PARTIAL_COMPLIANCE,EASY,True
BT-001557,TND-000389,BID-001803,2026-06-16,SUBMITTED,ACTIVE,207192100.0,5,0.714,EXPIRED_DOCUMENT,MEDIUM,True
BT-001558,TND-000389,BID-001764,2026-06-16,SUBMITTED,ACTIVE,198099000.0,7,1.0,FULLY_COMPLIANT,MEDIUM,True
BT-001559,TND-000389,BID-000232,2026-06-16,SUBMITTED,ACTIVE,239823000.0,7,1.0,FULLY_COMPLIANT,MEDIUM,True
BT-001560,TND-000389,BID-001262,2026-06-16,SUBMITTED,ACTIVE,248754000.0,6,0.857,FULLY_COMPLIANT,MEDIUM,True
BT-001569,TND-000392,BID-001434,2026-06-26,SUBMITTED,ACTIVE,145856700.0,7,1.0,MINOR_ISSUES,EASY,True
BT-001570,TND-000392,BID-001444,2026-06-26,SUBMITTED,ACTIVE,164707800.0,5,0.714,INSUFFICIENT_EVIDENCE,EASY,True
BT-001571,TND-000392,BID-000039,2026-06-26,SUBMITTED,ACTIVE,155780600.0,7,1.0,HARD_AMBIGUOUS_CASE,EASY,True
BT-001572,TND-000392,BID-001187,2026-06-26,SUBMITTED,ACTIVE,121369600.0,5,0.714,PARTIAL_COMPLIANCE,EASY,True
BT-001573,TND-000393,BID-001765,2025-07-06,SUBMITTED,ACTIVE,190146100.0,7,1.0,FULLY_COMPLIANT,EASY,True
BT-001574,TND-000393,BID-000886,2025-07-06,SUBMITTED,ACTIVE,154059300.0,6,0.857,FULLY_COMPLIANT,EASY,True
BT-001575,TND-000393,BID-000134,2025-07-06,SUBMITTED,ACTIVE,189338200.0,6,0.857,PARTIAL_COMPLIANCE,EASY,True
BT-001584,TND-000396,BID-000982,2026-02-25,SUBMITTED,ACTIVE,186611500.0,2,0.286,MISSING_DOCUMENT,MEDIUM,True
BT-001585,TND-000396,BID-000368,2026-02-25,SUBMITTED,ACTIVE,221567800.0,6,0.857,FULLY_COMPLIANT,MEDIUM,True
BT-001586,TND-000396,BID-000015,2026-02-25,SUBMITTED,ACTIVE,201689900.0,6,0.857,INSUFFICIENT_EVIDENCE,MEDIUM,True
BT-001587,TND-000396,BID-000181,2026-02-25,SUBMITTED,ACTIVE,212423000.0,7,1.0,EXPIRED_DOCUMENT,MEDIUM,True
BT-001588,TND-000397,BID-001133,2026-03-05,SUBMITTED,ACTIVE,168390000.0,6,1.0,FULLY_COMPLIANT,MEDIUM,True
BT-001589,TND-000397,BID-001599,2026-03-05,SUBMITTED,ACTIVE,145352200.0,6,1.0,MINOR_ISSUES,MEDIUM,True
BT-001590,TND-000397,BID-001159,2026-03-05,SUBMITTED,ACTIVE,181794700.0,6,1.0,INCONSISTENT_DOCUMENT,MEDIUM,True
BT-001599,TND-000400,BID-001274,2025-07-26,SUBMITTED,ACTIVE,159030400.0,3,0.5,MISSING_DOCUMENT,EASY,True
BT-001600,TND-000400,BID-001960,2025-07-26,SUBMITTED,ACTIVE,139158200.0,5,0.833,INVALID_DOCUMENT,EASY,True
BT-001601,TND-000400,BID-000313,2025-07-26,SUBMITTED,ACTIVE,153760600.0,5,0.833,INSUFFICIENT_EVIDENCE,EASY,True
BT-001602,TND-000401,BID-000698,2025-10-12,SUBMITTED,ACTIVE,127934100.0,6,1.0,FULLY_COMPLIANT,EASY,True
BT-001603,TND-000401,BID-001193,2025-10-12,SUBMITTED,ACTIVE,149375500.0,6,1.0,INSUFFICIENT_EVIDENCE,EASY,True
BT-001604,TND-000401,BID-000783,2025-10-12,SUBMITTED,ACTIVE,114669500.0,3,0.5,MISSING_DOCUMENT,EASY,True
BT-001605,TND-000401,BID-000851,2025-10-12,SUBMITTED,ACTIVE,147283700.0,6,1.0,FULLY_COMPLIANT,EASY,True
BT-001606,TND-000401,BID-000144,2025-10-12,SUBMITTED,ACTIVE,150014700.0,6,1.0,FULLY_COMPLIANT,EASY,True
BT-001607,TND-000402,BID-000869,2025-07-04,SUBMITTED,ACTIVE,160176700.0,7,1.0,HARD_AMBIGUOUS_CASE,HARD,True
BT-001608,TND-000402,BID-000371,2025-07-04,SUBMITTED,ACTIVE,164401400.0,6,0.857,INCONSISTENT_DOCUMENT,HARD,True
BT-001609,TND-000402,BID-000257,2025-07-04,SUBMITTED,ACTIVE,133451800.0,7,1.0,FULLY_COMPLIANT,HARD,True
BT-001610,TND-000403,BID-000374,2026-03-04,SUBMITTED,ACTIVE,147869000.0,6,0.857,MINOR_ISSUES,EASY,True
BT-001611,TND-000403,BID-000527,2026-03-04,SUBMITTED,ACTIVE,153989900.0,7,1.0,PARTIAL_COMPLIANCE,EASY,True
BT-001612,TND-000403,BID-001804,2026-03-04,SUBMITTED,ACTIVE,185970500.0,6,0.857,MINOR_ISSUES,EASY,True
BT-001613,TND-000404,BID-001285,2025-03-20,SUBMITTED,ACTIVE,107022700.0,6,1.0,MINOR_ISSUES,EASY,True
BT-001614,TND-000404,BID-000636,2025-03-20,SUBMITTED,ACTIVE,139877900.0,6,1.0,FULLY_COMPLIANT,EASY,True
BT-001615,TND-000404,BID-001494,2025-03-20,SUBMITTED,ACTIVE,115369700.0,5,0.833,FULLY_COMPLIANT,EASY,True
BT-001616,TND-000404,BID-001141,2025-03-20,SUBMITTED,ACTIVE,125305900.0,6,1.0,INSUFFICIENT_EVIDENCE,EASY,True
BT-001617,TND-000404,BID-000781,2025-03-20,SUBMITTED,ACTIVE,124321500.0,5,0.833,PARTIAL_COMPLIANCE,EASY,True
BT-001618,TND-000405,BID-000113,2025-02-02,SUBMITTED,ACTIVE,20870300.0,6,1.0,INVALID_DOCUMENT,EASY,True
BT-001619,TND-000405,BID-001003,2025-02-02,SUBMITTED,ACTIVE,22759700.0,6,1.0,FULLY_COMPLIANT,EASY,True
BT-001620,TND-000405,BID-000327,2025-02-02,SUBMITTED,ACTIVE,22001500.0,6,1.0,FULLY_COMPLIANT,EASY,True
BT-001621,TND-000406,BID-001807,2026-05-10,SUBMITTED,ACTIVE,21163800.0,6,1.0,FULLY_COMPLIANT,EASY,True
BT-001622,TND-000406,BID-001897,2026-05-10,SUBMITTED,ACTIVE,24451100.0,6,1.0,FULLY_COMPLIANT,EASY,True
BT-001623,TND-000406,BID-000235,2026-05-10,SUBMITTED,ACTIVE,20574500.0,5,0.833,FULLY_COMPLIANT,EASY,True
BT-001624,TND-000406,BID-000877,2026-05-10,SUBMITTED,ACTIVE,24863400.0,6,1.0,FULLY_COMPLIANT,EASY,True
BT-001625,TND-000407,BID-000854,2025-08-22,SUBMITTED,ACTIVE,229150400.0,5,0.833,MISSING_DOCUMENT,MEDIUM,True
BT-001626,TND-000407,BID-001523,2025-08-22,SUBMITTED,ACTIVE,198564300.0,5,0.833,FULLY_COMPLIANT,MEDIUM,True
BT-001627,TND-000407,BID-000440,2025-08-22,SUBMITTED,ACTIVE,209611900.0,6,1.0,FULLY_COMPLIANT,MEDIUM,True
BT-001628,TND-000408,BID-001100,2026-05-05,SUBMITTED,ACTIVE,240999600.0,7,1.0,INSUFFICIENT_EVIDENCE,MEDIUM,True
BT-001629,TND-000408,BID-000976,2026-05-05,SUBMITTED,ACTIVE,227522800.0,6,0.857,MINOR_ISSUES,MEDIUM,True
BT-001630,TND-000408,BID-000059,2026-05-05,SUBMITTED,ACTIVE,207336500.0,6,0.857,INVALID_DOCUMENT,MEDIUM,True
BT-001631,TND-000409,BID-000643,2026-06-28,SUBMITTED,ACTIVE,134452800.0,5,0.833,PARTIAL_COMPLIANCE,MEDIUM,True
BT-001632,TND-000409,BID-001668,2026-06-28,SUBMITTED,ACTIVE,143266600.0,4,0.667,MISSING_DOCUMENT,MEDIUM,True
BT-001633,TND-000409,BID-000939,2026-06-28,SUBMITTED,ACTIVE,158786200.0,6,1.0,INCONSISTENT_DOCUMENT,MEDIUM,True
BT-001634,TND-000409,BID-001957,2026-06-28,SUBMITTED,ACTIVE,145226700.0,6,1.0,FULLY_COMPLIANT,MEDIUM,True
BT-001635,TND-000410,BID-001413,2025-09-26,SUBMITTED,ACTIVE,70109800.0,5,0.833,MISSING_DOCUMENT,MEDIUM,True
BT-001636,TND-000410,BID-000048,2025-09-26,SUBMITTED,ACTIVE,62028900.0,5,0.833,FULLY_COMPLIANT,MEDIUM,True
BT-001637,TND-000410,BID-000552,2025-09-26,SUBMITTED,ACTIVE,76482700.0,6,1.0,MINOR_ISSUES,MEDIUM,True
BT-001643,TND-000412,BID-000669,2025-12-02,SUBMITTED,ACTIVE,141595600.0,5,0.833,FULLY_COMPLIANT,MEDIUM,True
BT-001644,TND-000412,BID-000526,2025-12-02,SUBMITTED,ACTIVE,116608400.0,5,0.833,HARD_AMBIGUOUS_CASE,MEDIUM,True
BT-001645,TND-000412,BID-001572,2025-12-02,SUBMITTED,ACTIVE,140498100.0,5,0.833,FULLY_COMPLIANT,MEDIUM,True
BT-001646,TND-000412,BID-001620,2025-12-02,SUBMITTED,ACTIVE,147151900.0,5,0.833,FULLY_COMPLIANT,MEDIUM,True
BT-001647,TND-000413,BID-001458,2025-03-01,SUBMITTED,ACTIVE,48564400.0,6,0.857,FULLY_COMPLIANT,HARD,True
BT-001648,TND-000413,BID-001840,2025-03-01,SUBMITTED,ACTIVE,57532300.0,6,0.857,PARTIAL_COMPLIANCE,HARD,True
BT-001649,TND-000413,BID-000506,2025-03-01,SUBMITTED,ACTIVE,48320200.0,7,1.0,FULLY_COMPLIANT,HARD,True
BT-001650,TND-000413,BID-000344,2025-03-01,SUBMITTED,ACTIVE,53319000.0,7,1.0,INSUFFICIENT_EVIDENCE,HARD,True
BT-001658,TND-000416,BID-001646,2026-02-14,SUBMITTED,ACTIVE,53418100.0,6,1.0,FULLY_COMPLIANT,EASY,True
BT-001659,TND-000416,BID-000578,2026-02-14,SUBMITTED,ACTIVE,59066400.0,6,1.0,MINOR_ISSUES,EASY,True
BT-001660,TND-000416,BID-000758,2026-02-14,SUBMITTED,ACTIVE,53916300.0,6,1.0,MINOR_ISSUES,EASY,True
BT-001661,TND-000416,BID-001652,2026-02-14,SUBMITTED,ACTIVE,46714900.0,5,0.833,FULLY_COMPLIANT,EASY,True
BT-001662,TND-000416,BID-000031,2026-02-14,SUBMITTED,ACTIVE,57222000.0,4,0.667,MISSING_DOCUMENT,EASY,True
BT-001663,TND-000417,BID-000282,2025-12-07,SUBMITTED,ACTIVE,182595600.0,6,1.0,HARD_AMBIGUOUS_CASE,MEDIUM,True
BT-001664,TND-000417,BID-001257,2025-12-07,SUBMITTED,ACTIVE,170009300.0,5,0.833,INSUFFICIENT_EVIDENCE,MEDIUM,True
BT-001665,TND-000417,BID-000566,2025-12-07,SUBMITTED,ACTIVE,166243800.0,6,1.0,FULLY_COMPLIANT,MEDIUM,True
BT-001666,TND-000417,BID-000720,2025-12-07,SUBMITTED,ACTIVE,165035800.0,6,1.0,FULLY_COMPLIANT,MEDIUM,True
BT-001667,TND-000418,BID-001099,2026-05-19,SUBMITTED,ACTIVE,219143300.0,7,1.0,PARTIAL_COMPLIANCE,MEDIUM,True
BT-001668,TND-000418,BID-001191,2026-05-19,SUBMITTED,ACTIVE,223684800.0,6,0.857,EXPIRED_DOCUMENT,MEDIUM,True
BT-001669,TND-000418,BID-001540,2026-05-19,SUBMITTED,ACTIVE,188411300.0,7,1.0,INSUFFICIENT_EVIDENCE,MEDIUM,True
BT-001670,TND-000418,BID-000312,2026-05-19,SUBMITTED,ACTIVE,205278500.0,7,1.0,INVALID_DOCUMENT,MEDIUM,True
BT-001671,TND-000419,BID-001010,2026-05-24,SUBMITTED,ACTIVE,170151800.0,5,0.833,FULLY_COMPLIANT,EASY,True
BT-001672,TND-000419,BID-000144,2026-05-24,SUBMITTED,ACTIVE,202927900.0,6,1.0,MINOR_ISSUES,EASY,True
BT-001673,TND-000419,BID-001044,2026-05-24,SUBMITTED,ACTIVE,207811300.0,6,1.0,FULLY_COMPLIANT,EASY,True
BT-001674,TND-000419,BID-001470,2026-05-24,SUBMITTED,ACTIVE,186083600.0,5,0.833,MINOR_ISSUES,EASY,True
BT-001675,TND-000420,BID-001903,2026-04-30,SUBMITTED,ACTIVE,58152500.0,5,0.833,MINOR_ISSUES,EASY,True
BT-001676,TND-000420,BID-000476,2026-04-30,SUBMITTED,ACTIVE,51422800.0,6,1.0,PARTIAL_COMPLIANCE,EASY,True
BT-001677,TND-000420,BID-000087,2026-04-30,SUBMITTED,ACTIVE,62024700.0,6,1.0,FULLY_COMPLIANT,EASY,True
BT-001678,TND-000421,BID-000549,2025-03-26,SUBMITTED,ACTIVE,7321000.0,5,0.833,FULLY_COMPLIANT,MEDIUM,True
BT-001679,TND-000421,BID-001697,2025-03-26,SUBMITTED,ACTIVE,8077100.0,6,1.0,FULLY_COMPLIANT,MEDIUM,True
BT-001680,TND-000421,BID-001291,2025-03-26,SUBMITTED,ACTIVE,8228500.0,6,1.0,INSUFFICIENT_EVIDENCE,MEDIUM,True
BT-001681,TND-000421,BID-000347,2025-03-26,SUBMITTED,ACTIVE,7755900.0,6,1.0,MINOR_ISSUES,MEDIUM,True
BT-001682,TND-000421,BID-001201,2025-03-26,SUBMITTED,ACTIVE,7834800.0,6,1.0,FULLY_COMPLIANT,MEDIUM,True
BT-001683,TND-000422,BID-001388,2026-08-21,SUBMITTED,ACTIVE,64546500.0,7,1.0,FULLY_COMPLIANT,HARD,True
BT-001684,TND-000422,BID-000195,2026-08-21,SUBMITTED,ACTIVE,74742200.0,5,0.714,FULLY_COMPLIANT,HARD,True
BT-001685,TND-000422,BID-001540,2026-08-21,SUBMITTED,ACTIVE,74545500.0,7,1.0,FULLY_COMPLIANT,HARD,True
BT-001686,TND-000422,BID-000393,2026-08-21,SUBMITTED,ACTIVE,66771300.0,6,0.857,FULLY_COMPLIANT,HARD,True
BT-001687,TND-000422,BID-000082,2026-08-21,SUBMITTED,ACTIVE,70770400.0,6,0.857,PARTIAL_COMPLIANCE,HARD,True
BT-001688,TND-000423,BID-001490,2026-07-31,SUBMITTED,ACTIVE,45518600.0,6,0.857,PARTIAL_COMPLIANCE,MEDIUM,True
BT-001689,TND-000423,BID-000585,2026-07-31,SUBMITTED,ACTIVE,41607800.0,7,1.0,FULLY_COMPLIANT,MEDIUM,True
BT-001690,TND-000423,BID-001409,2026-07-31,SUBMITTED,ACTIVE,41386100.0,6,0.857,INCONSISTENT_DOCUMENT,MEDIUM,True
BT-001691,TND-000424,BID-001899,2026-02-20,SUBMITTED,ACTIVE,111533400.0,4,0.667,FULLY_COMPLIANT,MEDIUM,True
BT-001692,TND-000424,BID-001793,2026-02-20,SUBMITTED,ACTIVE,106311900.0,6,1.0,INSUFFICIENT_EVIDENCE,MEDIUM,True
BT-001693,TND-000424,BID-001608,2026-02-20,SUBMITTED,ACTIVE,91769100.0,5,0.833,PARTIAL_COMPLIANCE,MEDIUM,True
BT-001697,TND-000426,BID-000287,2025-07-06,SUBMITTED,ACTIVE,211896400.0,6,0.857,FULLY_COMPLIANT,MEDIUM,True
BT-001698,TND-000426,BID-000032,2025-07-06,SUBMITTED,ACTIVE,228901900.0,6,0.857,FULLY_COMPLIANT,MEDIUM,True
BT-001699,TND-000426,BID-000450,2025-07-06,SUBMITTED,ACTIVE,226652900.0,7,1.0,EXPIRED_DOCUMENT,MEDIUM,True
BT-001700,TND-000427,BID-001839,2025-04-26,SUBMITTED,ACTIVE,197842100.0,7,1.0,MINOR_ISSUES,MEDIUM,True
BT-001701,TND-000427,BID-000492,2025-04-26,SUBMITTED,ACTIVE,214614000.0,7,1.0,INVALID_DOCUMENT,MEDIUM,True
BT-001702,TND-000427,BID-000779,2025-04-26,SUBMITTED,ACTIVE,240426600.0,6,0.857,EXPIRED_DOCUMENT,MEDIUM,True
BT-001703,TND-000427,BID-000989,2025-04-26,SUBMITTED,ACTIVE,188649900.0,5,0.714,FULLY_COMPLIANT,MEDIUM,True
BT-001704,TND-000427,BID-001090,2025-04-26,SUBMITTED,ACTIVE,220251200.0,6,0.857,FULLY_COMPLIANT,MEDIUM,True
BT-001705,TND-000428,BID-001160,2026-04-24,SUBMITTED,ACTIVE,10591700.0,4,0.667,MISSING_DOCUMENT,HARD,True
BT-001706,TND-000428,BID-001391,2026-04-24,SUBMITTED,ACTIVE,10015300.0,5,0.833,FULLY_COMPLIANT,HARD,True
BT-001707,TND-000428,BID-000038,2026-04-24,SUBMITTED,ACTIVE,11440800.0,6,1.0,HARD_AMBIGUOUS_CASE,HARD,True
BT-001708,TND-000429,BID-001996,2026-04-23,SUBMITTED,ACTIVE,16792200.0,6,1.0,MINOR_ISSUES,HARD,True
BT-001709,TND-000429,BID-001887,2026-04-23,SUBMITTED,ACTIVE,18358500.0,5,0.833,PARTIAL_COMPLIANCE,HARD,True
BT-001710,TND-000429,BID-000770,2026-04-23,SUBMITTED,ACTIVE,21081600.0,6,1.0,FULLY_COMPLIANT,HARD,True
BT-001711,TND-000429,BID-000211,2026-04-23,SUBMITTED,ACTIVE,17154700.0,6,1.0,INSUFFICIENT_EVIDENCE,HARD,True
BT-001712,TND-000430,BID-001743,2025-11-24,SUBMITTED,ACTIVE,148075300.0,6,0.857,FULLY_COMPLIANT,EASY,True
BT-001713,TND-000430,BID-001935,2025-11-24,SUBMITTED,ACTIVE,130386200.0,7,1.0,FULLY_COMPLIANT,EASY,True
BT-001714,TND-000430,BID-001345,2025-11-24,SUBMITTED,ACTIVE,150528100.0,5,0.714,FULLY_COMPLIANT,EASY,True
BT-001715,TND-000430,BID-001569,2025-11-24,SUBMITTED,ACTIVE,127478400.0,5,0.714,EXPIRED_DOCUMENT,EASY,True
BT-001716,TND-000431,BID-000162,2026-07-13,SUBMITTED,ACTIVE,171080500.0,6,1.0,MINOR_ISSUES,EASY,True
BT-001717,TND-000431,BID-000158,2026-07-13,SUBMITTED,ACTIVE,139736300.0,6,1.0,FULLY_COMPLIANT,EASY,True
BT-001718,TND-000431,BID-000712,2026-07-13,SUBMITTED,ACTIVE,144003700.0,6,1.0,FULLY_COMPLIANT,EASY,True
BT-001729,TND-000435,BID-001166,2025-04-26,SUBMITTED,ACTIVE,113843200.0,5,0.833,INSUFFICIENT_EVIDENCE,MEDIUM,True
BT-001730,TND-000435,BID-001199,2025-04-26,SUBMITTED,ACTIVE,112905300.0,6,1.0,INVALID_DOCUMENT,MEDIUM,True
BT-001731,TND-000435,BID-001170,2025-04-26,SUBMITTED,ACTIVE,110001200.0,5,0.833,FULLY_COMPLIANT,MEDIUM,True
BT-001732,TND-000435,BID-001185,2025-04-26,SUBMITTED,ACTIVE,96200900.0,6,1.0,FULLY_COMPLIANT,MEDIUM,True
BT-001733,TND-000435,BID-000916,2025-04-26,SUBMITTED,ACTIVE,117099200.0,6,1.0,PARTIAL_COMPLIANCE,MEDIUM,True
BT-001734,TND-000436,BID-000948,2025-03-20,SUBMITTED,ACTIVE,197495700.0,6,1.0,INSUFFICIENT_EVIDENCE,MEDIUM,True
BT-001735,TND-000436,BID-001785,2025-03-20,SUBMITTED,ACTIVE,200387800.0,6,1.0,INSUFFICIENT_EVIDENCE,MEDIUM,True
BT-001736,TND-000436,BID-000320,2025-03-20,SUBMITTED,ACTIVE,209079300.0,6,1.0,FULLY_COMPLIANT,MEDIUM,True
BT-001737,TND-000436,BID-001415,2025-03-20,SUBMITTED,ACTIVE,161230100.0,6,1.0,MINOR_ISSUES,MEDIUM,True
BT-001738,TND-000437,BID-001743,2026-03-17,SUBMITTED,ACTIVE,207479200.0,6,0.857,FULLY_COMPLIANT,EASY,True
BT-001739,TND-000437,BID-001119,2026-03-17,SUBMITTED,ACTIVE,235709600.0,6,0.857,FULLY_COMPLIANT,EASY,True
BT-001740,TND-000437,BID-000492,2026-03-17,SUBMITTED,ACTIVE,201314200.0,7,1.0,MINOR_ISSUES,EASY,True
BT-001748,TND-000440,BID-001981,2025-10-09,SUBMITTED,ACTIVE,76993500.0,6,0.857,INSUFFICIENT_EVIDENCE,EASY,True
BT-001749,TND-000440,BID-001188,2025-10-09,SUBMITTED,ACTIVE,77879800.0,7,1.0,FULLY_COMPLIANT,EASY,True
BT-001750,TND-000440,BID-000399,2025-10-09,SUBMITTED,ACTIVE,72296600.0,5,0.714,PARTIAL_COMPLIANCE,EASY,True
BT-001751,TND-000441,BID-000996,2025-12-26,SUBMITTED,ACTIVE,18429100.0,6,1.0,FULLY_COMPLIANT,EASY,True
BT-001752,TND-000441,BID-001133,2025-12-26,SUBMITTED,ACTIVE,18043000.0,6,1.0,INVALID_DOCUMENT,EASY,True
BT-001753,TND-000441,BID-000230,2025-12-26,SUBMITTED,ACTIVE,18704500.0,4,0.667,FULLY_COMPLIANT,EASY,True
BT-001754,TND-000441,BID-000320,2025-12-26,SUBMITTED,ACTIVE,17612900.0,6,1.0,MINOR_ISSUES,EASY,True
BT-001755,TND-000442,BID-001630,2026-10-28,SUBMITTED,ACTIVE,203155500.0,6,1.0,INCONSISTENT_DOCUMENT,MEDIUM,True
BT-001756,TND-000442,BID-001079,2026-10-28,SUBMITTED,ACTIVE,235084400.0,6,1.0,INCONSISTENT_DOCUMENT,MEDIUM,True
BT-001757,TND-000442,BID-001006,2026-10-28,SUBMITTED,ACTIVE,229305000.0,6,1.0,FULLY_COMPLIANT,MEDIUM,True
BT-001758,TND-000443,BID-000711,2026-03-25,SUBMITTED,ACTIVE,202077400.0,6,0.857,FULLY_COMPLIANT,MEDIUM,True
BT-001759,TND-000443,BID-001532,2026-03-25,SUBMITTED,ACTIVE,163570000.0,6,0.857,FULLY_COMPLIANT,MEDIUM,True
BT-001760,TND-000443,BID-001230,2026-03-25,SUBMITTED,ACTIVE,171872200.0,7,1.0,FULLY_COMPLIANT,MEDIUM,True
BT-001761,TND-000443,BID-000534,2026-03-25,SUBMITTED,ACTIVE,158710300.0,6,0.857,FULLY_COMPLIANT,MEDIUM,True
BT-001762,TND-000444,BID-000342,2025-11-13,SUBMITTED,ACTIVE,140550200.0,5,0.714,MISSING_DOCUMENT,EASY,True
BT-001763,TND-000444,BID-001598,2025-11-13,SUBMITTED,ACTIVE,165845800.0,6,0.857,PARTIAL_COMPLIANCE,EASY,True
BT-001764,TND-000444,BID-001925,2025-11-13,SUBMITTED,ACTIVE,171786800.0,7,1.0,INSUFFICIENT_EVIDENCE,EASY,True
BT-001765,TND-000445,BID-001919,2025-10-14,SUBMITTED,ACTIVE,136635700.0,6,1.0,INSUFFICIENT_EVIDENCE,MEDIUM,True
BT-001766,TND-000445,BID-001858,2025-10-14,SUBMITTED,ACTIVE,118615300.0,6,1.0,INCONSISTENT_DOCUMENT,MEDIUM,True
BT-001767,TND-000445,BID-000853,2025-10-14,SUBMITTED,ACTIVE,122576400.0,5,0.833,INCONSISTENT_DOCUMENT,MEDIUM,True
BT-001768,TND-000445,BID-001506,2025-10-14,SUBMITTED,ACTIVE,117081300.0,6,1.0,FULLY_COMPLIANT,MEDIUM,True
BT-001769,TND-000445,BID-001829,2025-10-14,SUBMITTED,ACTIVE,122924100.0,6,1.0,INCONSISTENT_DOCUMENT,MEDIUM,True
BT-001770,TND-000446,BID-001404,2025-11-17,SUBMITTED,ACTIVE,244165500.0,6,0.857,MINOR_ISSUES,MEDIUM,True
BT-001771,TND-000446,BID-001290,2025-11-17,SUBMITTED,ACTIVE,211097700.0,5,0.714,PARTIAL_COMPLIANCE,MEDIUM,True
BT-001772,TND-000446,BID-001848,2025-11-17,SUBMITTED,ACTIVE,255524600.0,7,1.0,PARTIAL_COMPLIANCE,MEDIUM,True
BT-001773,TND-000447,BID-001509,2026-07-02,SUBMITTED,ACTIVE,215404400.0,5,0.714,EXPIRED_DOCUMENT,MEDIUM,True
BT-001774,TND-000447,BID-001848,2026-07-02,SUBMITTED,ACTIVE,191119900.0,7,1.0,INSUFFICIENT_EVIDENCE,MEDIUM,True
BT-001775,TND-000447,BID-000482,2026-07-02,SUBMITTED,ACTIVE,233740700.0,6,0.857,FULLY_COMPLIANT,MEDIUM,True
BT-001776,TND-000448,BID-001254,2026-07-22,SUBMITTED,ACTIVE,18616000.0,7,1.0,HARD_AMBIGUOUS_CASE,EASY,True
BT-001777,TND-000448,BID-001244,2026-07-22,SUBMITTED,ACTIVE,18701200.0,6,0.857,FULLY_COMPLIANT,EASY,True
BT-001778,TND-000448,BID-000786,2026-07-22,SUBMITTED,ACTIVE,20775900.0,7,1.0,INVALID_DOCUMENT,EASY,True
BT-001783,TND-000450,BID-000839,2025-08-05,SUBMITTED,ACTIVE,119630700.0,6,1.0,INSUFFICIENT_EVIDENCE,EASY,True
BT-001784,TND-000450,BID-000285,2025-08-05,SUBMITTED,ACTIVE,145433000.0,2,0.333,MISSING_DOCUMENT,EASY,True
BT-001785,TND-000450,BID-001822,2025-08-05,SUBMITTED,ACTIVE,132720800.0,5,0.833,MINOR_ISSUES,EASY,True
BT-001786,TND-000450,BID-000845,2025-08-05,SUBMITTED,ACTIVE,156614400.0,5,0.833,FULLY_COMPLIANT,EASY,True
BT-001787,TND-000450,BID-000995,2025-08-05,SUBMITTED,ACTIVE,141250100.0,5,0.833,FULLY_COMPLIANT,EASY,True
BT-001788,TND-000451,BID-001928,2025-11-15,SUBMITTED,ACTIVE,183916600.0,6,1.0,FULLY_COMPLIANT,EASY,True
BT-001789,TND-000451,BID-000025,2025-11-15,SUBMITTED,ACTIVE,186864900.0,6,1.0,FULLY_COMPLIANT,EASY,True
BT-001790,TND-000451,BID-001171,2025-11-15,SUBMITTED,ACTIVE,172328100.0,6,1.0,FULLY_COMPLIANT,EASY,True
BT-001791,TND-000452,BID-001506,2025-02-28,SUBMITTED,ACTIVE,13180400.0,5,0.833,FULLY_COMPLIANT,EASY,True
BT-001792,TND-000452,BID-001515,2025-02-28,SUBMITTED,ACTIVE,14187000.0,5,0.833,MISSING_DOCUMENT,EASY,True
BT-001793,TND-000452,BID-000088,2025-02-28,SUBMITTED,ACTIVE,14626400.0,6,1.0,INSUFFICIENT_EVIDENCE,EASY,True
BT-001794,TND-000452,BID-000405,2025-02-28,SUBMITTED,ACTIVE,13342100.0,6,1.0,INVALID_DOCUMENT,EASY,True
BT-001795,TND-000452,BID-000156,2025-02-28,SUBMITTED,ACTIVE,15498700.0,6,1.0,FULLY_COMPLIANT,EASY,True
BT-001799,TND-000454,BID-001890,2026-07-12,SUBMITTED,ACTIVE,118620800.0,5,0.833,MINOR_ISSUES,HARD,True
BT-001800,TND-000454,BID-000357,2026-07-12,SUBMITTED,ACTIVE,116495600.0,6,1.0,EXPIRED_DOCUMENT,HARD,True
BT-001801,TND-000454,BID-001106,2026-07-12,SUBMITTED,ACTIVE,124984500.0,3,0.5,MISSING_DOCUMENT,HARD,True
BT-001809,TND-000457,BID-001508,2025-12-23,SUBMITTED,ACTIVE,26258500.0,7,1.0,HARD_AMBIGUOUS_CASE,MEDIUM,True
BT-001810,TND-000457,BID-001338,2025-12-23,SUBMITTED,ACTIVE,32077900.0,7,1.0,FULLY_COMPLIANT,MEDIUM,True
BT-001811,TND-000457,BID-000862,2025-12-23,SUBMITTED,ACTIVE,32802400.0,7,1.0,FULLY_COMPLIANT,MEDIUM,True
BT-001815,TND-000459,BID-000509,2025-07-11,SUBMITTED,ACTIVE,9528400.0,6,1.0,INVALID_DOCUMENT,HARD,True
BT-001816,TND-000459,BID-001407,2025-07-11,SUBMITTED,ACTIVE,7992500.0,5,0.833,EXPIRED_DOCUMENT,HARD,True
BT-001817,TND-000459,BID-001855,2025-07-11,SUBMITTED,ACTIVE,9645400.0,6,1.0,HARD_AMBIGUOUS_CASE,HARD,True
BT-001818,TND-000459,BID-000619,2025-07-11,SUBMITTED,ACTIVE,9450100.0,5,0.833,FULLY_COMPLIANT,HARD,True
BT-001819,TND-000460,BID-000207,2026-06-11,SUBMITTED,ACTIVE,217481800.0,6,0.857,PARTIAL_COMPLIANCE,EASY,True
BT-001820,TND-000460,BID-001357,2026-06-11,SUBMITTED,ACTIVE,265800700.0,6,0.857,MINOR_ISSUES,EASY,True
BT-001821,TND-000460,BID-001050,2026-06-11,SUBMITTED,ACTIVE,233134100.0,5,0.714,FULLY_COMPLIANT,EASY,True
BT-001822,TND-000460,BID-001728,2026-06-11,SUBMITTED,ACTIVE,243618800.0,7,1.0,INSUFFICIENT_EVIDENCE,EASY,True
BT-001823,TND-000461,BID-001352,2025-08-13,SUBMITTED,ACTIVE,91087200.0,6,0.857,FULLY_COMPLIANT,EASY,True
BT-001824,TND-000461,BID-000015,2025-08-13,SUBMITTED,ACTIVE,106110800.0,5,0.714,PARTIAL_COMPLIANCE,EASY,True
BT-001825,TND-000461,BID-000425,2025-08-13,SUBMITTED,ACTIVE,97347800.0,6,0.857,FULLY_COMPLIANT,EASY,True
BT-001826,TND-000461,BID-000613,2025-08-13,SUBMITTED,ACTIVE,101934700.0,7,1.0,FULLY_COMPLIANT,EASY,True
BT-001827,TND-000461,BID-000982,2025-08-13,SUBMITTED,ACTIVE,114848600.0,6,0.857,INSUFFICIENT_EVIDENCE,EASY,True
BT-001832,TND-000463,BID-001050,2025-04-19,SUBMITTED,ACTIVE,19551800.0,4,0.571,FULLY_COMPLIANT,HARD,True
BT-001833,TND-000463,BID-000464,2025-04-19,SUBMITTED,ACTIVE,22923100.0,7,1.0,INVALID_DOCUMENT,HARD,True
BT-001834,TND-000463,BID-001527,2025-04-19,SUBMITTED,ACTIVE,21169700.0,7,1.0,EXPIRED_DOCUMENT,HARD,True
BT-001835,TND-000463,BID-001942,2025-04-19,SUBMITTED,ACTIVE,20816800.0,7,1.0,FULLY_COMPLIANT,HARD,True
BT-001836,TND-000463,BID-001192,2025-04-19,SUBMITTED,ACTIVE,21827400.0,6,0.857,FULLY_COMPLIANT,HARD,True
BT-001837,TND-000464,BID-000894,2025-05-31,SUBMITTED,ACTIVE,46781500.0,6,1.0,INSUFFICIENT_EVIDENCE,EASY,True
BT-001838,TND-000464,BID-000296,2025-05-31,SUBMITTED,ACTIVE,49648500.0,6,1.0,FULLY_COMPLIANT,EASY,True
BT-001839,TND-000464,BID-000295,2025-05-31,SUBMITTED,ACTIVE,54911900.0,6,1.0,PARTIAL_COMPLIANCE,EASY,True
BT-001845,TND-000466,BID-000528,2026-03-19,SUBMITTED,ACTIVE,36673000.0,6,1.0,MINOR_ISSUES,EASY,True
BT-001846,TND-000466,BID-001319,2026-03-19,SUBMITTED,ACTIVE,34589100.0,4,0.667,INVALID_DOCUMENT,EASY,True
BT-001847,TND-000466,BID-000867,2026-03-19,SUBMITTED,ACTIVE,36365000.0,5,0.833,PARTIAL_COMPLIANCE,EASY,True
BT-001848,TND-000466,BID-001301,2026-03-19,SUBMITTED,ACTIVE,33009800.0,6,1.0,HARD_AMBIGUOUS_CASE,EASY,True
BT-001849,TND-000466,BID-001843,2026-03-19,SUBMITTED,ACTIVE,39950200.0,5,0.833,FULLY_COMPLIANT,EASY,True
BT-001850,TND-000467,BID-001011,2025-04-24,SUBMITTED,ACTIVE,179171800.0,7,1.0,FULLY_COMPLIANT,MEDIUM,True
BT-001851,TND-000467,BID-001402,2025-04-24,SUBMITTED,ACTIVE,166430400.0,4,0.571,INSUFFICIENT_EVIDENCE,MEDIUM,True
BT-001852,TND-000467,BID-001148,2025-04-24,SUBMITTED,ACTIVE,185781800.0,5,0.714,INSUFFICIENT_EVIDENCE,MEDIUM,True
BT-001853,TND-000467,BID-000709,2025-04-24,SUBMITTED,ACTIVE,180777900.0,6,0.857,FULLY_COMPLIANT,MEDIUM,True
BT-001854,TND-000468,BID-000204,2025-12-14,SUBMITTED,ACTIVE,171768000.0,6,1.0,FULLY_COMPLIANT,MEDIUM,True
BT-001855,TND-000468,BID-001124,2025-12-14,SUBMITTED,ACTIVE,158382000.0,6,1.0,FULLY_COMPLIANT,MEDIUM,True
BT-001856,TND-000468,BID-001353,2025-12-14,SUBMITTED,ACTIVE,168817700.0,6,1.0,MINOR_ISSUES,MEDIUM,True
BT-001857,TND-000469,BID-001031,2026-06-08,SUBMITTED,ACTIVE,170683000.0,7,1.0,INSUFFICIENT_EVIDENCE,MEDIUM,True
BT-001858,TND-000469,BID-000491,2026-06-08,SUBMITTED,ACTIVE,175326700.0,7,1.0,PARTIAL_COMPLIANCE,MEDIUM,True
BT-001859,TND-000469,BID-000904,2026-06-08,SUBMITTED,ACTIVE,164340800.0,7,1.0,HARD_AMBIGUOUS_CASE,MEDIUM,True
BT-001860,TND-000469,BID-001359,2026-06-08,SUBMITTED,ACTIVE,147030700.0,7,1.0,MINOR_ISSUES,MEDIUM,True
BT-001861,TND-000469,BID-001868,2026-06-08,SUBMITTED,ACTIVE,156028700.0,6,0.857,INSUFFICIENT_EVIDENCE,MEDIUM,True
BT-001862,TND-000470,BID-001834,2026-07-15,SUBMITTED,ACTIVE,201618000.0,6,1.0,FULLY_COMPLIANT,EASY,True
BT-001863,TND-000470,BID-000186,2026-07-15,SUBMITTED,ACTIVE,189781700.0,6,1.0,FULLY_COMPLIANT,EASY,True
BT-001864,TND-000470,BID-000793,2026-07-15,SUBMITTED,ACTIVE,227907300.0,6,1.0,INSUFFICIENT_EVIDENCE,EASY,True
BT-001865,TND-000470,BID-001845,2026-07-15,SUBMITTED,ACTIVE,245045400.0,5,0.833,HARD_AMBIGUOUS_CASE,EASY,True
BT-001866,TND-000471,BID-001769,2025-04-23,SUBMITTED,ACTIVE,164994900.0,6,1.0,MINOR_ISSUES,EASY,True
BT-001867,TND-000471,BID-000319,2025-04-23,SUBMITTED,ACTIVE,145217900.0,5,0.833,FULLY_COMPLIANT,EASY,True
BT-001868,TND-000471,BID-000533,2025-04-23,SUBMITTED,ACTIVE,143299300.0,6,1.0,MINOR_ISSUES,EASY,True
BT-001869,TND-000472,BID-000006,2025-12-27,SUBMITTED,ACTIVE,175946100.0,6,1.0,FULLY_COMPLIANT,MEDIUM,True
BT-001870,TND-000472,BID-000443,2025-12-27,SUBMITTED,ACTIVE,172357800.0,6,1.0,PARTIAL_COMPLIANCE,MEDIUM,True
BT-001871,TND-000472,BID-000087,2025-12-27,SUBMITTED,ACTIVE,196295400.0,5,0.833,INCONSISTENT_DOCUMENT,MEDIUM,True
BT-001875,TND-000474,BID-001832,2026-05-04,SUBMITTED,ACTIVE,184866900.0,6,1.0,FULLY_COMPLIANT,EASY,True
BT-001876,TND-000474,BID-001006,2026-05-04,SUBMITTED,ACTIVE,191948700.0,6,1.0,INVALID_DOCUMENT,EASY,True
BT-001877,TND-000474,BID-001064,2026-05-04,SUBMITTED,ACTIVE,172943100.0,6,1.0,FULLY_COMPLIANT,EASY,True
BT-001882,TND-000476,BID-001193,2025-08-17,SUBMITTED,ACTIVE,104549300.0,6,1.0,INSUFFICIENT_EVIDENCE,EASY,True
BT-001883,TND-000476,BID-000070,2025-08-17,SUBMITTED,ACTIVE,77493800.0,6,1.0,INVALID_DOCUMENT,EASY,True
BT-001884,TND-000476,BID-001701,2025-08-17,SUBMITTED,ACTIVE,101515700.0,5,0.833,HARD_AMBIGUOUS_CASE,EASY,True
BT-001894,TND-000479,BID-000044,2025-08-12,SUBMITTED,ACTIVE,207694200.0,6,1.0,FULLY_COMPLIANT,EASY,True
BT-001895,TND-000479,BID-001374,2025-08-12,SUBMITTED,ACTIVE,181710300.0,6,1.0,PARTIAL_COMPLIANCE,EASY,True
BT-001896,TND-000479,BID-000259,2025-08-12,SUBMITTED,ACTIVE,177824600.0,6,1.0,PARTIAL_COMPLIANCE,EASY,True
BT-001897,TND-000479,BID-001973,2025-08-12,SUBMITTED,ACTIVE,208325700.0,5,0.833,FULLY_COMPLIANT,EASY,True
BT-001898,TND-000480,BID-000641,2026-10-02,SUBMITTED,ACTIVE,124853500.0,2,0.333,MISSING_DOCUMENT,MEDIUM,True
BT-001899,TND-000480,BID-000053,2026-10-02,SUBMITTED,ACTIVE,114241400.0,5,0.833,FULLY_COMPLIANT,MEDIUM,True
BT-001900,TND-000480,BID-000379,2026-10-02,SUBMITTED,ACTIVE,102113800.0,5,0.833,FULLY_COMPLIANT,MEDIUM,True
BT-001901,TND-000481,BID-001449,2025-03-01,SUBMITTED,ACTIVE,106994200.0,6,0.857,FULLY_COMPLIANT,EASY,True
BT-001902,TND-000481,BID-001753,2025-03-01,SUBMITTED,ACTIVE,92300100.0,6,0.857,INVALID_DOCUMENT,EASY,True
BT-001903,TND-000481,BID-001781,2025-03-01,SUBMITTED,ACTIVE,104517500.0,4,0.571,MISSING_DOCUMENT,EASY,True
BT-001904,TND-000482,BID-001183,2026-08-14,SUBMITTED,ACTIVE,193421000.0,6,1.0,PARTIAL_COMPLIANCE,EASY,True
BT-001905,TND-000482,BID-000469,2026-08-14,SUBMITTED,ACTIVE,208343300.0,4,0.667,INCONSISTENT_DOCUMENT,EASY,True
BT-001906,TND-000482,BID-001317,2026-08-14,SUBMITTED,ACTIVE,184030200.0,6,1.0,INSUFFICIENT_EVIDENCE,EASY,True
BT-001907,TND-000482,BID-000959,2026-08-14,SUBMITTED,ACTIVE,217364800.0,5,0.833,FULLY_COMPLIANT,EASY,True
BT-001908,TND-000482,BID-000678,2026-08-14,SUBMITTED,ACTIVE,168623000.0,5,0.833,FULLY_COMPLIANT,EASY,True
BT-001909,TND-000483,BID-001911,2026-08-16,SUBMITTED,ACTIVE,95472100.0,5,0.833,PARTIAL_COMPLIANCE,EASY,True
BT-001910,TND-000483,BID-000903,2026-08-16,SUBMITTED,ACTIVE,92246000.0,6,1.0,FULLY_COMPLIANT,EASY,True
BT-001911,TND-000483,BID-001281,2026-08-16,SUBMITTED,ACTIVE,89997600.0,6,1.0,FULLY_COMPLIANT,EASY,True
BT-001912,TND-000483,BID-000478,2026-08-16,SUBMITTED,ACTIVE,92592100.0,3,0.5,MISSING_DOCUMENT,EASY,True
BT-001913,TND-000484,BID-000539,2025-11-10,SUBMITTED,ACTIVE,21581300.0,7,1.0,FULLY_COMPLIANT,EASY,True
BT-001914,TND-000484,BID-000590,2025-11-10,SUBMITTED,ACTIVE,18264400.0,5,0.714,HARD_AMBIGUOUS_CASE,EASY,True
BT-001915,TND-000484,BID-000915,2025-11-10,SUBMITTED,ACTIVE,17084000.0,7,1.0,FULLY_COMPLIANT,EASY,True
BT-001916,TND-000485,BID-000398,2025-05-17,SUBMITTED,ACTIVE,207949900.0,5,0.833,FULLY_COMPLIANT,EASY,True
BT-001917,TND-000485,BID-000455,2025-05-17,SUBMITTED,ACTIVE,259023700.0,6,1.0,FULLY_COMPLIANT,EASY,True
BT-001918,TND-000485,BID-000763,2025-05-17,SUBMITTED,ACTIVE,235652400.0,6,1.0,MINOR_ISSUES,EASY,True
BT-001919,TND-000485,BID-000598,2025-05-17,SUBMITTED,ACTIVE,196341400.0,5,0.833,FULLY_COMPLIANT,EASY,True
BT-001920,TND-000486,BID-001995,2026-08-29,SUBMITTED,ACTIVE,21169600.0,6,1.0,FULLY_COMPLIANT,EASY,True
BT-001921,TND-000486,BID-001216,2026-08-29,SUBMITTED,ACTIVE,25000000.0,6,1.0,MINOR_ISSUES,EASY,True
BT-001922,TND-000486,BID-001618,2026-08-29,SUBMITTED,ACTIVE,19781700.0,6,1.0,EXPIRED_DOCUMENT,EASY,True
BT-001928,TND-000488,BID-000648,2025-03-02,SUBMITTED,ACTIVE,204240800.0,6,0.857,FULLY_COMPLIANT,EASY,True
BT-001929,TND-000488,BID-000904,2025-03-02,SUBMITTED,ACTIVE,211158300.0,6,0.857,FULLY_COMPLIANT,EASY,True
BT-001930,TND-000488,BID-001978,2025-03-02,SUBMITTED,ACTIVE,241679200.0,6,0.857,INCONSISTENT_DOCUMENT,EASY,True
BT-001931,TND-000488,BID-001078,2025-03-02,SUBMITTED,ACTIVE,221322800.0,7,1.0,PARTIAL_COMPLIANCE,EASY,True
BT-001932,TND-000488,BID-001211,2025-03-02,SUBMITTED,ACTIVE,228464400.0,7,1.0,HARD_AMBIGUOUS_CASE,EASY,True
BT-001933,TND-000489,BID-000163,2026-02-09,SUBMITTED,ACTIVE,188031800.0,6,1.0,FULLY_COMPLIANT,EASY,True
BT-001934,TND-000489,BID-001825,2026-02-09,SUBMITTED,ACTIVE,172398900.0,6,1.0,INSUFFICIENT_EVIDENCE,EASY,True
BT-001935,TND-000489,BID-000186,2026-02-09,SUBMITTED,ACTIVE,195194600.0,6,1.0,INVALID_DOCUMENT,EASY,True
BT-001936,TND-000489,BID-000146,2026-02-09,SUBMITTED,ACTIVE,182361900.0,4,0.667,MISSING_DOCUMENT,EASY,True
BT-001937,TND-000490,BID-000913,2026-11-01,SUBMITTED,ACTIVE,226398400.0,6,0.857,HARD_AMBIGUOUS_CASE,EASY,True
BT-001938,TND-000490,BID-001921,2026-11-01,SUBMITTED,ACTIVE,239972300.0,7,1.0,FULLY_COMPLIANT,EASY,True
BT-001939,TND-000490,BID-001800,2026-11-01,SUBMITTED,ACTIVE,212221600.0,5,0.714,HARD_AMBIGUOUS_CASE,EASY,True
BT-001940,TND-000491,BID-001335,2026-07-13,SUBMITTED,ACTIVE,137334600.0,6,1.0,INCONSISTENT_DOCUMENT,EASY,True
BT-001941,TND-000491,BID-000388,2026-07-13,SUBMITTED,ACTIVE,134487700.0,6,1.0,INCONSISTENT_DOCUMENT,EASY,True
BT-001942,TND-000491,BID-000500,2026-07-13,SUBMITTED,ACTIVE,140638600.0,5,0.833,FULLY_COMPLIANT,EASY,True
BT-001943,TND-000491,BID-001378,2026-07-13,SUBMITTED,ACTIVE,136298200.0,6,1.0,INSUFFICIENT_EVIDENCE,EASY,True
BT-001944,TND-000491,BID-000113,2026-07-13,SUBMITTED,ACTIVE,127141700.0,5,0.833,FULLY_COMPLIANT,EASY,True
BT-001945,TND-000492,BID-001208,2026-04-25,SUBMITTED,ACTIVE,248271600.0,5,0.833,MINOR_ISSUES,EASY,True
BT-001946,TND-000492,BID-001515,2026-04-25,SUBMITTED,ACTIVE,235608800.0,5,0.833,FULLY_COMPLIANT,EASY,True
BT-001947,TND-000492,BID-000037,2026-04-25,SUBMITTED,ACTIVE,235288000.0,2,0.333,MISSING_DOCUMENT,EASY,True
BT-001948,TND-000492,BID-000929,2026-04-25,SUBMITTED,ACTIVE,210091400.0,5,0.833,FULLY_COMPLIANT,EASY,True
BT-001949,TND-000492,BID-000809,2026-04-25,SUBMITTED,ACTIVE,214947100.0,5,0.833,FULLY_COMPLIANT,EASY,True
BT-001950,TND-000493,BID-000084,2025-07-26,SUBMITTED,ACTIVE,174385300.0,6,1.0,MINOR_ISSUES,HARD,True
BT-001951,TND-000493,BID-000748,2025-07-26,SUBMITTED,ACTIVE,194619200.0,6,1.0,INCONSISTENT_DOCUMENT,HARD,True
BT-001952,TND-000493,BID-001867,2025-07-26,SUBMITTED,ACTIVE,191200300.0,5,0.833,HARD_AMBIGUOUS_CASE,HARD,True
BT-001953,TND-000493,BID-000820,2025-07-26,SUBMITTED,ACTIVE,177334100.0,6,1.0,HARD_AMBIGUOUS_CASE,HARD,True
BT-001954,TND-000493,BID-000755,2025-07-26,SUBMITTED,ACTIVE,194340500.0,6,1.0,INSUFFICIENT_EVIDENCE,HARD,True
BT-001955,TND-000494,BID-001167,2025-05-25,SUBMITTED,ACTIVE,197712500.0,6,1.0,EXPIRED_DOCUMENT,HARD,True
BT-001956,TND-000494,BID-000049,2025-05-25,SUBMITTED,ACTIVE,210333700.0,4,0.667,MISSING_DOCUMENT,HARD,True
BT-001957,TND-000494,BID-000238,2025-05-25,SUBMITTED,ACTIVE,199203900.0,5,0.833,PARTIAL_COMPLIANCE,HARD,True
BT-001958,TND-000494,BID-001431,2025-05-25,SUBMITTED,ACTIVE,163216200.0,5,0.833,FULLY_COMPLIANT,HARD,True
BT-001959,TND-000495,BID-000350,2025-08-03,SUBMITTED,ACTIVE,16046400.0,4,0.667,MISSING_DOCUMENT,EASY,True
BT-001960,TND-000495,BID-000553,2025-08-03,SUBMITTED,ACTIVE,14234700.0,4,0.667,MISSING_DOCUMENT,EASY,True
BT-001961,TND-000495,BID-000353,2025-08-03,SUBMITTED,ACTIVE,12621400.0,6,1.0,FULLY_COMPLIANT,EASY,True
BT-001962,TND-000496,BID-000032,2025-10-15,SUBMITTED,ACTIVE,154320900.0,7,1.0,INSUFFICIENT_EVIDENCE,EASY,True
BT-001963,TND-000496,BID-001366,2025-10-15,SUBMITTED,ACTIVE,162412900.0,6,0.857,MINOR_ISSUES,EASY,True
BT-001964,TND-000496,BID-001187,2025-10-15,SUBMITTED,ACTIVE,133819200.0,5,0.714,MINOR_ISSUES,EASY,True
BT-001965,TND-000496,BID-000701,2025-10-15,SUBMITTED,ACTIVE,166403400.0,7,1.0,FULLY_COMPLIANT,EASY,True
BT-001966,TND-000496,BID-000859,2025-10-15,SUBMITTED,ACTIVE,174614700.0,6,0.857,INSUFFICIENT_EVIDENCE,EASY,True
BT-001967,TND-000497,BID-001754,2025-01-31,SUBMITTED,ACTIVE,108811800.0,5,0.714,FULLY_COMPLIANT,HARD,True
BT-001968,TND-000497,BID-000798,2025-01-31,SUBMITTED,ACTIVE,125066500.0,6,0.857,FULLY_COMPLIANT,HARD,True
BT-001969,TND-000497,BID-001483,2025-01-31,SUBMITTED,ACTIVE,124301000.0,7,1.0,FULLY_COMPLIANT,HARD,True
BT-001970,TND-000497,BID-000503,2025-01-31,SUBMITTED,ACTIVE,118873200.0,7,1.0,FULLY_COMPLIANT,HARD,True
BT-001971,TND-000497,BID-001197,2025-01-31,SUBMITTED,ACTIVE,126436300.0,7,1.0,FULLY_COMPLIANT,HARD,True
BT-001972,TND-000498,BID-001532,2026-02-06,SUBMITTED,ACTIVE,38941600.0,7,1.0,FULLY_COMPLIANT,MEDIUM,True
BT-001973,TND-000498,BID-000584,2026-02-06,SUBMITTED,ACTIVE,41396000.0,5,0.714,INVALID_DOCUMENT,MEDIUM,True
BT-001974,TND-000498,BID-001383,2026-02-06,SUBMITTED,ACTIVE,40666600.0,6,0.857,INSUFFICIENT_EVIDENCE,MEDIUM,True
BT-001975,TND-000498,BID-000021,2026-02-06,SUBMITTED,ACTIVE,38669500.0,6,0.857,MISSING_DOCUMENT,MEDIUM,True
BT-001976,TND-000498,BID-000798,2026-02-06,SUBMITTED,ACTIVE,33029900.0,6,0.857,PARTIAL_COMPLIANCE,MEDIUM,True
BT-001981,TND-000500,BID-001523,2026-06-02,SUBMITTED,ACTIVE,95253600.0,6,1.0,INVALID_DOCUMENT,EASY,True
BT-001982,TND-000500,BID-000518,2026-06-02,SUBMITTED,ACTIVE,98501400.0,5,0.833,FULLY_COMPLIANT,EASY,True
BT-001983,TND-000500,BID-000796,2026-06-02,SUBMITTED,ACTIVE,81797200.0,4,0.667,INSUFFICIENT_EVIDENCE,EASY,True
BT-001984,TND-000500,BID-000389,2026-06-02,SUBMITTED,ACTIVE,100368500.0,6,1.0,PARTIAL_COMPLIANCE,EASY,True
BT-001985,TND-000500,BID-000702,2026-06-02,SUBMITTED,ACTIVE,103385600.0,6,1.0,INSUFFICIENT_EVIDENCE,EASY,True
BT-001989,TND-000502,BID-000656,2025-11-29,SUBMITTED,ACTIVE,13782000.0,6,0.857,FULLY_COMPLIANT,HARD,True
BT-001990,TND-000502,BID-000495,2025-11-29,SUBMITTED,ACTIVE,13436900.0,5,0.714,PARTIAL_COMPLIANCE,HARD,True
BT-001991,TND-000502,BID-000005,2025-11-29,SUBMITTED,ACTIVE,16093700.0,7,1.0,FULLY_COMPLIANT,HARD,True
BT-001997,TND-000504,BID-000508,2025-03-25,SUBMITTED,ACTIVE,87858700.0,6,1.0,MINOR_ISSUES,HARD,True
BT-001998,TND-000504,BID-000445,2025-03-25,SUBMITTED,ACTIVE,83364600.0,5,0.833,FULLY_COMPLIANT,HARD,True
BT-001999,TND-000504,BID-000965,2025-03-25,SUBMITTED,ACTIVE,95283300.0,5,0.833,FULLY_COMPLIANT,HARD,True
BT-002005,TND-000506,BID-001010,2026-07-17,SUBMITTED,ACTIVE,150689300.0,6,1.0,FULLY_COMPLIANT,HARD,True
BT-002006,TND-000506,BID-000588,2026-07-17,SUBMITTED,ACTIVE,136505100.0,5,0.833,INSUFFICIENT_EVIDENCE,HARD,True
BT-002007,TND-000506,BID-000108,2026-07-17,SUBMITTED,ACTIVE,162848000.0,3,0.5,MISSING_DOCUMENT,HARD,True
BT-002008,TND-000507,BID-001177,2025-07-03,SUBMITTED,ACTIVE,128394500.0,7,1.0,MINOR_ISSUES,EASY,True
BT-002009,TND-000507,BID-001925,2025-07-03,SUBMITTED,ACTIVE,127802900.0,6,0.857,INSUFFICIENT_EVIDENCE,EASY,True
BT-002010,TND-000507,BID-001534,2025-07-03,SUBMITTED,ACTIVE,144446800.0,6,0.857,INVALID_DOCUMENT,EASY,True
BT-002011,TND-000508,BID-000859,2025-03-27,SUBMITTED,ACTIVE,96043600.0,7,1.0,FULLY_COMPLIANT,HARD,True
BT-002012,TND-000508,BID-001520,2025-03-27,SUBMITTED,ACTIVE,85249000.0,6,0.857,FULLY_COMPLIANT,HARD,True
BT-002013,TND-000508,BID-000729,2025-03-27,SUBMITTED,ACTIVE,101453600.0,6,0.857,MINOR_ISSUES,HARD,True
BT-002014,TND-000508,BID-000481,2025-03-27,SUBMITTED,ACTIVE,99380500.0,5,0.714,MINOR_ISSUES,HARD,True
BT-002015,TND-000508,BID-001334,2025-03-27,SUBMITTED,ACTIVE,77323400.0,7,1.0,FULLY_COMPLIANT,HARD,True
BT-002021,TND-000510,BID-000502,2025-11-14,SUBMITTED,ACTIVE,188774100.0,7,1.0,FULLY_COMPLIANT,EASY,True
BT-002022,TND-000510,BID-001684,2025-11-14,SUBMITTED,ACTIVE,242446800.0,6,0.857,EXPIRED_DOCUMENT,EASY,True
BT-002023,TND-000510,BID-001024,2025-11-14,SUBMITTED,ACTIVE,193030200.0,6,0.857,MISSING_DOCUMENT,EASY,True
BT-002024,TND-000510,BID-000990,2025-11-14,SUBMITTED,ACTIVE,210426800.0,7,1.0,INSUFFICIENT_EVIDENCE,EASY,True
BT-002025,TND-000511,BID-001002,2025-06-02,SUBMITTED,ACTIVE,230484000.0,6,0.857,MINOR_ISSUES,HARD,True
BT-002026,TND-000511,BID-001985,2025-06-02,SUBMITTED,ACTIVE,265864700.0,7,1.0,MINOR_ISSUES,HARD,True
BT-002027,TND-000511,BID-000377,2025-06-02,SUBMITTED,ACTIVE,201750400.0,7,1.0,FULLY_COMPLIANT,HARD,True
BT-002028,TND-000511,BID-001165,2025-06-02,SUBMITTED,ACTIVE,216418100.0,7,1.0,INCONSISTENT_DOCUMENT,HARD,True
BT-002029,TND-000511,BID-001028,2025-06-02,SUBMITTED,ACTIVE,245561500.0,7,1.0,INCONSISTENT_DOCUMENT,HARD,True
BT-002038,TND-000514,BID-001537,2025-03-16,SUBMITTED,ACTIVE,46299900.0,6,1.0,FULLY_COMPLIANT,EASY,True
BT-002039,TND-000514,BID-000476,2025-03-16,SUBMITTED,ACTIVE,49058600.0,6,1.0,PARTIAL_COMPLIANCE,EASY,True
BT-002040,TND-000514,BID-001791,2025-03-16,SUBMITTED,ACTIVE,53159600.0,5,0.833,FULLY_COMPLIANT,EASY,True
BT-002041,TND-000514,BID-001556,2025-03-16,SUBMITTED,ACTIVE,60317700.0,5,0.833,MINOR_ISSUES,EASY,True
BT-002042,TND-000515,BID-001973,2026-01-23,SUBMITTED,ACTIVE,146981500.0,5,0.833,PARTIAL_COMPLIANCE,EASY,True
BT-002043,TND-000515,BID-000307,2026-01-23,SUBMITTED,ACTIVE,151473400.0,6,1.0,FULLY_COMPLIANT,EASY,True
BT-002044,TND-000515,BID-000956,2026-01-23,SUBMITTED,ACTIVE,113125800.0,5,0.833,FULLY_COMPLIANT,EASY,True
BT-002045,TND-000515,BID-000350,2026-01-23,SUBMITTED,ACTIVE,147409100.0,5,0.833,INSUFFICIENT_EVIDENCE,EASY,True
BT-002049,TND-000517,BID-000379,2026-08-21,SUBMITTED,ACTIVE,163193100.0,6,1.0,FULLY_COMPLIANT,EASY,True
BT-002050,TND-000517,BID-001377,2026-08-21,SUBMITTED,ACTIVE,147452000.0,6,1.0,FULLY_COMPLIANT,EASY,True
BT-002051,TND-000517,BID-001022,2026-08-21,SUBMITTED,ACTIVE,159500400.0,6,1.0,INVALID_DOCUMENT,EASY,True
BT-002052,TND-000517,BID-001793,2026-08-21,SUBMITTED,ACTIVE,154715200.0,6,1.0,HARD_AMBIGUOUS_CASE,EASY,True
BT-002053,TND-000518,BID-000840,2026-09-25,SUBMITTED,ACTIVE,246160900.0,5,0.833,INSUFFICIENT_EVIDENCE,EASY,True
BT-002054,TND-000518,BID-001124,2026-09-25,SUBMITTED,ACTIVE,198399600.0,6,1.0,PARTIAL_COMPLIANCE,EASY,True
BT-002055,TND-000518,BID-001797,2026-09-25,SUBMITTED,ACTIVE,216326100.0,6,1.0,FULLY_COMPLIANT,EASY,True
BT-002056,TND-000518,BID-001771,2026-09-25,SUBMITTED,ACTIVE,200621000.0,5,0.833,PARTIAL_COMPLIANCE,EASY,True
BT-002057,TND-000519,BID-001824,2026-09-03,SUBMITTED,ACTIVE,219261500.0,7,1.0,PARTIAL_COMPLIANCE,MEDIUM,True
BT-002058,TND-000519,BID-001908,2026-09-03,SUBMITTED,ACTIVE,254436300.0,7,1.0,FULLY_COMPLIANT,MEDIUM,True
BT-002059,TND-000519,BID-000633,2026-09-03,SUBMITTED,ACTIVE,229377600.0,2,0.286,MISSING_DOCUMENT,MEDIUM,True
BT-002060,TND-000519,BID-000984,2026-09-03,SUBMITTED,ACTIVE,233880800.0,7,1.0,INSUFFICIENT_EVIDENCE,MEDIUM,True
BT-002061,TND-000520,BID-000457,2026-10-09,SUBMITTED,ACTIVE,62339500.0,3,0.429,MISSING_DOCUMENT,MEDIUM,True
BT-002062,TND-000520,BID-000430,2026-10-09,SUBMITTED,ACTIVE,60931800.0,3,0.429,MISSING_DOCUMENT,MEDIUM,True
BT-002063,TND-000520,BID-000122,2026-10-09,SUBMITTED,ACTIVE,54746400.0,6,0.857,EXPIRED_DOCUMENT,MEDIUM,True
BT-002064,TND-000520,BID-000990,2026-10-09,SUBMITTED,ACTIVE,63536200.0,7,1.0,FULLY_COMPLIANT,MEDIUM,True
BT-002065,TND-000520,BID-001129,2026-10-09,SUBMITTED,ACTIVE,54033600.0,6,0.857,MINOR_ISSUES,MEDIUM,True
BT-002066,TND-000521,BID-000602,2025-03-13,SUBMITTED,ACTIVE,26636900.0,6,1.0,FULLY_COMPLIANT,HARD,True
BT-002067,TND-000521,BID-001904,2025-03-13,SUBMITTED,ACTIVE,31179200.0,5,0.833,INVALID_DOCUMENT,HARD,True
BT-002068,TND-000521,BID-001552,2025-03-13,SUBMITTED,ACTIVE,32183200.0,6,1.0,INSUFFICIENT_EVIDENCE,HARD,True
BT-002069,TND-000521,BID-001185,2025-03-13,SUBMITTED,ACTIVE,29696200.0,5,0.833,HARD_AMBIGUOUS_CASE,HARD,True
BT-002070,TND-000522,BID-000108,2026-09-14,SUBMITTED,ACTIVE,113743800.0,6,1.0,FULLY_COMPLIANT,MEDIUM,True
BT-002071,TND-000522,BID-000264,2026-09-14,SUBMITTED,ACTIVE,111490700.0,6,1.0,FULLY_COMPLIANT,MEDIUM,True
BT-002072,TND-000522,BID-000188,2026-09-14,SUBMITTED,ACTIVE,98515700.0,6,1.0,INCONSISTENT_DOCUMENT,MEDIUM,True
BT-002073,TND-000522,BID-000983,2026-09-14,SUBMITTED,ACTIVE,90117400.0,6,1.0,INVALID_DOCUMENT,MEDIUM,True
BT-002074,TND-000523,BID-000076,2025-03-09,SUBMITTED,ACTIVE,152922900.0,4,0.667,MISSING_DOCUMENT,EASY,True
BT-002075,TND-000523,BID-000658,2025-03-09,SUBMITTED,ACTIVE,138762500.0,6,1.0,PARTIAL_COMPLIANCE,EASY,True
BT-002076,TND-000523,BID-001668,2025-03-09,SUBMITTED,ACTIVE,148374100.0,6,1.0,FULLY_COMPLIANT,EASY,True
BT-002077,TND-000523,BID-001837,2025-03-09,SUBMITTED,ACTIVE,132530500.0,5,0.833,PARTIAL_COMPLIANCE,EASY,True
BT-002078,TND-000524,BID-000399,2025-10-26,SUBMITTED,ACTIVE,144653000.0,7,1.0,INSUFFICIENT_EVIDENCE,EASY,True
BT-002079,TND-000524,BID-001924,2025-10-26,SUBMITTED,ACTIVE,161814100.0,7,1.0,PARTIAL_COMPLIANCE,EASY,True
BT-002080,TND-000524,BID-001358,2025-10-26,SUBMITTED,ACTIVE,181946000.0,3,0.429,MISSING_DOCUMENT,EASY,True
BT-002081,TND-000524,BID-001835,2025-10-26,SUBMITTED,ACTIVE,142045200.0,7,1.0,MINOR_ISSUES,EASY,True
BT-002082,TND-000524,BID-001983,2025-10-26,SUBMITTED,ACTIVE,151672900.0,6,0.857,FULLY_COMPLIANT,EASY,True
BT-002083,TND-000525,BID-000332,2026-03-22,SUBMITTED,ACTIVE,164903800.0,6,1.0,FULLY_COMPLIANT,EASY,True
BT-002084,TND-000525,BID-000629,2026-03-22,SUBMITTED,ACTIVE,194482400.0,6,1.0,MINOR_ISSUES,EASY,True
BT-002085,TND-000525,BID-000960,2026-03-22,SUBMITTED,ACTIVE,170036600.0,6,1.0,FULLY_COMPLIANT,EASY,True
BT-002086,TND-000525,BID-000526,2026-03-22,SUBMITTED,ACTIVE,170615200.0,5,0.833,FULLY_COMPLIANT,EASY,True
BT-002087,TND-000525,BID-001822,2026-03-22,SUBMITTED,ACTIVE,209331100.0,5,0.833,FULLY_COMPLIANT,EASY,True
BT-002093,TND-000527,BID-000367,2026-08-03,SUBMITTED,ACTIVE,180613100.0,6,0.857,INCONSISTENT_DOCUMENT,MEDIUM,True
BT-002094,TND-000527,BID-001080,2026-08-03,SUBMITTED,ACTIVE,180944400.0,7,1.0,FULLY_COMPLIANT,MEDIUM,True
BT-002095,TND-000527,BID-000368,2026-08-03,SUBMITTED,ACTIVE,175603600.0,6,0.857,EXPIRED_DOCUMENT,MEDIUM,True
BT-002096,TND-000528,BID-001217,2026-07-27,SUBMITTED,ACTIVE,59163800.0,5,0.714,FULLY_COMPLIANT,MEDIUM,True
BT-002097,TND-000528,BID-000203,2026-07-27,SUBMITTED,ACTIVE,64952000.0,1,0.143,MISSING_DOCUMENT,MEDIUM,True
BT-002098,TND-000528,BID-001513,2026-07-27,SUBMITTED,ACTIVE,63408600.0,7,1.0,MINOR_ISSUES,MEDIUM,True
BT-002103,TND-000530,BID-000810,2025-02-22,SUBMITTED,ACTIVE,64963900.0,6,1.0,FULLY_COMPLIANT,EASY,True
BT-002104,TND-000530,BID-001307,2025-02-22,SUBMITTED,ACTIVE,65633900.0,6,1.0,FULLY_COMPLIANT,EASY,True
BT-002105,TND-000530,BID-001875,2025-02-22,SUBMITTED,ACTIVE,56243200.0,5,0.833,FULLY_COMPLIANT,EASY,True
BT-002106,TND-000530,BID-000146,2025-02-22,SUBMITTED,ACTIVE,53753300.0,6,1.0,FULLY_COMPLIANT,EASY,True
BT-002107,TND-000530,BID-000793,2025-02-22,SUBMITTED,ACTIVE,71439000.0,6,1.0,INSUFFICIENT_EVIDENCE,EASY,True
BT-002108,TND-000531,BID-001140,2025-02-25,SUBMITTED,ACTIVE,166386100.0,7,1.0,INSUFFICIENT_EVIDENCE,HARD,True
BT-002109,TND-000531,BID-001952,2025-02-25,SUBMITTED,ACTIVE,131091600.0,6,0.857,FULLY_COMPLIANT,HARD,True
BT-002110,TND-000531,BID-000093,2025-02-25,SUBMITTED,ACTIVE,142235400.0,7,1.0,FULLY_COMPLIANT,HARD,True
BT-002111,TND-000531,BID-001709,2025-02-25,SUBMITTED,ACTIVE,143504900.0,7,1.0,INSUFFICIENT_EVIDENCE,HARD,True
BT-002112,TND-000531,BID-001032,2025-02-25,SUBMITTED,ACTIVE,170945800.0,7,1.0,FULLY_COMPLIANT,HARD,True
BT-002113,TND-000532,BID-000256,2026-07-27,SUBMITTED,ACTIVE,16873500.0,5,0.714,FULLY_COMPLIANT,EASY,True
BT-002114,TND-000532,BID-000477,2026-07-27,SUBMITTED,ACTIVE,20673600.0,7,1.0,FULLY_COMPLIANT,EASY,True
BT-002115,TND-000532,BID-001775,2026-07-27,SUBMITTED,ACTIVE,20057500.0,6,0.857,FULLY_COMPLIANT,EASY,True
BT-002116,TND-000532,BID-001626,2026-07-27,SUBMITTED,ACTIVE,16082700.0,5,0.714,FULLY_COMPLIANT,EASY,True
BT-002117,TND-000532,BID-001032,2026-07-27,SUBMITTED,ACTIVE,18992800.0,7,1.0,FULLY_COMPLIANT,EASY,True
BT-002118,TND-000533,BID-001155,2025-03-03,SUBMITTED,ACTIVE,158036800.0,6,0.857,FULLY_COMPLIANT,HARD,True
BT-002119,TND-000533,BID-001988,2025-03-03,SUBMITTED,ACTIVE,155670400.0,6,0.857,FULLY_COMPLIANT,HARD,True
BT-002120,TND-000533,BID-000582,2025-03-03,SUBMITTED,ACTIVE,186982000.0,7,1.0,MINOR_ISSUES,HARD,True
BT-002121,TND-000533,BID-000394,2025-03-03,SUBMITTED,ACTIVE,159718200.0,3,0.429,MISSING_DOCUMENT,HARD,True
BT-002122,TND-000533,BID-001839,2025-03-03,SUBMITTED,ACTIVE,186771900.0,7,1.0,INVALID_DOCUMENT,HARD,True
BT-002126,TND-000535,BID-000320,2025-02-25,SUBMITTED,ACTIVE,125691800.0,5,0.833,FULLY_COMPLIANT,HARD,True
BT-002127,TND-000535,BID-000815,2025-02-25,SUBMITTED,ACTIVE,94556600.0,5,0.833,FULLY_COMPLIANT,HARD,True
BT-002128,TND-000535,BID-001479,2025-02-25,SUBMITTED,ACTIVE,92652000.0,6,1.0,FULLY_COMPLIANT,HARD,True
BT-002129,TND-000535,BID-001833,2025-02-25,SUBMITTED,ACTIVE,120663600.0,6,1.0,FULLY_COMPLIANT,HARD,True
BT-002130,TND-000536,BID-000986,2025-11-26,SUBMITTED,ACTIVE,113007500.0,5,0.714,FULLY_COMPLIANT,EASY,True
BT-002131,TND-000536,BID-001290,2025-11-26,SUBMITTED,ACTIVE,111302900.0,6,0.857,FULLY_COMPLIANT,EASY,True
BT-002132,TND-000536,BID-001333,2025-11-26,SUBMITTED,ACTIVE,106882300.0,7,1.0,FULLY_COMPLIANT,EASY,True
BT-002133,TND-000536,BID-001221,2025-11-26,SUBMITTED,ACTIVE,116074600.0,6,0.857,FULLY_COMPLIANT,EASY,True
BT-002145,TND-000540,BID-000396,2026-09-22,SUBMITTED,ACTIVE,51404100.0,6,1.0,FULLY_COMPLIANT,HARD,True
BT-002146,TND-000540,BID-001163,2026-09-22,SUBMITTED,ACTIVE,49994400.0,6,1.0,FULLY_COMPLIANT,HARD,True
BT-002147,TND-000540,BID-001103,2026-09-22,SUBMITTED,ACTIVE,49273400.0,5,0.833,INCONSISTENT_DOCUMENT,HARD,True
BT-002148,TND-000540,BID-001861,2026-09-22,SUBMITTED,ACTIVE,42934400.0,6,1.0,MINOR_ISSUES,HARD,True
BT-002149,TND-000540,BID-001307,2026-09-22,SUBMITTED,ACTIVE,45219300.0,6,1.0,MINOR_ISSUES,HARD,True
BT-002150,TND-000541,BID-000289,2026-04-07,SUBMITTED,ACTIVE,174986200.0,5,0.833,HARD_AMBIGUOUS_CASE,HARD,True
BT-002151,TND-000541,BID-000609,2026-04-07,SUBMITTED,ACTIVE,154084100.0,5,0.833,PARTIAL_COMPLIANCE,HARD,True
BT-002152,TND-000541,BID-000657,2026-04-07,SUBMITTED,ACTIVE,175405400.0,4,0.667,FULLY_COMPLIANT,HARD,True
BT-002153,TND-000542,BID-000465,2025-03-22,SUBMITTED,ACTIVE,39776200.0,6,0.857,FULLY_COMPLIANT,MEDIUM,True
BT-002154,TND-000542,BID-001783,2025-03-22,SUBMITTED,ACTIVE,48901900.0,7,1.0,PARTIAL_COMPLIANCE,MEDIUM,True
BT-002155,TND-000542,BID-001739,2025-03-22,SUBMITTED,ACTIVE,49443100.0,6,0.857,EXPIRED_DOCUMENT,MEDIUM,True
BT-002156,TND-000542,BID-001329,2025-03-22,SUBMITTED,ACTIVE,48873300.0,7,1.0,FULLY_COMPLIANT,MEDIUM,True
BT-002157,TND-000542,BID-001122,2025-03-22,SUBMITTED,ACTIVE,38646300.0,7,1.0,FULLY_COMPLIANT,MEDIUM,True
BT-002158,TND-000543,BID-000569,2025-09-10,SUBMITTED,ACTIVE,185068200.0,7,1.0,FULLY_COMPLIANT,EASY,True
BT-002159,TND-000543,BID-000866,2025-09-10,SUBMITTED,ACTIVE,196560300.0,6,0.857,FULLY_COMPLIANT,EASY,True
BT-002160,TND-000543,BID-000778,2025-09-10,SUBMITTED,ACTIVE,196816100.0,5,0.714,PARTIAL_COMPLIANCE,EASY,True
BT-002161,TND-000543,BID-000506,2025-09-10,SUBMITTED,ACTIVE,211795600.0,7,1.0,FULLY_COMPLIANT,EASY,True
BT-002162,TND-000544,BID-001428,2026-09-18,SUBMITTED,ACTIVE,244768000.0,6,1.0,FULLY_COMPLIANT,EASY,True
BT-002163,TND-000544,BID-000165,2026-09-18,SUBMITTED,ACTIVE,257743300.0,6,1.0,INSUFFICIENT_EVIDENCE,EASY,True
BT-002164,TND-000544,BID-001323,2026-09-18,SUBMITTED,ACTIVE,208805700.0,6,1.0,INVALID_DOCUMENT,EASY,True
BT-002165,TND-000545,BID-000944,2026-08-26,SUBMITTED,ACTIVE,75708700.0,6,0.857,MINOR_ISSUES,HARD,True
BT-002166,TND-000545,BID-000811,2026-08-26,SUBMITTED,ACTIVE,89193000.0,7,1.0,FULLY_COMPLIANT,HARD,True
BT-002167,TND-000545,BID-000752,2026-08-26,SUBMITTED,ACTIVE,72618600.0,6,0.857,FULLY_COMPLIANT,HARD,True
BT-002168,TND-000546,BID-001846,2025-08-16,SUBMITTED,ACTIVE,83040600.0,6,0.857,FULLY_COMPLIANT,EASY,True
BT-002169,TND-000546,BID-000403,2025-08-16,SUBMITTED,ACTIVE,82431100.0,6,0.857,INSUFFICIENT_EVIDENCE,EASY,True
BT-002170,TND-000546,BID-000535,2025-08-16,SUBMITTED,ACTIVE,76965900.0,6,0.857,PARTIAL_COMPLIANCE,EASY,True
BT-002171,TND-000547,BID-000174,2025-05-29,SUBMITTED,ACTIVE,168818900.0,6,1.0,FULLY_COMPLIANT,MEDIUM,True
BT-002172,TND-000547,BID-001918,2025-05-29,SUBMITTED,ACTIVE,186145200.0,6,1.0,FULLY_COMPLIANT,MEDIUM,True
BT-002173,TND-000547,BID-000819,2025-05-29,SUBMITTED,ACTIVE,185280000.0,6,1.0,FULLY_COMPLIANT,MEDIUM,True
BT-002174,TND-000547,BID-001479,2025-05-29,SUBMITTED,ACTIVE,182230000.0,6,1.0,EXPIRED_DOCUMENT,MEDIUM,True
BT-002175,TND-000548,BID-001467,2025-04-18,SUBMITTED,ACTIVE,159919500.0,2,0.333,MISSING_DOCUMENT,MEDIUM,True
BT-002176,TND-000548,BID-000296,2025-04-18,SUBMITTED,ACTIVE,195964500.0,6,1.0,PARTIAL_COMPLIANCE,MEDIUM,True
BT-002177,TND-000548,BID-001007,2025-04-18,SUBMITTED,ACTIVE,188352700.0,6,1.0,INVALID_DOCUMENT,MEDIUM,True
BT-002178,TND-000549,BID-001605,2025-07-13,SUBMITTED,ACTIVE,202537100.0,6,1.0,INVALID_DOCUMENT,EASY,True
BT-002179,TND-000549,BID-001881,2025-07-13,SUBMITTED,ACTIVE,232599700.0,5,0.833,MINOR_ISSUES,EASY,True
BT-002180,TND-000549,BID-001973,2025-07-13,SUBMITTED,ACTIVE,254656600.0,5,0.833,INCONSISTENT_DOCUMENT,EASY,True
BT-002191,TND-000552,BID-000736,2026-02-23,SUBMITTED,ACTIVE,15087500.0,7,1.0,EXPIRED_DOCUMENT,HARD,True
BT-002192,TND-000552,BID-000023,2026-02-23,SUBMITTED,ACTIVE,18087300.0,6,0.857,INSUFFICIENT_EVIDENCE,HARD,True
BT-002193,TND-000552,BID-001460,2026-02-23,SUBMITTED,ACTIVE,15704000.0,6,0.857,HARD_AMBIGUOUS_CASE,HARD,True
BT-002194,TND-000552,BID-001077,2026-02-23,SUBMITTED,ACTIVE,15709500.0,7,1.0,PARTIAL_COMPLIANCE,HARD,True
BT-002195,TND-000552,BID-000548,2026-02-23,SUBMITTED,ACTIVE,15294500.0,5,0.714,FULLY_COMPLIANT,HARD,True
BT-002199,TND-000554,BID-001575,2025-11-09,SUBMITTED,ACTIVE,67226400.0,6,1.0,EXPIRED_DOCUMENT,EASY,True
BT-002200,TND-000554,BID-000937,2025-11-09,SUBMITTED,ACTIVE,71372600.0,6,1.0,HARD_AMBIGUOUS_CASE,EASY,True
BT-002201,TND-000554,BID-001823,2025-11-09,SUBMITTED,ACTIVE,84036700.0,6,1.0,MINOR_ISSUES,EASY,True
BT-002202,TND-000554,BID-000566,2025-11-09,SUBMITTED,ACTIVE,67486400.0,6,1.0,FULLY_COMPLIANT,EASY,True
BT-002203,TND-000555,BID-001408,2025-06-19,SUBMITTED,ACTIVE,171787900.0,6,1.0,FULLY_COMPLIANT,MEDIUM,True
BT-002204,TND-000555,BID-001142,2025-06-19,SUBMITTED,ACTIVE,137579200.0,5,0.833,MINOR_ISSUES,MEDIUM,True
BT-002205,TND-000555,BID-001311,2025-06-19,SUBMITTED,ACTIVE,140321200.0,6,1.0,INVALID_DOCUMENT,MEDIUM,True
BT-002206,TND-000555,BID-000766,2025-06-19,SUBMITTED,ACTIVE,156577000.0,1,0.167,MISSING_DOCUMENT,MEDIUM,True
BT-002207,TND-000555,BID-001512,2025-06-19,SUBMITTED,ACTIVE,154292500.0,6,1.0,INSUFFICIENT_EVIDENCE,MEDIUM,True
BT-002208,TND-000556,BID-000304,2025-09-26,SUBMITTED,ACTIVE,157655400.0,5,0.714,FULLY_COMPLIANT,HARD,True
BT-002209,TND-000556,BID-001908,2025-09-26,SUBMITTED,ACTIVE,167019000.0,5,0.714,EXPIRED_DOCUMENT,HARD,True
BT-002210,TND-000556,BID-000557,2025-09-26,SUBMITTED,ACTIVE,171353000.0,7,1.0,INCONSISTENT_DOCUMENT,HARD,True
BT-002211,TND-000557,BID-000116,2025-04-27,SUBMITTED,ACTIVE,113250700.0,5,0.833,INCONSISTENT_DOCUMENT,EASY,True
BT-002212,TND-000557,BID-001142,2025-04-27,SUBMITTED,ACTIVE,133131100.0,5,0.833,PARTIAL_COMPLIANCE,EASY,True
BT-002213,TND-000557,BID-000876,2025-04-27,SUBMITTED,ACTIVE,146481600.0,3,0.5,MISSING_DOCUMENT,EASY,True
BT-002214,TND-000557,BID-001610,2025-04-27,SUBMITTED,ACTIVE,139425300.0,6,1.0,FULLY_COMPLIANT,EASY,True
BT-002215,TND-000557,BID-001072,2025-04-27,SUBMITTED,ACTIVE,135382900.0,6,1.0,INSUFFICIENT_EVIDENCE,EASY,True
BT-002216,TND-000558,BID-001018,2026-07-09,SUBMITTED,ACTIVE,199595900.0,6,1.0,FULLY_COMPLIANT,EASY,True
BT-002217,TND-000558,BID-001390,2026-07-09,SUBMITTED,ACTIVE,225393700.0,5,0.833,FULLY_COMPLIANT,EASY,True
BT-002218,TND-000558,BID-000476,2026-07-09,SUBMITTED,ACTIVE,227712900.0,6,1.0,PARTIAL_COMPLIANCE,EASY,True
BT-002219,TND-000559,BID-001575,2026-03-20,SUBMITTED,ACTIVE,209157300.0,6,1.0,FULLY_COMPLIANT,MEDIUM,True
BT-002220,TND-000559,BID-000071,2026-03-20,SUBMITTED,ACTIVE,178286500.0,6,1.0,FULLY_COMPLIANT,MEDIUM,True
BT-002221,TND-000559,BID-000364,2026-03-20,SUBMITTED,ACTIVE,179366400.0,6,1.0,FULLY_COMPLIANT,MEDIUM,True
BT-002222,TND-000559,BID-000674,2026-03-20,SUBMITTED,ACTIVE,177961800.0,6,1.0,FULLY_COMPLIANT,MEDIUM,True
BT-002223,TND-000560,BID-001270,2026-05-14,SUBMITTED,ACTIVE,13462600.0,7,1.0,FULLY_COMPLIANT,MEDIUM,True
BT-002224,TND-000560,BID-000728,2026-05-14,SUBMITTED,ACTIVE,12279500.0,7,1.0,MINOR_ISSUES,MEDIUM,True
BT-002225,TND-000560,BID-000706,2026-05-14,SUBMITTED,ACTIVE,12914200.0,6,0.857,FULLY_COMPLIANT,MEDIUM,True
BT-002226,TND-000560,BID-000738,2026-05-14,SUBMITTED,ACTIVE,13459900.0,6,0.857,PARTIAL_COMPLIANCE,MEDIUM,True
BT-002227,TND-000561,BID-001685,2025-04-03,SUBMITTED,ACTIVE,2404800.0,7,1.0,FULLY_COMPLIANT,HARD,True
BT-002228,TND-000561,BID-001945,2025-04-03,SUBMITTED,ACTIVE,3058200.0,6,0.857,FULLY_COMPLIANT,HARD,True
BT-002229,TND-000561,BID-000872,2025-04-03,SUBMITTED,ACTIVE,2921600.0,7,1.0,FULLY_COMPLIANT,HARD,True
BT-002230,TND-000562,BID-000724,2026-09-16,SUBMITTED,ACTIVE,158026800.0,4,0.667,MINOR_ISSUES,HARD,True
BT-002231,TND-000562,BID-000365,2026-09-16,SUBMITTED,ACTIVE,161932500.0,6,1.0,FULLY_COMPLIANT,HARD,True
BT-002232,TND-000562,BID-001496,2026-09-16,SUBMITTED,ACTIVE,148351000.0,4,0.667,FULLY_COMPLIANT,HARD,True
BT-002233,TND-000562,BID-001779,2026-09-16,SUBMITTED,ACTIVE,145024500.0,5,0.833,PARTIAL_COMPLIANCE,HARD,True
BT-002234,TND-000563,BID-001049,2026-06-25,SUBMITTED,ACTIVE,4047700.0,5,0.833,PARTIAL_COMPLIANCE,EASY,True
BT-002235,TND-000563,BID-000475,2026-06-25,SUBMITTED,ACTIVE,4292900.0,4,0.667,FULLY_COMPLIANT,EASY,True
BT-002236,TND-000563,BID-000933,2026-06-25,SUBMITTED,ACTIVE,3363600.0,5,0.833,PARTIAL_COMPLIANCE,EASY,True
BT-002237,TND-000563,BID-001961,2026-06-25,SUBMITTED,ACTIVE,4531300.0,6,1.0,FULLY_COMPLIANT,EASY,True
BT-002238,TND-000563,BID-001713,2026-06-25,SUBMITTED,ACTIVE,4046800.0,5,0.833,MISSING_DOCUMENT,EASY,True
BT-002239,TND-000564,BID-000056,2026-07-14,SUBMITTED,ACTIVE,161911300.0,6,1.0,HARD_AMBIGUOUS_CASE,MEDIUM,True
BT-002240,TND-000564,BID-000794,2026-07-14,SUBMITTED,ACTIVE,162877800.0,5,0.833,INVALID_DOCUMENT,MEDIUM,True
BT-002241,TND-000564,BID-000243,2026-07-14,SUBMITTED,ACTIVE,162920900.0,6,1.0,FULLY_COMPLIANT,MEDIUM,True
BT-002242,TND-000564,BID-000867,2026-07-14,SUBMITTED,ACTIVE,187730300.0,5,0.833,PARTIAL_COMPLIANCE,MEDIUM,True
BT-002243,TND-000565,BID-001817,2025-09-15,SUBMITTED,ACTIVE,240137000.0,5,0.833,FULLY_COMPLIANT,MEDIUM,True
BT-002244,TND-000565,BID-000002,2025-09-15,SUBMITTED,ACTIVE,244381200.0,6,1.0,FULLY_COMPLIANT,MEDIUM,True
BT-002245,TND-000565,BID-000973,2025-09-15,SUBMITTED,ACTIVE,220658100.0,6,1.0,PARTIAL_COMPLIANCE,MEDIUM,True
BT-002246,TND-000565,BID-000333,2025-09-15,SUBMITTED,ACTIVE,198751400.0,6,1.0,FULLY_COMPLIANT,MEDIUM,True
BT-002252,TND-000567,BID-000472,2025-02-10,SUBMITTED,ACTIVE,52415000.0,7,1.0,INSUFFICIENT_EVIDENCE,HARD,True
BT-002253,TND-000567,BID-001676,2025-02-10,SUBMITTED,ACTIVE,46197900.0,7,1.0,FULLY_COMPLIANT,HARD,True
BT-002254,TND-000567,BID-000829,2025-02-10,SUBMITTED,ACTIVE,47325900.0,5,0.714,PARTIAL_COMPLIANCE,HARD,True
BT-002255,TND-000568,BID-001468,2026-08-15,SUBMITTED,ACTIVE,13669100.0,6,0.857,PARTIAL_COMPLIANCE,EASY,True
BT-002256,TND-000568,BID-000020,2026-08-15,SUBMITTED,ACTIVE,16333500.0,6,0.857,FULLY_COMPLIANT,EASY,True
BT-002257,TND-000568,BID-000984,2026-08-15,SUBMITTED,ACTIVE,17756000.0,7,1.0,FULLY_COMPLIANT,EASY,True
BT-002258,TND-000568,BID-000140,2026-08-15,SUBMITTED,ACTIVE,13904700.0,5,0.714,EXPIRED_DOCUMENT,EASY,True
BT-002259,TND-000568,BID-001340,2026-08-15,SUBMITTED,ACTIVE,15168300.0,7,1.0,MINOR_ISSUES,EASY,True
BT-002260,TND-000569,BID-000869,2026-09-25,SUBMITTED,ACTIVE,43433300.0,6,0.857,PARTIAL_COMPLIANCE,MEDIUM,True
BT-002261,TND-000569,BID-000384,2026-09-25,SUBMITTED,ACTIVE,46055700.0,7,1.0,INSUFFICIENT_EVIDENCE,MEDIUM,True
BT-002262,TND-000569,BID-000917,2026-09-25,SUBMITTED,ACTIVE,46180000.0,7,1.0,FULLY_COMPLIANT,MEDIUM,True
BT-002263,TND-000569,BID-000172,2026-09-25,SUBMITTED,ACTIVE,47824600.0,7,1.0,FULLY_COMPLIANT,MEDIUM,True
BT-002264,TND-000570,BID-000779,2025-03-04,SUBMITTED,ACTIVE,34397200.0,5,0.714,MISSING_DOCUMENT,EASY,True
BT-002265,TND-000570,BID-000785,2025-03-04,SUBMITTED,ACTIVE,27917800.0,6,0.857,FULLY_COMPLIANT,EASY,True
BT-002266,TND-000570,BID-000874,2025-03-04,SUBMITTED,ACTIVE,31944500.0,6,0.857,FULLY_COMPLIANT,EASY,True
BT-002267,TND-000570,BID-001988,2025-03-04,SUBMITTED,ACTIVE,26293300.0,6,0.857,FULLY_COMPLIANT,EASY,True
BT-002268,TND-000571,BID-000250,2026-07-07,SUBMITTED,ACTIVE,115211100.0,6,0.857,FULLY_COMPLIANT,EASY,True
BT-002269,TND-000571,BID-000058,2026-07-07,SUBMITTED,ACTIVE,107647000.0,7,1.0,FULLY_COMPLIANT,EASY,True
BT-002270,TND-000571,BID-001400,2026-07-07,SUBMITTED,ACTIVE,98705400.0,7,1.0,FULLY_COMPLIANT,EASY,True
BT-002271,TND-000571,BID-000974,2026-07-07,SUBMITTED,ACTIVE,111521700.0,6,0.857,FULLY_COMPLIANT,EASY,True
BT-002272,TND-000571,BID-000505,2026-07-07,SUBMITTED,ACTIVE,100137900.0,3,0.429,MISSING_DOCUMENT,EASY,True
BT-002273,TND-000572,BID-000489,2025-10-23,SUBMITTED,ACTIVE,239470200.0,6,1.0,MINOR_ISSUES,HARD,True
BT-002274,TND-000572,BID-001160,2025-10-23,SUBMITTED,ACTIVE,242688500.0,6,1.0,FULLY_COMPLIANT,HARD,True
BT-002275,TND-000572,BID-001672,2025-10-23,SUBMITTED,ACTIVE,265045200.0,6,1.0,FULLY_COMPLIANT,HARD,True
BT-002276,TND-000573,BID-001726,2026-02-20,SUBMITTED,ACTIVE,31346900.0,7,1.0,PARTIAL_COMPLIANCE,MEDIUM,True
BT-002277,TND-000573,BID-000083,2026-02-20,SUBMITTED,ACTIVE,32743600.0,7,1.0,INSUFFICIENT_EVIDENCE,MEDIUM,True
BT-002278,TND-000573,BID-001451,2026-02-20,SUBMITTED,ACTIVE,32619800.0,5,0.714,FULLY_COMPLIANT,MEDIUM,True
BT-002279,TND-000573,BID-001802,2026-02-20,SUBMITTED,ACTIVE,34130200.0,7,1.0,FULLY_COMPLIANT,MEDIUM,True
BT-002287,TND-000576,BID-000129,2026-02-03,SUBMITTED,ACTIVE,119978700.0,7,1.0,EXPIRED_DOCUMENT,EASY,True
BT-002288,TND-000576,BID-000737,2026-02-03,SUBMITTED,ACTIVE,128206100.0,7,1.0,PARTIAL_COMPLIANCE,EASY,True
BT-002289,TND-000576,BID-000811,2026-02-03,SUBMITTED,ACTIVE,155585500.0,6,0.857,PARTIAL_COMPLIANCE,EASY,True
BT-002290,TND-000577,BID-000780,2026-07-02,SUBMITTED,ACTIVE,92594800.0,5,0.833,FULLY_COMPLIANT,HARD,True
BT-002291,TND-000577,BID-001018,2026-07-02,SUBMITTED,ACTIVE,78665800.0,6,1.0,INVALID_DOCUMENT,HARD,True
BT-002292,TND-000577,BID-000389,2026-07-02,SUBMITTED,ACTIVE,88417600.0,6,1.0,FULLY_COMPLIANT,HARD,True
BT-002293,TND-000577,BID-001147,2026-07-02,SUBMITTED,ACTIVE,76737500.0,6,1.0,INSUFFICIENT_EVIDENCE,HARD,True
BT-002294,TND-000578,BID-000417,2026-06-20,SUBMITTED,ACTIVE,21999200.0,5,0.833,FULLY_COMPLIANT,HARD,True
BT-002295,TND-000578,BID-000411,2026-06-20,SUBMITTED,ACTIVE,21370600.0,6,1.0,FULLY_COMPLIANT,HARD,True
BT-002296,TND-000578,BID-000125,2026-06-20,SUBMITTED,ACTIVE,26198700.0,6,1.0,FULLY_COMPLIANT,HARD,True
BT-002297,TND-000578,BID-000880,2026-06-20,SUBMITTED,ACTIVE,22562400.0,5,0.833,FULLY_COMPLIANT,HARD,True
BT-002298,TND-000578,BID-000171,2026-06-20,SUBMITTED,ACTIVE,23235300.0,5,0.833,FULLY_COMPLIANT,HARD,True
BT-002299,TND-000579,BID-000335,2026-05-22,SUBMITTED,ACTIVE,62384600.0,6,1.0,FULLY_COMPLIANT,EASY,True
BT-002300,TND-000579,BID-000654,2026-05-22,SUBMITTED,ACTIVE,55165100.0,5,0.833,INVALID_DOCUMENT,EASY,True
BT-002301,TND-000579,BID-000804,2026-05-22,SUBMITTED,ACTIVE,53091800.0,4,0.667,PARTIAL_COMPLIANCE,EASY,True
BT-002302,TND-000579,BID-000958,2026-05-22,SUBMITTED,ACTIVE,47691500.0,6,1.0,FULLY_COMPLIANT,EASY,True
BT-002303,TND-000580,BID-000671,2025-03-19,SUBMITTED,ACTIVE,198145800.0,5,0.833,HARD_AMBIGUOUS_CASE,MEDIUM,True
BT-002304,TND-000580,BID-000158,2025-03-19,SUBMITTED,ACTIVE,212219400.0,6,1.0,MINOR_ISSUES,MEDIUM,True
BT-002305,TND-000580,BID-000432,2025-03-19,SUBMITTED,ACTIVE,159717700.0,6,1.0,MINOR_ISSUES,MEDIUM,True
BT-002306,TND-000581,BID-001640,2026-03-31,SUBMITTED,ACTIVE,153135900.0,5,0.833,MISSING_DOCUMENT,HARD,True
BT-002307,TND-000581,BID-001629,2026-03-31,SUBMITTED,ACTIVE,157965100.0,6,1.0,PARTIAL_COMPLIANCE,HARD,True
BT-002308,TND-000581,BID-000381,2026-03-31,SUBMITTED,ACTIVE,120648600.0,6,1.0,FULLY_COMPLIANT,HARD,True
BT-002309,TND-000581,BID-001799,2026-03-31,SUBMITTED,ACTIVE,136249500.0,5,0.833,PARTIAL_COMPLIANCE,HARD,True
BT-002310,TND-000581,BID-000688,2026-03-31,SUBMITTED,ACTIVE,138287100.0,5,0.833,FULLY_COMPLIANT,HARD,True
BT-002311,TND-000582,BID-000775,2026-04-01,SUBMITTED,ACTIVE,100098700.0,6,1.0,INSUFFICIENT_EVIDENCE,EASY,True
BT-002312,TND-000582,BID-001198,2026-04-01,SUBMITTED,ACTIVE,113480800.0,6,1.0,INSUFFICIENT_EVIDENCE,EASY,True
BT-002313,TND-000582,BID-000075,2026-04-01,SUBMITTED,ACTIVE,109763700.0,5,0.833,PARTIAL_COMPLIANCE,EASY,True
BT-002318,TND-000584,BID-001985,2026-05-24,SUBMITTED,ACTIVE,69268000.0,6,0.857,FULLY_COMPLIANT,EASY,True
BT-002319,TND-000584,BID-001441,2026-05-24,SUBMITTED,ACTIVE,82713400.0,7,1.0,FULLY_COMPLIANT,EASY,True
BT-002320,TND-000584,BID-001002,2026-05-24,SUBMITTED,ACTIVE,76705600.0,7,1.0,INCONSISTENT_DOCUMENT,EASY,True
BT-002321,TND-000584,BID-001024,2026-05-24,SUBMITTED,ACTIVE,80772000.0,7,1.0,INSUFFICIENT_EVIDENCE,EASY,True
BT-002322,TND-000585,BID-001303,2026-07-03,SUBMITTED,ACTIVE,114290200.0,7,1.0,INSUFFICIENT_EVIDENCE,MEDIUM,True
BT-002323,TND-000585,BID-001441,2026-07-03,SUBMITTED,ACTIVE,110228800.0,7,1.0,FULLY_COMPLIANT,MEDIUM,True
BT-002324,TND-000585,BID-001985,2026-07-03,SUBMITTED,ACTIVE,117990900.0,6,0.857,FULLY_COMPLIANT,MEDIUM,True
BT-002325,TND-000585,BID-000367,2026-07-03,SUBMITTED,ACTIVE,111200300.0,6,0.857,MINOR_ISSUES,MEDIUM,True
BT-002326,TND-000586,BID-000286,2026-03-10,SUBMITTED,ACTIVE,158355500.0,7,1.0,FULLY_COMPLIANT,EASY,True
BT-002327,TND-000586,BID-000723,2026-03-10,SUBMITTED,ACTIVE,156365300.0,6,0.857,FULLY_COMPLIANT,EASY,True
BT-002328,TND-000586,BID-000058,2026-03-10,SUBMITTED,ACTIVE,139917800.0,6,0.857,PARTIAL_COMPLIANCE,EASY,True
BT-002329,TND-000587,BID-001474,2025-02-17,SUBMITTED,ACTIVE,262171700.0,5,0.833,FULLY_COMPLIANT,MEDIUM,True
BT-002330,TND-000587,BID-001822,2025-02-17,SUBMITTED,ACTIVE,233058100.0,5,0.833,FULLY_COMPLIANT,MEDIUM,True
BT-002331,TND-000587,BID-000514,2025-02-17,SUBMITTED,ACTIVE,269020400.0,6,1.0,INSUFFICIENT_EVIDENCE,MEDIUM,True
BT-002337,TND-000589,BID-000296,2026-09-07,SUBMITTED,ACTIVE,187779200.0,6,1.0,FULLY_COMPLIANT,MEDIUM,True
BT-002338,TND-000589,BID-001549,2026-09-07,SUBMITTED,ACTIVE,206504100.0,4,0.667,FULLY_COMPLIANT,MEDIUM,True
BT-002339,TND-000589,BID-001074,2026-09-07,SUBMITTED,ACTIVE,173912600.0,5,0.833,PARTIAL_COMPLIANCE,MEDIUM,True
BT-002340,TND-000589,BID-001141,2026-09-07,SUBMITTED,ACTIVE,172624500.0,6,1.0,FULLY_COMPLIANT,MEDIUM,True
BT-002341,TND-000589,BID-000642,2026-09-07,SUBMITTED,ACTIVE,214909200.0,5,0.833,MINOR_ISSUES,MEDIUM,True
BT-002352,TND-000593,BID-000457,2025-03-22,SUBMITTED,ACTIVE,71840500.0,5,0.714,FULLY_COMPLIANT,HARD,True
BT-002353,TND-000593,BID-000990,2025-03-22,SUBMITTED,ACTIVE,86903700.0,4,0.571,MISSING_DOCUMENT,HARD,True
BT-002354,TND-000593,BID-000615,2025-03-22,SUBMITTED,ACTIVE,82443100.0,7,1.0,FULLY_COMPLIANT,HARD,True
BT-002355,TND-000593,BID-000832,2025-03-22,SUBMITTED,ACTIVE,87116300.0,7,1.0,FULLY_COMPLIANT,HARD,True
BT-002356,TND-000593,BID-001534,2025-03-22,SUBMITTED,ACTIVE,80344200.0,6,0.857,FULLY_COMPLIANT,HARD,True
BT-002369,TND-000597,BID-000842,2025-03-29,SUBMITTED,ACTIVE,56519400.0,6,0.857,FULLY_COMPLIANT,HARD,True
BT-002370,TND-000597,BID-001670,2025-03-29,SUBMITTED,ACTIVE,49261900.0,6,0.857,FULLY_COMPLIANT,HARD,True
BT-002371,TND-000597,BID-001704,2025-03-29,SUBMITTED,ACTIVE,45643200.0,6,0.857,PARTIAL_COMPLIANCE,HARD,True
BT-002372,TND-000598,BID-001676,2026-02-25,SUBMITTED,ACTIVE,83215200.0,7,1.0,FULLY_COMPLIANT,MEDIUM,True
BT-002373,TND-000598,BID-000303,2026-02-25,SUBMITTED,ACTIVE,63632900.0,6,0.857,MINOR_ISSUES,MEDIUM,True
BT-002374,TND-000598,BID-000161,2026-02-25,SUBMITTED,ACTIVE,66283900.0,7,1.0,MINOR_ISSUES,MEDIUM,True
BT-002375,TND-000598,BID-000997,2026-02-25,SUBMITTED,ACTIVE,66645800.0,6,0.857,INVALID_DOCUMENT,MEDIUM,True
BT-002376,TND-000598,BID-001614,2026-02-25,SUBMITTED,ACTIVE,72147600.0,7,1.0,FULLY_COMPLIANT,MEDIUM,True
BT-002377,TND-000599,BID-001110,2026-06-06,SUBMITTED,ACTIVE,225459400.0,6,0.857,FULLY_COMPLIANT,EASY,True
BT-002378,TND-000599,BID-001097,2026-06-06,SUBMITTED,ACTIVE,193956600.0,7,1.0,MINOR_ISSUES,EASY,True
BT-002379,TND-000599,BID-000593,2026-06-06,SUBMITTED,ACTIVE,198678600.0,7,1.0,PARTIAL_COMPLIANCE,EASY,True
BT-002380,TND-000599,BID-000209,2026-06-06,SUBMITTED,ACTIVE,218998300.0,6,0.857,FULLY_COMPLIANT,EASY,True
BT-002381,TND-000599,BID-001872,2026-06-06,SUBMITTED,ACTIVE,208790000.0,6,0.857,PARTIAL_COMPLIANCE,EASY,True
BT-002382,TND-000600,BID-000288,2026-10-04,SUBMITTED,ACTIVE,156345900.0,5,0.833,PARTIAL_COMPLIANCE,EASY,True
BT-002383,TND-000600,BID-000470,2026-10-04,SUBMITTED,ACTIVE,152624700.0,3,0.5,MISSING_DOCUMENT,EASY,True
BT-002384,TND-000600,BID-001618,2026-10-04,SUBMITTED,ACTIVE,150192500.0,5,0.833,MINOR_ISSUES,EASY,True
BT-002385,TND-000601,BID-000325,2025-02-07,SUBMITTED,ACTIVE,43861500.0,6,1.0,INSUFFICIENT_EVIDENCE,MEDIUM,True
BT-002386,TND-000601,BID-001237,2025-02-07,SUBMITTED,ACTIVE,46222400.0,6,1.0,INCONSISTENT_DOCUMENT,MEDIUM,True
BT-002387,TND-000601,BID-000319,2025-02-07,SUBMITTED,ACTIVE,45661400.0,6,1.0,MINOR_ISSUES,MEDIUM,True
BT-002388,TND-000601,BID-000136,2025-02-07,SUBMITTED,ACTIVE,36423000.0,6,1.0,PARTIAL_COMPLIANCE,MEDIUM,True
BT-002389,TND-000602,BID-000486,2026-04-04,SUBMITTED,ACTIVE,180370700.0,7,1.0,FULLY_COMPLIANT,MEDIUM,True
BT-002390,TND-000602,BID-000477,2026-04-04,SUBMITTED,ACTIVE,180413100.0,7,1.0,FULLY_COMPLIANT,MEDIUM,True
BT-002391,TND-000602,BID-001097,2026-04-04,SUBMITTED,ACTIVE,176448700.0,7,1.0,INCONSISTENT_DOCUMENT,MEDIUM,True
BT-002392,TND-000602,BID-000545,2026-04-04,SUBMITTED,ACTIVE,240271200.0,7,1.0,HARD_AMBIGUOUS_CASE,MEDIUM,True
BT-002393,TND-000602,BID-000606,2026-04-04,SUBMITTED,ACTIVE,189748800.0,6,0.857,FULLY_COMPLIANT,MEDIUM,True
BT-002397,TND-000604,BID-001295,2025-08-29,SUBMITTED,ACTIVE,49031700.0,5,0.833,PARTIAL_COMPLIANCE,EASY,True
BT-002398,TND-000604,BID-000514,2025-08-29,SUBMITTED,ACTIVE,47097900.0,6,1.0,FULLY_COMPLIANT,EASY,True
BT-002399,TND-000604,BID-001572,2025-08-29,SUBMITTED,ACTIVE,51004300.0,6,1.0,HARD_AMBIGUOUS_CASE,EASY,True
BT-002400,TND-000605,BID-000224,2025-06-21,SUBMITTED,ACTIVE,16877300.0,6,0.857,PARTIAL_COMPLIANCE,MEDIUM,True
BT-002401,TND-000605,BID-000111,2025-06-21,SUBMITTED,ACTIVE,16032300.0,6,0.857,INSUFFICIENT_EVIDENCE,MEDIUM,True
BT-002402,TND-000605,BID-000950,2025-06-21,SUBMITTED,ACTIVE,15404600.0,6,0.857,FULLY_COMPLIANT,MEDIUM,True
BT-002403,TND-000605,BID-001086,2025-06-21,SUBMITTED,ACTIVE,15163500.0,4,0.571,MISSING_DOCUMENT,MEDIUM,True
BT-002407,TND-000607,BID-001100,2025-04-14,SUBMITTED,ACTIVE,226164800.0,6,0.857,INSUFFICIENT_EVIDENCE,MEDIUM,True
BT-002408,TND-000607,BID-001848,2025-04-14,SUBMITTED,ACTIVE,216284300.0,6,0.857,PARTIAL_COMPLIANCE,MEDIUM,True
BT-002409,TND-000607,BID-001509,2025-04-14,SUBMITTED,ACTIVE,201030100.0,6,0.857,FULLY_COMPLIANT,MEDIUM,True
BT-002410,TND-000607,BID-001531,2025-04-14,SUBMITTED,ACTIVE,186142900.0,6,0.857,PARTIAL_COMPLIANCE,MEDIUM,True
BT-002411,TND-000608,BID-000310,2026-08-28,SUBMITTED,ACTIVE,119892100.0,6,1.0,INCONSISTENT_DOCUMENT,HARD,True
BT-002412,TND-000608,BID-001756,2026-08-28,SUBMITTED,ACTIVE,96390400.0,5,0.833,INSUFFICIENT_EVIDENCE,HARD,True
BT-002413,TND-000608,BID-001407,2026-08-28,SUBMITTED,ACTIVE,118213100.0,5,0.833,PARTIAL_COMPLIANCE,HARD,True
BT-002414,TND-000608,BID-001653,2026-08-28,SUBMITTED,ACTIVE,126999100.0,6,1.0,INSUFFICIENT_EVIDENCE,HARD,True
BT-002420,TND-000610,BID-000946,2025-09-04,SUBMITTED,ACTIVE,91883000.0,5,0.833,INVALID_DOCUMENT,MEDIUM,True
BT-002421,TND-000610,BID-001494,2025-09-04,SUBMITTED,ACTIVE,106491400.0,5,0.833,PARTIAL_COMPLIANCE,MEDIUM,True
BT-002422,TND-000610,BID-001242,2025-09-04,SUBMITTED,ACTIVE,112779200.0,6,1.0,FULLY_COMPLIANT,MEDIUM,True
BT-002423,TND-000610,BID-001457,2025-09-04,SUBMITTED,ACTIVE,109583100.0,5,0.833,FULLY_COMPLIANT,MEDIUM,True
BT-002424,TND-000610,BID-000096,2025-09-04,SUBMITTED,ACTIVE,104031100.0,4,0.667,INSUFFICIENT_EVIDENCE,MEDIUM,True
BT-002425,TND-000611,BID-001963,2026-01-23,SUBMITTED,ACTIVE,167148100.0,5,0.833,FULLY_COMPLIANT,EASY,True
BT-002426,TND-000611,BID-000383,2026-01-23,SUBMITTED,ACTIVE,164189300.0,6,1.0,FULLY_COMPLIANT,EASY,True
BT-002427,TND-000611,BID-000431,2026-01-23,SUBMITTED,ACTIVE,170995200.0,6,1.0,PARTIAL_COMPLIANCE,EASY,True
BT-002428,TND-000612,BID-001817,2026-09-13,SUBMITTED,ACTIVE,66788100.0,5,0.833,FULLY_COMPLIANT,MEDIUM,True
BT-002429,TND-000612,BID-000702,2026-09-13,SUBMITTED,ACTIVE,54724600.0,6,1.0,INVALID_DOCUMENT,MEDIUM,True
BT-002430,TND-000612,BID-000087,2026-09-13,SUBMITTED,ACTIVE,60036400.0,6,1.0,EXPIRED_DOCUMENT,MEDIUM,True
BT-002431,TND-000612,BID-000025,2026-09-13,SUBMITTED,ACTIVE,61157600.0,6,1.0,INVALID_DOCUMENT,MEDIUM,True
BT-002432,TND-000613,BID-001503,2026-02-11,SUBMITTED,ACTIVE,221267700.0,3,0.5,MISSING_DOCUMENT,MEDIUM,True
BT-002433,TND-000613,BID-001712,2026-02-11,SUBMITTED,ACTIVE,205683200.0,4,0.667,HARD_AMBIGUOUS_CASE,MEDIUM,True
BT-002434,TND-000613,BID-001294,2026-02-11,SUBMITTED,ACTIVE,245650900.0,6,1.0,INSUFFICIENT_EVIDENCE,MEDIUM,True
BT-002435,TND-000613,BID-000727,2026-02-11,SUBMITTED,ACTIVE,268215500.0,5,0.833,MINOR_ISSUES,MEDIUM,True
BT-002441,TND-000615,BID-001485,2026-01-08,SUBMITTED,ACTIVE,53206100.0,6,1.0,PARTIAL_COMPLIANCE,HARD,True
BT-002442,TND-000615,BID-001948,2026-01-08,SUBMITTED,ACTIVE,51259100.0,6,1.0,MINOR_ISSUES,HARD,True
BT-002443,TND-000615,BID-000844,2026-01-08,SUBMITTED,ACTIVE,46665900.0,5,0.833,MINOR_ISSUES,HARD,True
BT-002444,TND-000616,BID-000565,2026-09-14,SUBMITTED,ACTIVE,56074900.0,6,1.0,FULLY_COMPLIANT,MEDIUM,True
BT-002445,TND-000616,BID-001583,2026-09-14,SUBMITTED,ACTIVE,53072300.0,6,1.0,EXPIRED_DOCUMENT,MEDIUM,True
BT-002446,TND-000616,BID-000770,2026-09-14,SUBMITTED,ACTIVE,56611700.0,6,1.0,MINOR_ISSUES,MEDIUM,True
BT-002447,TND-000616,BID-001823,2026-09-14,SUBMITTED,ACTIVE,59560300.0,6,1.0,FULLY_COMPLIANT,MEDIUM,True
BT-002454,TND-000619,BID-001191,2026-05-02,SUBMITTED,ACTIVE,185023800.0,6,0.857,HARD_AMBIGUOUS_CASE,HARD,True
BT-002455,TND-000619,BID-001680,2026-05-02,SUBMITTED,ACTIVE,163868100.0,6,0.857,FULLY_COMPLIANT,HARD,True
BT-002456,TND-000619,BID-001852,2026-05-02,SUBMITTED,ACTIVE,159971800.0,6,0.857,HARD_AMBIGUOUS_CASE,HARD,True
BT-002457,TND-000620,BID-001794,2026-11-01,SUBMITTED,ACTIVE,167218400.0,5,0.833,MINOR_ISSUES,EASY,True
BT-002458,TND-000620,BID-000923,2026-11-01,SUBMITTED,ACTIVE,150106400.0,5,0.833,MINOR_ISSUES,EASY,True
BT-002459,TND-000620,BID-000285,2026-11-01,SUBMITTED,ACTIVE,138438700.0,6,1.0,INCONSISTENT_DOCUMENT,EASY,True
BT-002460,TND-000620,BID-001832,2026-11-01,SUBMITTED,ACTIVE,143659400.0,6,1.0,FULLY_COMPLIANT,EASY,True
BT-002461,TND-000620,BID-001354,2026-11-01,SUBMITTED,ACTIVE,152909000.0,5,0.833,INSUFFICIENT_EVIDENCE,EASY,True
BT-002462,TND-000621,BID-000392,2026-08-12,SUBMITTED,ACTIVE,227593700.0,6,0.857,INSUFFICIENT_EVIDENCE,MEDIUM,True
BT-002463,TND-000621,BID-001538,2026-08-12,SUBMITTED,ACTIVE,192032200.0,7,1.0,HARD_AMBIGUOUS_CASE,MEDIUM,True
BT-002464,TND-000621,BID-001954,2026-08-12,SUBMITTED,ACTIVE,214228400.0,7,1.0,FULLY_COMPLIANT,MEDIUM,True
BT-002465,TND-000622,BID-001319,2026-09-13,SUBMITTED,ACTIVE,43513100.0,5,0.833,FULLY_COMPLIANT,HARD,True
BT-002466,TND-000622,BID-000528,2026-09-13,SUBMITTED,ACTIVE,44875700.0,6,1.0,INCONSISTENT_DOCUMENT,HARD,True
BT-002467,TND-000622,BID-000794,2026-09-13,SUBMITTED,ACTIVE,41559900.0,6,1.0,PARTIAL_COMPLIANCE,HARD,True
BT-002468,TND-000622,BID-000137,2026-09-13,SUBMITTED,ACTIVE,51406600.0,5,0.833,MINOR_ISSUES,HARD,True
BT-002469,TND-000622,BID-000236,2026-09-13,SUBMITTED,ACTIVE,44836300.0,6,1.0,FULLY_COMPLIANT,HARD,True
BT-002474,TND-000624,BID-001606,2025-06-03,SUBMITTED,ACTIVE,206413800.0,1,0.167,MISSING_DOCUMENT,HARD,True
BT-002475,TND-000624,BID-000483,2025-06-03,SUBMITTED,ACTIVE,231442500.0,6,1.0,FULLY_COMPLIANT,HARD,True
BT-002476,TND-000624,BID-000036,2025-06-03,SUBMITTED,ACTIVE,225115900.0,6,1.0,PARTIAL_COMPLIANCE,HARD,True
BT-002477,TND-000624,BID-001343,2025-06-03,SUBMITTED,ACTIVE,243141400.0,6,1.0,FULLY_COMPLIANT,HARD,True
BT-002478,TND-000624,BID-000255,2025-06-03,SUBMITTED,ACTIVE,223171700.0,5,0.833,FULLY_COMPLIANT,HARD,True
BT-002479,TND-000625,BID-001560,2025-12-20,SUBMITTED,ACTIVE,116840400.0,6,1.0,MINOR_ISSUES,MEDIUM,True
BT-002480,TND-000625,BID-001895,2025-12-20,SUBMITTED,ACTIVE,131907800.0,5,0.833,INSUFFICIENT_EVIDENCE,MEDIUM,True
BT-002481,TND-000625,BID-000936,2025-12-20,SUBMITTED,ACTIVE,114248800.0,6,1.0,INVALID_DOCUMENT,MEDIUM,True
BT-002482,TND-000625,BID-000712,2025-12-20,SUBMITTED,ACTIVE,123461700.0,6,1.0,PARTIAL_COMPLIANCE,MEDIUM,True
BT-002483,TND-000625,BID-001243,2025-12-20,SUBMITTED,ACTIVE,132465700.0,3,0.5,MISSING_DOCUMENT,MEDIUM,True
BT-002484,TND-000626,BID-000699,2025-12-13,SUBMITTED,ACTIVE,155089500.0,6,0.857,FULLY_COMPLIANT,HARD,True
BT-002485,TND-000626,BID-000240,2025-12-13,SUBMITTED,ACTIVE,146324500.0,7,1.0,INSUFFICIENT_EVIDENCE,HARD,True
BT-002486,TND-000626,BID-000117,2025-12-13,SUBMITTED,ACTIVE,153430300.0,7,1.0,INSUFFICIENT_EVIDENCE,HARD,True
BT-002487,TND-000626,BID-000717,2025-12-13,SUBMITTED,ACTIVE,163228000.0,6,0.857,MINOR_ISSUES,HARD,True
BT-002488,TND-000626,BID-000950,2025-12-13,SUBMITTED,ACTIVE,141730600.0,4,0.571,MISSING_DOCUMENT,HARD,True
BT-002489,TND-000627,BID-001730,2026-07-25,SUBMITTED,ACTIVE,121466300.0,6,0.857,FULLY_COMPLIANT,HARD,True
BT-002490,TND-000627,BID-000975,2026-07-25,SUBMITTED,ACTIVE,131521400.0,7,1.0,FULLY_COMPLIANT,HARD,True
BT-002491,TND-000627,BID-000407,2026-07-25,SUBMITTED,ACTIVE,127433300.0,6,0.857,FULLY_COMPLIANT,HARD,True
BT-002492,TND-000627,BID-001956,2026-07-25,SUBMITTED,ACTIVE,126802600.0,7,1.0,INCONSISTENT_DOCUMENT,HARD,True
BT-002493,TND-000628,BID-000578,2025-05-24,SUBMITTED,ACTIVE,130399300.0,3,0.5,MISSING_DOCUMENT,EASY,True
BT-002494,TND-000628,BID-000412,2025-05-24,SUBMITTED,ACTIVE,134494000.0,6,1.0,INSUFFICIENT_EVIDENCE,EASY,True
BT-002495,TND-000628,BID-001301,2025-05-24,SUBMITTED,ACTIVE,107086400.0,6,1.0,INSUFFICIENT_EVIDENCE,EASY,True
BT-002496,TND-000629,BID-001717,2025-03-05,SUBMITTED,ACTIVE,30506700.0,7,1.0,PARTIAL_COMPLIANCE,MEDIUM,True
BT-002497,TND-000629,BID-001190,2025-03-05,SUBMITTED,ACTIVE,35355200.0,6,0.857,EXPIRED_DOCUMENT,MEDIUM,True
BT-002498,TND-000629,BID-001368,2025-03-05,SUBMITTED,ACTIVE,28614600.0,6,0.857,HARD_AMBIGUOUS_CASE,MEDIUM,True
BT-002499,TND-000630,BID-000501,2025-11-23,SUBMITTED,ACTIVE,237318900.0,5,0.833,FULLY_COMPLIANT,MEDIUM,True
BT-002500,TND-000630,BID-000524,2025-11-23,SUBMITTED,ACTIVE,231855900.0,6,1.0,INSUFFICIENT_EVIDENCE,MEDIUM,True
BT-002501,TND-000630,BID-000236,2025-11-23,SUBMITTED,ACTIVE,242212800.0,6,1.0,HARD_AMBIGUOUS_CASE,MEDIUM,True
BT-002502,TND-000630,BID-000158,2025-11-23,SUBMITTED,ACTIVE,240921400.0,5,0.833,MISSING_DOCUMENT,MEDIUM,True
BT-002506,TND-000632,BID-001721,2025-11-23,SUBMITTED,ACTIVE,99540300.0,5,0.833,FULLY_COMPLIANT,EASY,True
BT-002507,TND-000632,BID-001430,2025-11-23,SUBMITTED,ACTIVE,111016000.0,6,1.0,FULLY_COMPLIANT,EASY,True
BT-002508,TND-000632,BID-001264,2025-11-23,SUBMITTED,ACTIVE,106918800.0,6,1.0,HARD_AMBIGUOUS_CASE,EASY,True
BT-002509,TND-000632,BID-000387,2025-11-23,SUBMITTED,ACTIVE,100913300.0,6,1.0,FULLY_COMPLIANT,EASY,True
BT-002510,TND-000633,BID-000063,2025-06-07,SUBMITTED,ACTIVE,217970800.0,5,0.833,FULLY_COMPLIANT,MEDIUM,True
BT-002511,TND-000633,BID-000381,2025-06-07,SUBMITTED,ACTIVE,209110700.0,5,0.833,INSUFFICIENT_EVIDENCE,MEDIUM,True
BT-002512,TND-000633,BID-000333,2025-06-07,SUBMITTED,ACTIVE,203932700.0,6,1.0,FULLY_COMPLIANT,MEDIUM,True
BT-002513,TND-000633,BID-001419,2025-06-07,SUBMITTED,ACTIVE,236976800.0,6,1.0,INCONSISTENT_DOCUMENT,MEDIUM,True
BT-002514,TND-000634,BID-000563,2026-05-17,SUBMITTED,ACTIVE,134153800.0,5,0.833,FULLY_COMPLIANT,EASY,True
BT-002515,TND-000634,BID-000248,2026-05-17,SUBMITTED,ACTIVE,141715200.0,6,1.0,HARD_AMBIGUOUS_CASE,EASY,True
BT-002516,TND-000634,BID-000769,2026-05-17,SUBMITTED,ACTIVE,143220200.0,6,1.0,FULLY_COMPLIANT,EASY,True
BT-002517,TND-000634,BID-001714,2026-05-17,SUBMITTED,ACTIVE,169521700.0,6,1.0,FULLY_COMPLIANT,EASY,True
BT-002523,TND-000636,BID-000722,2025-07-23,SUBMITTED,ACTIVE,40350700.0,6,1.0,MINOR_ISSUES,EASY,True
BT-002524,TND-000636,BID-001020,2025-07-23,SUBMITTED,ACTIVE,31335800.0,4,0.667,FULLY_COMPLIANT,EASY,True
BT-002525,TND-000636,BID-000861,2025-07-23,SUBMITTED,ACTIVE,33297700.0,5,0.833,FULLY_COMPLIANT,EASY,True
BT-002526,TND-000636,BID-000325,2025-07-23,SUBMITTED,ACTIVE,35878000.0,6,1.0,PARTIAL_COMPLIANCE,EASY,True
BT-002527,TND-000636,BID-000085,2025-07-23,SUBMITTED,ACTIVE,37043500.0,6,1.0,INVALID_DOCUMENT,EASY,True
BT-002528,TND-000637,BID-000881,2026-01-12,SUBMITTED,ACTIVE,45211600.0,7,1.0,PARTIAL_COMPLIANCE,MEDIUM,True
BT-002529,TND-000637,BID-000728,2026-01-12,SUBMITTED,ACTIVE,46154100.0,7,1.0,PARTIAL_COMPLIANCE,MEDIUM,True
BT-002530,TND-000637,BID-000193,2026-01-12,SUBMITTED,ACTIVE,49277300.0,6,0.857,FULLY_COMPLIANT,MEDIUM,True
BT-002531,TND-000637,BID-000495,2026-01-12,SUBMITTED,ACTIVE,51797400.0,5,0.714,FULLY_COMPLIANT,MEDIUM,True
BT-002532,TND-000638,BID-000928,2025-08-19,SUBMITTED,ACTIVE,107666000.0,6,0.857,FULLY_COMPLIANT,MEDIUM,True
BT-002533,TND-000638,BID-000625,2025-08-19,SUBMITTED,ACTIVE,112480100.0,6,0.857,INSUFFICIENT_EVIDENCE,MEDIUM,True
BT-002534,TND-000638,BID-001795,2025-08-19,SUBMITTED,ACTIVE,116501100.0,6,0.857,INCONSISTENT_DOCUMENT,MEDIUM,True
BT-002535,TND-000638,BID-000582,2025-08-19,SUBMITTED,ACTIVE,123666800.0,6,0.857,FULLY_COMPLIANT,MEDIUM,True
BT-002536,TND-000639,BID-000373,2025-04-05,SUBMITTED,ACTIVE,48360600.0,5,0.833,PARTIAL_COMPLIANCE,MEDIUM,True
BT-002537,TND-000639,BID-000805,2025-04-05,SUBMITTED,ACTIVE,40255900.0,6,1.0,FULLY_COMPLIANT,MEDIUM,True
BT-002538,TND-000639,BID-000509,2025-04-05,SUBMITTED,ACTIVE,52220300.0,6,1.0,INSUFFICIENT_EVIDENCE,MEDIUM,True
BT-002539,TND-000639,BID-000551,2025-04-05,SUBMITTED,ACTIVE,43719100.0,5,0.833,MINOR_ISSUES,MEDIUM,True
BT-002540,TND-000640,BID-000347,2025-03-24,SUBMITTED,ACTIVE,59525800.0,6,1.0,FULLY_COMPLIANT,MEDIUM,True
BT-002541,TND-000640,BID-001990,2025-03-24,SUBMITTED,ACTIVE,55904400.0,6,1.0,FULLY_COMPLIANT,MEDIUM,True
BT-002542,TND-000640,BID-001699,2025-03-24,SUBMITTED,ACTIVE,52459000.0,6,1.0,INCONSISTENT_DOCUMENT,MEDIUM,True
BT-002543,TND-000640,BID-001777,2025-03-24,SUBMITTED,ACTIVE,52383400.0,6,1.0,FULLY_COMPLIANT,MEDIUM,True
BT-002544,TND-000641,BID-001302,2025-05-27,SUBMITTED,ACTIVE,108585200.0,7,1.0,FULLY_COMPLIANT,EASY,True
BT-002545,TND-000641,BID-000393,2025-05-27,SUBMITTED,ACTIVE,93969900.0,6,0.857,HARD_AMBIGUOUS_CASE,EASY,True
BT-002546,TND-000641,BID-001400,2025-05-27,SUBMITTED,ACTIVE,103765600.0,7,1.0,MINOR_ISSUES,EASY,True
BT-002547,TND-000642,BID-001890,2026-05-06,SUBMITTED,ACTIVE,163064700.0,5,0.833,INSUFFICIENT_EVIDENCE,MEDIUM,True
BT-002548,TND-000642,BID-001445,2026-05-06,SUBMITTED,ACTIVE,167720900.0,5,0.833,PARTIAL_COMPLIANCE,MEDIUM,True
BT-002549,TND-000642,BID-001073,2026-05-06,SUBMITTED,ACTIVE,177918900.0,6,1.0,MINOR_ISSUES,MEDIUM,True
BT-002550,TND-000643,BID-001826,2026-04-23,SUBMITTED,ACTIVE,110317600.0,6,0.857,MINOR_ISSUES,MEDIUM,True
BT-002551,TND-000643,BID-000527,2026-04-23,SUBMITTED,ACTIVE,97512600.0,7,1.0,INSUFFICIENT_EVIDENCE,MEDIUM,True
BT-002552,TND-000643,BID-001979,2026-04-23,SUBMITTED,ACTIVE,97743200.0,6,0.857,PARTIAL_COMPLIANCE,MEDIUM,True
BT-002553,TND-000643,BID-000479,2026-04-23,SUBMITTED,ACTIVE,111299000.0,6,0.857,INSUFFICIENT_EVIDENCE,MEDIUM,True
BT-002554,TND-000643,BID-001815,2026-04-23,SUBMITTED,ACTIVE,101316400.0,7,1.0,FULLY_COMPLIANT,MEDIUM,True
BT-002555,TND-000644,BID-001763,2026-05-25,SUBMITTED,ACTIVE,70177800.0,6,0.857,FULLY_COMPLIANT,EASY,True
BT-002556,TND-000644,BID-001924,2026-05-25,SUBMITTED,ACTIVE,67467800.0,7,1.0,FULLY_COMPLIANT,EASY,True
BT-002557,TND-000644,BID-001540,2026-05-25,SUBMITTED,ACTIVE,57730600.0,7,1.0,MINOR_ISSUES,EASY,True
BT-002558,TND-000645,BID-001237,2026-09-14,SUBMITTED,ACTIVE,250925400.0,6,1.0,FULLY_COMPLIANT,MEDIUM,True
BT-002559,TND-000645,BID-001064,2026-09-14,SUBMITTED,ACTIVE,237220800.0,6,1.0,PARTIAL_COMPLIANCE,MEDIUM,True
BT-002560,TND-000645,BID-000784,2026-09-14,SUBMITTED,ACTIVE,263167500.0,6,1.0,PARTIAL_COMPLIANCE,MEDIUM,True
BT-002561,TND-000646,BID-000669,2026-01-24,SUBMITTED,ACTIVE,68129000.0,5,0.833,MINOR_ISSUES,HARD,True
BT-002562,TND-000646,BID-000319,2026-01-24,SUBMITTED,ACTIVE,66192000.0,6,1.0,MINOR_ISSUES,HARD,True
BT-002563,TND-000646,BID-001305,2026-01-24,SUBMITTED,ACTIVE,54640000.0,6,1.0,HARD_AMBIGUOUS_CASE,HARD,True
BT-002564,TND-000646,BID-001118,2026-01-24,SUBMITTED,ACTIVE,63900500.0,5,0.833,EXPIRED_DOCUMENT,HARD,True
BT-002565,TND-000647,BID-000510,2026-07-03,SUBMITTED,ACTIVE,3468400.0,7,1.0,FULLY_COMPLIANT,HARD,True
BT-002566,TND-000647,BID-001270,2026-07-03,SUBMITTED,ACTIVE,3535900.0,7,1.0,MINOR_ISSUES,HARD,True
BT-002567,TND-000647,BID-001015,2026-07-03,SUBMITTED,ACTIVE,4321200.0,6,0.857,FULLY_COMPLIANT,HARD,True
BT-002572,TND-000649,BID-001843,2025-11-17,SUBMITTED,ACTIVE,132918100.0,5,0.833,FULLY_COMPLIANT,MEDIUM,True
BT-002573,TND-000649,BID-000528,2025-11-17,SUBMITTED,ACTIVE,149721700.0,6,1.0,PARTIAL_COMPLIANCE,MEDIUM,True
BT-002574,TND-000649,BID-001510,2025-11-17,SUBMITTED,ACTIVE,154388900.0,5,0.833,FULLY_COMPLIANT,MEDIUM,True
BT-002575,TND-000649,BID-000480,2025-11-17,SUBMITTED,ACTIVE,146554800.0,6,1.0,PARTIAL_COMPLIANCE,MEDIUM,True
BT-002576,TND-000649,BID-001894,2025-11-17,SUBMITTED,ACTIVE,147589300.0,5,0.833,MINOR_ISSUES,MEDIUM,True
BT-002577,TND-000650,BID-001168,2026-10-14,SUBMITTED,ACTIVE,45569000.0,6,1.0,MINOR_ISSUES,HARD,True
BT-002578,TND-000650,BID-000241,2026-10-14,SUBMITTED,ACTIVE,45664700.0,6,1.0,FULLY_COMPLIANT,HARD,True
BT-002579,TND-000650,BID-000397,2026-10-14,SUBMITTED,ACTIVE,54051600.0,6,1.0,FULLY_COMPLIANT,HARD,True
BT-002580,TND-000651,BID-000341,2026-09-18,SUBMITTED,ACTIVE,154990500.0,4,0.667,MISSING_DOCUMENT,EASY,True
BT-002581,TND-000651,BID-001147,2026-09-18,SUBMITTED,ACTIVE,149609100.0,6,1.0,PARTIAL_COMPLIANCE,EASY,True
BT-002582,TND-000651,BID-000518,2026-09-18,SUBMITTED,ACTIVE,118267200.0,5,0.833,INSUFFICIENT_EVIDENCE,EASY,True
BT-002583,TND-000651,BID-000268,2026-09-18,SUBMITTED,ACTIVE,131949400.0,5,0.833,FULLY_COMPLIANT,EASY,True
BT-002588,TND-000653,BID-000248,2025-06-23,SUBMITTED,ACTIVE,82761600.0,6,1.0,INCONSISTENT_DOCUMENT,EASY,True
BT-002589,TND-000653,BID-001106,2025-06-23,SUBMITTED,ACTIVE,80312200.0,5,0.833,FULLY_COMPLIANT,EASY,True
BT-002590,TND-000653,BID-001714,2025-06-23,SUBMITTED,ACTIVE,81362600.0,6,1.0,FULLY_COMPLIANT,EASY,True
BT-002591,TND-000653,BID-001014,2025-06-23,SUBMITTED,ACTIVE,100982200.0,5,0.833,INVALID_DOCUMENT,EASY,True
BT-002592,TND-000653,BID-000597,2025-06-23,SUBMITTED,ACTIVE,100271100.0,6,1.0,INSUFFICIENT_EVIDENCE,EASY,True
BT-002593,TND-000654,BID-000853,2025-03-29,SUBMITTED,ACTIVE,15332000.0,6,1.0,FULLY_COMPLIANT,EASY,True
BT-002594,TND-000654,BID-001162,2025-03-29,SUBMITTED,ACTIVE,15168500.0,5,0.833,INSUFFICIENT_EVIDENCE,EASY,True
BT-002595,TND-000654,BID-001089,2025-03-29,SUBMITTED,ACTIVE,15344000.0,6,1.0,INSUFFICIENT_EVIDENCE,EASY,True
BT-002596,TND-000654,BID-000812,2025-03-29,SUBMITTED,ACTIVE,15082400.0,5,0.833,HARD_AMBIGUOUS_CASE,EASY,True
BT-002597,TND-000654,BID-000630,2025-03-29,SUBMITTED,ACTIVE,15374200.0,5,0.833,FULLY_COMPLIANT,EASY,True
BT-002598,TND-000655,BID-001271,2026-07-30,SUBMITTED,ACTIVE,134912000.0,6,0.857,PARTIAL_COMPLIANCE,HARD,True
BT-002599,TND-000655,BID-000554,2026-07-30,SUBMITTED,ACTIVE,143800100.0,7,1.0,PARTIAL_COMPLIANCE,HARD,True
BT-002600,TND-000655,BID-000941,2026-07-30,SUBMITTED,ACTIVE,145082300.0,7,1.0,FULLY_COMPLIANT,HARD,True
BT-002605,TND-000657,BID-000481,2026-05-08,SUBMITTED,ACTIVE,14529900.0,5,0.714,FULLY_COMPLIANT,MEDIUM,True
BT-002606,TND-000657,BID-000555,2026-05-08,SUBMITTED,ACTIVE,18079600.0,7,1.0,INSUFFICIENT_EVIDENCE,MEDIUM,True
BT-002607,TND-000657,BID-000807,2026-05-08,SUBMITTED,ACTIVE,14589600.0,7,1.0,INCONSISTENT_DOCUMENT,MEDIUM,True
BT-002612,TND-000659,BID-001907,2026-01-06,SUBMITTED,ACTIVE,139218000.0,7,1.0,FULLY_COMPLIANT,EASY,True
BT-002613,TND-000659,BID-001988,2026-01-06,SUBMITTED,ACTIVE,143651700.0,6,0.857,HARD_AMBIGUOUS_CASE,EASY,True
BT-002614,TND-000659,BID-001424,2026-01-06,SUBMITTED,ACTIVE,128685500.0,7,1.0,MISSING_DOCUMENT,EASY,True
BT-002615,TND-000659,BID-001155,2026-01-06,SUBMITTED,ACTIVE,116835600.0,6,0.857,INVALID_DOCUMENT,EASY,True
BT-002619,TND-000661,BID-001445,2026-04-14,SUBMITTED,ACTIVE,120469100.0,5,0.833,HARD_AMBIGUOUS_CASE,MEDIUM,True
BT-002620,TND-000661,BID-000313,2026-04-14,SUBMITTED,ACTIVE,116333900.0,4,0.667,MINOR_ISSUES,MEDIUM,True
BT-002621,TND-000661,BID-000455,2026-04-14,SUBMITTED,ACTIVE,109699400.0,6,1.0,FULLY_COMPLIANT,MEDIUM,True
BT-002632,TND-000665,BID-001285,2025-04-29,SUBMITTED,ACTIVE,208572200.0,6,1.0,EXPIRED_DOCUMENT,HARD,True
BT-002633,TND-000665,BID-000812,2025-04-29,SUBMITTED,ACTIVE,231611800.0,5,0.833,FULLY_COMPLIANT,HARD,True
BT-002634,TND-000665,BID-001517,2025-04-29,SUBMITTED,ACTIVE,197913600.0,5,0.833,INSUFFICIENT_EVIDENCE,HARD,True
BT-002635,TND-000666,BID-001814,2025-05-10,SUBMITTED,ACTIVE,123765800.0,7,1.0,FULLY_COMPLIANT,EASY,True
BT-002636,TND-000666,BID-000499,2025-05-10,SUBMITTED,ACTIVE,118414900.0,5,0.714,FULLY_COMPLIANT,EASY,True
BT-002637,TND-000666,BID-001223,2025-05-10,SUBMITTED,ACTIVE,120273400.0,4,0.571,MINOR_ISSUES,EASY,True
BT-002638,TND-000666,BID-001011,2025-05-10,SUBMITTED,ACTIVE,128364300.0,6,0.857,MINOR_ISSUES,EASY,True
BT-002639,TND-000667,BID-001625,2025-07-01,SUBMITTED,ACTIVE,166314700.0,5,0.833,INCONSISTENT_DOCUMENT,MEDIUM,True
BT-002640,TND-000667,BID-000364,2025-07-01,SUBMITTED,ACTIVE,138189900.0,6,1.0,FULLY_COMPLIANT,MEDIUM,True
BT-002641,TND-000667,BID-001315,2025-07-01,SUBMITTED,ACTIVE,143090500.0,6,1.0,PARTIAL_COMPLIANCE,MEDIUM,True
BT-002642,TND-000667,BID-001311,2025-07-01,SUBMITTED,ACTIVE,136274100.0,6,1.0,INSUFFICIENT_EVIDENCE,MEDIUM,True
BT-002643,TND-000667,BID-000210,2025-07-01,SUBMITTED,ACTIVE,156780400.0,6,1.0,INSUFFICIENT_EVIDENCE,MEDIUM,True
BT-002657,TND-000671,BID-001746,2025-08-28,SUBMITTED,ACTIVE,229783700.0,5,0.833,INCONSISTENT_DOCUMENT,MEDIUM,True
BT-002658,TND-000671,BID-001198,2025-08-28,SUBMITTED,ACTIVE,223591800.0,6,1.0,FULLY_COMPLIANT,MEDIUM,True
BT-002659,TND-000671,BID-001875,2025-08-28,SUBMITTED,ACTIVE,243270200.0,5,0.833,PARTIAL_COMPLIANCE,MEDIUM,True
BT-002660,TND-000672,BID-001839,2026-03-11,SUBMITTED,ACTIVE,14198700.0,4,0.571,MISSING_DOCUMENT,EASY,True
BT-002661,TND-000672,BID-000374,2026-03-11,SUBMITTED,ACTIVE,16470100.0,7,1.0,FULLY_COMPLIANT,EASY,True
BT-002662,TND-000672,BID-001231,2026-03-11,SUBMITTED,ACTIVE,14437400.0,6,0.857,MINOR_ISSUES,EASY,True
BT-002672,TND-000675,BID-000421,2026-05-02,SUBMITTED,ACTIVE,214988700.0,6,0.857,FULLY_COMPLIANT,MEDIUM,True
BT-002673,TND-000675,BID-001680,2026-05-02,SUBMITTED,ACTIVE,216847800.0,6,0.857,FULLY_COMPLIANT,MEDIUM,True
BT-002674,TND-000675,BID-001487,2026-05-02,SUBMITTED,ACTIVE,178782200.0,6,0.857,MINOR_ISSUES,MEDIUM,True
BT-002675,TND-000675,BID-000369,2026-05-02,SUBMITTED,ACTIVE,200595300.0,6,0.857,PARTIAL_COMPLIANCE,MEDIUM,True
BT-002681,TND-000677,BID-001615,2025-06-17,SUBMITTED,ACTIVE,56831600.0,7,1.0,INSUFFICIENT_EVIDENCE,MEDIUM,True
BT-002682,TND-000677,BID-000430,2025-06-17,SUBMITTED,ACTIVE,67989100.0,6,0.857,MINOR_ISSUES,MEDIUM,True
BT-002683,TND-000677,BID-000178,2025-06-17,SUBMITTED,ACTIVE,60871700.0,5,0.714,PARTIAL_COMPLIANCE,MEDIUM,True
BT-002684,TND-000677,BID-000802,2025-06-17,SUBMITTED,ACTIVE,65176100.0,7,1.0,PARTIAL_COMPLIANCE,MEDIUM,True
BT-002685,TND-000677,BID-000655,2025-06-17,SUBMITTED,ACTIVE,61390300.0,6,0.857,INCONSISTENT_DOCUMENT,MEDIUM,True
BT-002689,TND-000679,BID-000102,2026-09-17,SUBMITTED,ACTIVE,265812000.0,5,0.833,FULLY_COMPLIANT,MEDIUM,True
BT-002690,TND-000679,BID-001577,2026-09-17,SUBMITTED,ACTIVE,214285400.0,6,1.0,INSUFFICIENT_EVIDENCE,MEDIUM,True
BT-002691,TND-000679,BID-001399,2026-09-17,SUBMITTED,ACTIVE,204281700.0,6,1.0,MINOR_ISSUES,MEDIUM,True
BT-002697,TND-000681,BID-001529,2025-06-22,SUBMITTED,ACTIVE,191280100.0,5,0.833,PARTIAL_COMPLIANCE,MEDIUM,True
BT-002698,TND-000681,BID-000871,2025-06-22,SUBMITTED,ACTIVE,143650700.0,5,0.833,INSUFFICIENT_EVIDENCE,MEDIUM,True
BT-002699,TND-000681,BID-000939,2025-06-22,SUBMITTED,ACTIVE,181877400.0,5,0.833,MINOR_ISSUES,MEDIUM,True
BT-002700,TND-000681,BID-001757,2025-06-22,SUBMITTED,ACTIVE,187648500.0,5,0.833,PARTIAL_COMPLIANCE,MEDIUM,True
BT-002701,TND-000681,BID-000977,2025-06-22,SUBMITTED,ACTIVE,170129600.0,6,1.0,HARD_AMBIGUOUS_CASE,MEDIUM,True
BT-002702,TND-000682,BID-000747,2025-07-01,SUBMITTED,ACTIVE,195719800.0,6,1.0,PARTIAL_COMPLIANCE,MEDIUM,True
BT-002703,TND-000682,BID-001640,2025-07-01,SUBMITTED,ACTIVE,264606100.0,6,1.0,PARTIAL_COMPLIANCE,MEDIUM,True
BT-002704,TND-000682,BID-000241,2025-07-01,SUBMITTED,ACTIVE,241334400.0,6,1.0,FULLY_COMPLIANT,MEDIUM,True
BT-002705,TND-000682,BID-001117,2025-07-01,SUBMITTED,ACTIVE,232897800.0,5,0.833,INVALID_DOCUMENT,MEDIUM,True
BT-002706,TND-000683,BID-000560,2025-03-22,SUBMITTED,ACTIVE,107762700.0,5,0.833,MINOR_ISSUES,MEDIUM,True
BT-002707,TND-000683,BID-001111,2025-03-22,SUBMITTED,ACTIVE,122871400.0,6,1.0,HARD_AMBIGUOUS_CASE,MEDIUM,True
BT-002708,TND-000683,BID-001494,2025-03-22,SUBMITTED,ACTIVE,106344000.0,5,0.833,PARTIAL_COMPLIANCE,MEDIUM,True
BT-002709,TND-000684,BID-001412,2026-08-15,SUBMITTED,ACTIVE,186556100.0,6,1.0,PARTIAL_COMPLIANCE,EASY,True
BT-002710,TND-000684,BID-001013,2026-08-15,SUBMITTED,ACTIVE,165462500.0,5,0.833,INSUFFICIENT_EVIDENCE,EASY,True
BT-002711,TND-000684,BID-001548,2026-08-15,SUBMITTED,ACTIVE,202368400.0,6,1.0,FULLY_COMPLIANT,EASY,True
BT-002712,TND-000684,BID-001544,2026-08-15,SUBMITTED,ACTIVE,173477600.0,6,1.0,FULLY_COMPLIANT,EASY,True
BT-002713,TND-000684,BID-000908,2026-08-15,SUBMITTED,ACTIVE,189763600.0,6,1.0,PARTIAL_COMPLIANCE,EASY,True
BT-002714,TND-000685,BID-001953,2025-03-08,SUBMITTED,ACTIVE,192576100.0,7,1.0,PARTIAL_COMPLIANCE,EASY,True
BT-002715,TND-000685,BID-001831,2025-03-08,SUBMITTED,ACTIVE,185306700.0,7,1.0,INSUFFICIENT_EVIDENCE,EASY,True
BT-002716,TND-000685,BID-000530,2025-03-08,SUBMITTED,ACTIVE,182881100.0,6,0.857,MINOR_ISSUES,EASY,True
BT-002717,TND-000685,BID-001933,2025-03-08,SUBMITTED,ACTIVE,173350300.0,5,0.714,FULLY_COMPLIANT,EASY,True
BT-002726,TND-000688,BID-001982,2025-05-02,SUBMITTED,ACTIVE,242818700.0,5,0.714,FULLY_COMPLIANT,EASY,True
BT-002727,TND-000688,BID-000370,2025-05-02,SUBMITTED,ACTIVE,250234000.0,6,0.857,FULLY_COMPLIANT,EASY,True
BT-002728,TND-000688,BID-000105,2025-05-02,SUBMITTED,ACTIVE,224094000.0,7,1.0,FULLY_COMPLIANT,EASY,True
BT-002729,TND-000689,BID-001274,2026-06-14,SUBMITTED,ACTIVE,235819900.0,6,1.0,HARD_AMBIGUOUS_CASE,EASY,True
BT-002730,TND-000689,BID-000026,2026-06-14,SUBMITTED,ACTIVE,207627300.0,6,1.0,PARTIAL_COMPLIANCE,EASY,True
BT-002731,TND-000689,BID-000568,2026-06-14,SUBMITTED,ACTIVE,207998600.0,5,0.833,FULLY_COMPLIANT,EASY,True
BT-002732,TND-000689,BID-000033,2026-06-14,SUBMITTED,ACTIVE,220744600.0,6,1.0,INSUFFICIENT_EVIDENCE,EASY,True
BT-002733,TND-000690,BID-000213,2026-06-06,SUBMITTED,ACTIVE,199852900.0,3,0.429,MISSING_DOCUMENT,EASY,True
BT-002734,TND-000690,BID-000772,2026-06-06,SUBMITTED,ACTIVE,195881300.0,6,0.857,EXPIRED_DOCUMENT,EASY,True
BT-002735,TND-000690,BID-000835,2026-06-06,SUBMITTED,ACTIVE,194552700.0,4,0.571,PARTIAL_COMPLIANCE,EASY,True
BT-002736,TND-000690,BID-001098,2026-06-06,SUBMITTED,ACTIVE,217351400.0,7,1.0,HARD_AMBIGUOUS_CASE,EASY,True
BT-002737,TND-000691,BID-001194,2026-10-06,SUBMITTED,ACTIVE,62129600.0,5,0.833,MINOR_ISSUES,EASY,True
BT-002738,TND-000691,BID-001649,2026-10-06,SUBMITTED,ACTIVE,67144700.0,5,0.833,INSUFFICIENT_EVIDENCE,EASY,True
BT-002739,TND-000691,BID-000666,2026-10-06,SUBMITTED,ACTIVE,63877200.0,6,1.0,EXPIRED_DOCUMENT,EASY,True
BT-002740,TND-000691,BID-000290,2026-10-06,SUBMITTED,ACTIVE,63936400.0,6,1.0,FULLY_COMPLIANT,EASY,True
BT-002741,TND-000692,BID-001202,2025-05-28,SUBMITTED,ACTIVE,8134100.0,6,1.0,FULLY_COMPLIANT,MEDIUM,True
BT-002742,TND-000692,BID-001633,2025-05-28,SUBMITTED,ACTIVE,9050700.0,5,0.833,FULLY_COMPLIANT,MEDIUM,True
BT-002743,TND-000692,BID-000995,2025-05-28,SUBMITTED,ACTIVE,7851500.0,4,0.667,HARD_AMBIGUOUS_CASE,MEDIUM,True
BT-002744,TND-000693,BID-000896,2025-02-19,SUBMITTED,ACTIVE,138255900.0,5,0.833,MINOR_ISSUES,EASY,True
BT-002745,TND-000693,BID-000688,2025-02-19,SUBMITTED,ACTIVE,128985900.0,5,0.833,MINOR_ISSUES,EASY,True
BT-002746,TND-000693,BID-000901,2025-02-19,SUBMITTED,ACTIVE,128602300.0,4,0.667,PARTIAL_COMPLIANCE,EASY,True
BT-002747,TND-000694,BID-000070,2026-03-13,SUBMITTED,ACTIVE,14148100.0,2,0.333,MISSING_DOCUMENT,HARD,True
BT-002748,TND-000694,BID-000660,2026-03-13,SUBMITTED,ACTIVE,17761400.0,6,1.0,INCONSISTENT_DOCUMENT,HARD,True
BT-002749,TND-000694,BID-000100,2026-03-13,SUBMITTED,ACTIVE,15913800.0,6,1.0,INSUFFICIENT_EVIDENCE,HARD,True
BT-002750,TND-000694,BID-001030,2026-03-13,SUBMITTED,ACTIVE,14823200.0,5,0.833,PARTIAL_COMPLIANCE,HARD,True
BT-002751,TND-000695,BID-001415,2026-05-24,SUBMITTED,ACTIVE,213505700.0,6,1.0,MINOR_ISSUES,MEDIUM,True
BT-002752,TND-000695,BID-001797,2026-05-24,SUBMITTED,ACTIVE,261264600.0,6,1.0,EXPIRED_DOCUMENT,MEDIUM,True
BT-002753,TND-000695,BID-000682,2026-05-24,SUBMITTED,ACTIVE,211907500.0,6,1.0,MINOR_ISSUES,MEDIUM,True
BT-002754,TND-000695,BID-001124,2026-05-24,SUBMITTED,ACTIVE,241343300.0,6,1.0,INSUFFICIENT_EVIDENCE,MEDIUM,True
BT-002755,TND-000696,BID-001701,2025-11-09,SUBMITTED,ACTIVE,194893600.0,5,0.833,FULLY_COMPLIANT,EASY,True
BT-002756,TND-000696,BID-000851,2025-11-09,SUBMITTED,ACTIVE,213600500.0,6,1.0,FULLY_COMPLIANT,EASY,True
BT-002757,TND-000696,BID-000588,2025-11-09,SUBMITTED,ACTIVE,196485100.0,5,0.833,FULLY_COMPLIANT,EASY,True
BT-002758,TND-000697,BID-001568,2025-09-13,SUBMITTED,ACTIVE,34284100.0,7,1.0,FULLY_COMPLIANT,EASY,True
BT-002759,TND-000697,BID-000767,2025-09-13,SUBMITTED,ACTIVE,41223500.0,7,1.0,INCONSISTENT_DOCUMENT,EASY,True
BT-002760,TND-000697,BID-000032,2025-09-13,SUBMITTED,ACTIVE,36708500.0,6,0.857,MINOR_ISSUES,EASY,True
BT-002761,TND-000698,BID-001929,2026-05-13,SUBMITTED,ACTIVE,255788200.0,6,1.0,FULLY_COMPLIANT,HARD,True
BT-002762,TND-000698,BID-000320,2026-05-13,SUBMITTED,ACTIVE,253856500.0,6,1.0,INSUFFICIENT_EVIDENCE,HARD,True
BT-002763,TND-000698,BID-001542,2026-05-13,SUBMITTED,ACTIVE,211296400.0,6,1.0,FULLY_COMPLIANT,HARD,True
BT-002764,TND-000699,BID-001955,2026-06-05,SUBMITTED,ACTIVE,170355900.0,5,0.833,PARTIAL_COMPLIANCE,EASY,True
BT-002765,TND-000699,BID-001850,2026-06-05,SUBMITTED,ACTIVE,148648400.0,6,1.0,INSUFFICIENT_EVIDENCE,EASY,True
BT-002766,TND-000699,BID-000420,2026-06-05,SUBMITTED,ACTIVE,147863500.0,6,1.0,FULLY_COMPLIANT,EASY,True
BT-002767,TND-000699,BID-001668,2026-06-05,SUBMITTED,ACTIVE,136594700.0,6,1.0,INSUFFICIENT_EVIDENCE,EASY,True
BT-002768,TND-000700,BID-001760,2026-08-17,SUBMITTED,ACTIVE,158773400.0,5,0.833,FULLY_COMPLIANT,HARD,True
BT-002769,TND-000700,BID-001467,2026-08-17,SUBMITTED,ACTIVE,174827900.0,6,1.0,FULLY_COMPLIANT,HARD,True
BT-002770,TND-000700,BID-001546,2026-08-17,SUBMITTED,ACTIVE,149331400.0,6,1.0,INSUFFICIENT_EVIDENCE,HARD,True
BT-002771,TND-000700,BID-000247,2026-08-17,SUBMITTED,ACTIVE,175009300.0,6,1.0,INCONSISTENT_DOCUMENT,HARD,True
BT-002772,TND-000700,BID-000118,2026-08-17,SUBMITTED,ACTIVE,157812600.0,5,0.833,INSUFFICIENT_EVIDENCE,HARD,True
BT-002773,TND-000701,BID-000981,2025-07-30,SUBMITTED,ACTIVE,26613900.0,4,0.667,HARD_AMBIGUOUS_CASE,HARD,True
BT-002774,TND-000701,BID-001020,2025-07-30,SUBMITTED,ACTIVE,22571500.0,5,0.833,FULLY_COMPLIANT,HARD,True
BT-002775,TND-000701,BID-000533,2025-07-30,SUBMITTED,ACTIVE,28123600.0,6,1.0,FULLY_COMPLIANT,HARD,True
BT-002776,TND-000701,BID-001088,2025-07-30,SUBMITTED,ACTIVE,29318500.0,4,0.667,FULLY_COMPLIANT,HARD,True
BT-002777,TND-000702,BID-001540,2025-11-04,SUBMITTED,ACTIVE,100538200.0,7,1.0,HARD_AMBIGUOUS_CASE,MEDIUM,True
BT-002778,TND-000702,BID-001792,2025-11-04,SUBMITTED,ACTIVE,97676100.0,6,0.857,FULLY_COMPLIANT,MEDIUM,True
BT-002779,TND-000702,BID-000112,2025-11-04,SUBMITTED,ACTIVE,108766300.0,7,1.0,INSUFFICIENT_EVIDENCE,MEDIUM,True
BT-002780,TND-000702,BID-000199,2025-11-04,SUBMITTED,ACTIVE,81973000.0,6,0.857,INVALID_DOCUMENT,MEDIUM,True
BT-002781,TND-000702,BID-001511,2025-11-04,SUBMITTED,ACTIVE,90635500.0,6,0.857,FULLY_COMPLIANT,MEDIUM,True
BT-002782,TND-000703,BID-000052,2026-07-01,SUBMITTED,ACTIVE,56353500.0,6,1.0,HARD_AMBIGUOUS_CASE,EASY,True
BT-002783,TND-000703,BID-000173,2026-07-01,SUBMITTED,ACTIVE,64579800.0,6,1.0,EXPIRED_DOCUMENT,EASY,True
BT-002784,TND-000703,BID-001182,2026-07-01,SUBMITTED,ACTIVE,60785000.0,4,0.667,EXPIRED_DOCUMENT,EASY,True
BT-002785,TND-000703,BID-001842,2026-07-01,SUBMITTED,ACTIVE,70447400.0,5,0.833,MINOR_ISSUES,EASY,True
BT-002789,TND-000705,BID-000191,2026-10-11,SUBMITTED,ACTIVE,13638700.0,6,1.0,FULLY_COMPLIANT,EASY,True
BT-002790,TND-000705,BID-001218,2026-10-11,SUBMITTED,ACTIVE,13636400.0,6,1.0,FULLY_COMPLIANT,EASY,True
BT-002791,TND-000705,BID-000551,2026-10-11,SUBMITTED,ACTIVE,12761300.0,5,0.833,PARTIAL_COMPLIANCE,EASY,True
BT-002792,TND-000705,BID-001068,2026-10-11,SUBMITTED,ACTIVE,14590200.0,6,1.0,EXPIRED_DOCUMENT,EASY,True
BT-002793,TND-000706,BID-000349,2026-10-21,SUBMITTED,ACTIVE,202262300.0,7,1.0,FULLY_COMPLIANT,MEDIUM,True
BT-002794,TND-000706,BID-001084,2026-10-21,SUBMITTED,ACTIVE,211035100.0,6,0.857,EXPIRED_DOCUMENT,MEDIUM,True
BT-002795,TND-000706,BID-001130,2026-10-21,SUBMITTED,ACTIVE,193392000.0,7,1.0,PARTIAL_COMPLIANCE,MEDIUM,True
BT-002796,TND-000706,BID-000590,2026-10-21,SUBMITTED,ACTIVE,199098300.0,6,0.857,FULLY_COMPLIANT,MEDIUM,True
BT-002797,TND-000706,BID-000368,2026-10-21,SUBMITTED,ACTIVE,170998700.0,7,1.0,INSUFFICIENT_EVIDENCE,MEDIUM,True
BT-002798,TND-000707,BID-000689,2026-04-01,SUBMITTED,ACTIVE,142361300.0,6,1.0,INVALID_DOCUMENT,MEDIUM,True
BT-002799,TND-000707,BID-001740,2026-04-01,SUBMITTED,ACTIVE,169979800.0,5,0.833,FULLY_COMPLIANT,MEDIUM,True
BT-002800,TND-000707,BID-000489,2026-04-01,SUBMITTED,ACTIVE,166802200.0,6,1.0,INCONSISTENT_DOCUMENT,MEDIUM,True
BT-002801,TND-000708,BID-000874,2025-07-02,SUBMITTED,ACTIVE,238136400.0,7,1.0,INVALID_DOCUMENT,MEDIUM,True
BT-002802,TND-000708,BID-001569,2025-07-02,SUBMITTED,ACTIVE,224314000.0,5,0.714,FULLY_COMPLIANT,MEDIUM,True
BT-002803,TND-000708,BID-000921,2025-07-02,SUBMITTED,ACTIVE,230056200.0,6,0.857,FULLY_COMPLIANT,MEDIUM,True
BT-002804,TND-000708,BID-000337,2025-07-02,SUBMITTED,ACTIVE,239339000.0,7,1.0,PARTIAL_COMPLIANCE,MEDIUM,True
BT-002813,TND-000711,BID-000410,2025-12-01,SUBMITTED,ACTIVE,75389700.0,5,0.714,PARTIAL_COMPLIANCE,MEDIUM,True
BT-002814,TND-000711,BID-001115,2025-12-01,SUBMITTED,ACTIVE,90852800.0,6,0.857,EXPIRED_DOCUMENT,MEDIUM,True
BT-002815,TND-000711,BID-000577,2025-12-01,SUBMITTED,ACTIVE,87115100.0,7,1.0,FULLY_COMPLIANT,MEDIUM,True
BT-002816,TND-000711,BID-000172,2025-12-01,SUBMITTED,ACTIVE,73012400.0,6,0.857,FULLY_COMPLIANT,MEDIUM,True
BT-002817,TND-000712,BID-000724,2025-10-24,SUBMITTED,ACTIVE,31878300.0,5,0.833,MINOR_ISSUES,MEDIUM,True
BT-002818,TND-000712,BID-001984,2025-10-24,SUBMITTED,ACTIVE,35115400.0,6,1.0,FULLY_COMPLIANT,MEDIUM,True
BT-002819,TND-000712,BID-000626,2025-10-24,SUBMITTED,ACTIVE,31561400.0,3,0.5,MISSING_DOCUMENT,MEDIUM,True
BT-002820,TND-000713,BID-001862,2025-05-25,SUBMITTED,ACTIVE,57080200.0,7,1.0,FULLY_COMPLIANT,HARD,True
BT-002821,TND-000713,BID-001877,2025-05-25,SUBMITTED,ACTIVE,66399600.0,5,0.714,FULLY_COMPLIANT,HARD,True
BT-002822,TND-000713,BID-001253,2025-05-25,SUBMITTED,ACTIVE,52368300.0,7,1.0,INSUFFICIENT_EVIDENCE,HARD,True
BT-002823,TND-000713,BID-000872,2025-05-25,SUBMITTED,ACTIVE,52401200.0,6,0.857,MINOR_ISSUES,HARD,True
BT-002824,TND-000714,BID-001739,2025-10-11,SUBMITTED,ACTIVE,176645600.0,5,0.714,FULLY_COMPLIANT,HARD,True
BT-002825,TND-000714,BID-001908,2025-10-11,SUBMITTED,ACTIVE,179695200.0,7,1.0,FULLY_COMPLIANT,HARD,True
BT-002826,TND-000714,BID-001595,2025-10-11,SUBMITTED,ACTIVE,210198900.0,6,0.857,FULLY_COMPLIANT,HARD,True
BT-002827,TND-000715,BID-001703,2026-01-12,SUBMITTED,ACTIVE,128221700.0,5,0.833,INCONSISTENT_DOCUMENT,MEDIUM,True
BT-002828,TND-000715,BID-001523,2026-01-12,SUBMITTED,ACTIVE,160035800.0,5,0.833,FULLY_COMPLIANT,MEDIUM,True
BT-002829,TND-000715,BID-000241,2026-01-12,SUBMITTED,ACTIVE,133721500.0,6,1.0,INSUFFICIENT_EVIDENCE,MEDIUM,True
BT-002830,TND-000715,BID-001147,2026-01-12,SUBMITTED,ACTIVE,158654500.0,6,1.0,FULLY_COMPLIANT,MEDIUM,True
BT-002831,TND-000715,BID-000688,2026-01-12,SUBMITTED,ACTIVE,153998100.0,5,0.833,FULLY_COMPLIANT,MEDIUM,True
BT-002832,TND-000716,BID-000930,2026-08-15,SUBMITTED,ACTIVE,188877800.0,6,1.0,INSUFFICIENT_EVIDENCE,EASY,True
BT-002833,TND-000716,BID-001060,2026-08-15,SUBMITTED,ACTIVE,187399700.0,6,1.0,FULLY_COMPLIANT,EASY,True
BT-002834,TND-000716,BID-001471,2026-08-15,SUBMITTED,ACTIVE,186612000.0,6,1.0,FULLY_COMPLIANT,EASY,True
BT-002835,TND-000716,BID-001695,2026-08-15,SUBMITTED,ACTIVE,158148600.0,4,0.667,MISSING_DOCUMENT,EASY,True
BT-002836,TND-000717,BID-001852,2026-09-07,SUBMITTED,ACTIVE,120177900.0,7,1.0,FULLY_COMPLIANT,MEDIUM,True
BT-002837,TND-000717,BID-001983,2026-09-07,SUBMITTED,ACTIVE,115314000.0,5,0.714,FULLY_COMPLIANT,MEDIUM,True
BT-002838,TND-000717,BID-000400,2026-09-07,SUBMITTED,ACTIVE,122921000.0,6,0.857,FULLY_COMPLIANT,MEDIUM,True
BT-002839,TND-000717,BID-000168,2026-09-07,SUBMITTED,ACTIVE,126147300.0,6,0.857,INSUFFICIENT_EVIDENCE,MEDIUM,True
BT-002840,TND-000717,BID-000764,2026-09-07,SUBMITTED,ACTIVE,112491400.0,6,0.857,INSUFFICIENT_EVIDENCE,MEDIUM,True
BT-002841,TND-000718,BID-001713,2025-03-09,SUBMITTED,ACTIVE,196978000.0,6,1.0,INSUFFICIENT_EVIDENCE,MEDIUM,True
BT-002842,TND-000718,BID-000519,2025-03-09,SUBMITTED,ACTIVE,193035600.0,4,0.667,MISSING_DOCUMENT,MEDIUM,True
BT-002843,TND-000718,BID-001065,2025-03-09,SUBMITTED,ACTIVE,226186900.0,6,1.0,FULLY_COMPLIANT,MEDIUM,True
BT-002844,TND-000719,BID-001759,2025-05-08,SUBMITTED,ACTIVE,135529800.0,6,1.0,INSUFFICIENT_EVIDENCE,MEDIUM,True
BT-002845,TND-000719,BID-001134,2025-05-08,SUBMITTED,ACTIVE,131227600.0,5,0.833,FULLY_COMPLIANT,MEDIUM,True
BT-002846,TND-000719,BID-001373,2025-05-08,SUBMITTED,ACTIVE,129425300.0,6,1.0,FULLY_COMPLIANT,MEDIUM,True
BT-002847,TND-000719,BID-001604,2025-05-08,SUBMITTED,ACTIVE,126973900.0,6,1.0,INCONSISTENT_DOCUMENT,MEDIUM,True
BT-002848,TND-000719,BID-001881,2025-05-08,SUBMITTED,ACTIVE,117236600.0,5,0.833,INSUFFICIENT_EVIDENCE,MEDIUM,True
BT-002857,TND-000722,BID-001821,2026-02-11,SUBMITTED,ACTIVE,119874000.0,6,0.857,EXPIRED_DOCUMENT,HARD,True
BT-002858,TND-000722,BID-001602,2026-02-11,SUBMITTED,ACTIVE,116723700.0,7,1.0,FULLY_COMPLIANT,HARD,True
BT-002859,TND-000722,BID-000738,2026-02-11,SUBMITTED,ACTIVE,117350300.0,6,0.857,FULLY_COMPLIANT,HARD,True
BT-002860,TND-000722,BID-000772,2026-02-11,SUBMITTED,ACTIVE,103351700.0,6,0.857,FULLY_COMPLIANT,HARD,True
BT-002861,TND-000722,BID-001055,2026-02-11,SUBMITTED,ACTIVE,112085200.0,7,1.0,EXPIRED_DOCUMENT,HARD,True
BT-002862,TND-000723,BID-001222,2025-06-08,SUBMITTED,ACTIVE,5742600.0,4,0.571,PARTIAL_COMPLIANCE,MEDIUM,True
BT-002863,TND-000723,BID-001766,2025-06-08,SUBMITTED,ACTIVE,7172300.0,7,1.0,HARD_AMBIGUOUS_CASE,MEDIUM,True
BT-002864,TND-000723,BID-000245,2025-06-08,SUBMITTED,ACTIVE,6348900.0,7,1.0,MINOR_ISSUES,MEDIUM,True
BT-002865,TND-000724,BID-000798,2025-06-28,SUBMITTED,ACTIVE,84605600.0,6,0.857,FULLY_COMPLIANT,EASY,True
BT-002866,TND-000724,BID-001113,2025-06-28,SUBMITTED,ACTIVE,73672700.0,6,0.857,MINOR_ISSUES,EASY,True
BT-002867,TND-000724,BID-000611,2025-06-28,SUBMITTED,ACTIVE,69446200.0,6,0.857,FULLY_COMPLIANT,EASY,True
BT-002868,TND-000724,BID-001098,2025-06-28,SUBMITTED,ACTIVE,74787200.0,7,1.0,INVALID_DOCUMENT,EASY,True
BT-002869,TND-000724,BID-001011,2025-06-28,SUBMITTED,ACTIVE,77348100.0,5,0.714,INVALID_DOCUMENT,EASY,True
BT-002870,TND-000725,BID-000058,2025-03-01,SUBMITTED,ACTIVE,168284700.0,6,0.857,MINOR_ISSUES,HARD,True
BT-002871,TND-000725,BID-000883,2025-03-01,SUBMITTED,ACTIVE,137202400.0,7,1.0,INVALID_DOCUMENT,HARD,True
BT-002872,TND-000725,BID-001958,2025-03-01,SUBMITTED,ACTIVE,131923800.0,5,0.714,FULLY_COMPLIANT,HARD,True
BT-002873,TND-000725,BID-000986,2025-03-01,SUBMITTED,ACTIVE,153528400.0,6,0.857,FULLY_COMPLIANT,HARD,True
BT-002879,TND-000727,BID-000675,2025-02-24,SUBMITTED,ACTIVE,77883100.0,5,0.833,PARTIAL_COMPLIANCE,MEDIUM,True
BT-002880,TND-000727,BID-000120,2025-02-24,SUBMITTED,ACTIVE,90968500.0,5,0.833,FULLY_COMPLIANT,MEDIUM,True
BT-002881,TND-000727,BID-001001,2025-02-24,SUBMITTED,ACTIVE,80977600.0,6,1.0,FULLY_COMPLIANT,MEDIUM,True
BT-002882,TND-000728,BID-000414,2025-05-17,SUBMITTED,ACTIVE,15052000.0,6,1.0,EXPIRED_DOCUMENT,MEDIUM,True
BT-002883,TND-000728,BID-001106,2025-05-17,SUBMITTED,ACTIVE,15112700.0,5,0.833,PARTIAL_COMPLIANCE,MEDIUM,True
BT-002884,TND-000728,BID-000996,2025-05-17,SUBMITTED,ACTIVE,17894800.0,6,1.0,FULLY_COMPLIANT,MEDIUM,True
BT-002885,TND-000728,BID-000746,2025-05-17,SUBMITTED,ACTIVE,16651100.0,5,0.833,PARTIAL_COMPLIANCE,MEDIUM,True
BT-002889,TND-000730,BID-000133,2025-09-03,SUBMITTED,ACTIVE,153562200.0,7,1.0,HARD_AMBIGUOUS_CASE,HARD,True
BT-002890,TND-000730,BID-001565,2025-09-03,SUBMITTED,ACTIVE,130309700.0,6,0.857,FULLY_COMPLIANT,HARD,True
BT-002891,TND-000730,BID-000633,2025-09-03,SUBMITTED,ACTIVE,160627100.0,7,1.0,MINOR_ISSUES,HARD,True
BT-002892,TND-000730,BID-001105,2025-09-03,SUBMITTED,ACTIVE,134047400.0,6,0.857,FULLY_COMPLIANT,HARD,True
BT-002893,TND-000730,BID-001132,2025-09-03,SUBMITTED,ACTIVE,176063600.0,6,0.857,MINOR_ISSUES,HARD,True
BT-002902,TND-000733,BID-000908,2025-07-08,SUBMITTED,ACTIVE,53902500.0,6,1.0,PARTIAL_COMPLIANCE,HARD,True
BT-002903,TND-000733,BID-000135,2025-07-08,SUBMITTED,ACTIVE,66018800.0,5,0.833,HARD_AMBIGUOUS_CASE,HARD,True
BT-002904,TND-000733,BID-001674,2025-07-08,SUBMITTED,ACTIVE,66550400.0,6,1.0,FULLY_COMPLIANT,HARD,True
BT-002905,TND-000733,BID-001425,2025-07-08,SUBMITTED,ACTIVE,49071300.0,4,0.667,MISSING_DOCUMENT,HARD,True
BT-002906,TND-000734,BID-000803,2026-08-10,SUBMITTED,ACTIVE,37930400.0,6,0.857,FULLY_COMPLIANT,HARD,True
BT-002907,TND-000734,BID-001830,2026-08-10,SUBMITTED,ACTIVE,35192600.0,7,1.0,HARD_AMBIGUOUS_CASE,HARD,True
BT-002908,TND-000734,BID-000344,2026-08-10,SUBMITTED,ACTIVE,36774900.0,6,0.857,PARTIAL_COMPLIANCE,HARD,True
BT-002909,TND-000735,BID-001008,2025-09-23,SUBMITTED,ACTIVE,171492200.0,5,0.833,EXPIRED_DOCUMENT,MEDIUM,True
BT-002910,TND-000735,BID-001973,2025-09-23,SUBMITTED,ACTIVE,158600800.0,5,0.833,PARTIAL_COMPLIANCE,MEDIUM,True
BT-002911,TND-000735,BID-001112,2025-09-23,SUBMITTED,ACTIVE,181276700.0,5,0.833,FULLY_COMPLIANT,MEDIUM,True
BT-002912,TND-000735,BID-001782,2025-09-23,SUBMITTED,ACTIVE,176031400.0,6,1.0,MINOR_ISSUES,MEDIUM,True
BT-002913,TND-000736,BID-001447,2025-07-15,SUBMITTED,ACTIVE,82609500.0,6,1.0,FULLY_COMPLIANT,HARD,True
BT-002914,TND-000736,BID-001208,2025-07-15,SUBMITTED,ACTIVE,69587800.0,6,1.0,FULLY_COMPLIANT,HARD,True
BT-002915,TND-000736,BID-000971,2025-07-15,SUBMITTED,ACTIVE,82258000.0,6,1.0,INSUFFICIENT_EVIDENCE,HARD,True
BT-002916,TND-000736,BID-001328,2025-07-15,SUBMITTED,ACTIVE,68277900.0,6,1.0,PARTIAL_COMPLIANCE,HARD,True
BT-002922,TND-000738,BID-000060,2026-04-18,SUBMITTED,ACTIVE,198127500.0,6,1.0,FULLY_COMPLIANT,MEDIUM,True
BT-002923,TND-000738,BID-000471,2026-04-18,SUBMITTED,ACTIVE,185761700.0,6,1.0,FULLY_COMPLIANT,MEDIUM,True
BT-002924,TND-000738,BID-001514,2026-04-18,SUBMITTED,ACTIVE,155732700.0,6,1.0,FULLY_COMPLIANT,MEDIUM,True
BT-002925,TND-000738,BID-001658,2026-04-18,SUBMITTED,ACTIVE,172425600.0,6,1.0,FULLY_COMPLIANT,MEDIUM,True
BT-002926,TND-000739,BID-001780,2025-11-15,SUBMITTED,ACTIVE,81190800.0,7,1.0,FULLY_COMPLIANT,EASY,True
BT-002927,TND-000739,BID-000224,2025-11-15,SUBMITTED,ACTIVE,84412900.0,6,0.857,MINOR_ISSUES,EASY,True
BT-002928,TND-000739,BID-001357,2025-11-15,SUBMITTED,ACTIVE,103526800.0,7,1.0,FULLY_COMPLIANT,EASY,True
BT-002929,TND-000739,BID-000515,2025-11-15,SUBMITTED,ACTIVE,86957400.0,6,0.857,MINOR_ISSUES,EASY,True
BT-002930,TND-000739,BID-000133,2025-11-15,SUBMITTED,ACTIVE,104989700.0,7,1.0,FULLY_COMPLIANT,EASY,True
BT-002931,TND-000740,BID-001249,2025-10-28,SUBMITTED,ACTIVE,63816900.0,5,0.833,FULLY_COMPLIANT,EASY,True
BT-002932,TND-000740,BID-001415,2025-10-28,SUBMITTED,ACTIVE,63445400.0,6,1.0,INCONSISTENT_DOCUMENT,EASY,True
BT-002933,TND-000740,BID-001519,2025-10-28,SUBMITTED,ACTIVE,75915200.0,6,1.0,MINOR_ISSUES,EASY,True
BT-002934,TND-000740,BID-001445,2025-10-28,SUBMITTED,ACTIVE,60530600.0,5,0.833,PARTIAL_COMPLIANCE,EASY,True
BT-002935,TND-000741,BID-000335,2025-03-19,SUBMITTED,ACTIVE,193745400.0,6,1.0,FULLY_COMPLIANT,EASY,True
BT-002936,TND-000741,BID-000355,2025-03-19,SUBMITTED,ACTIVE,243985200.0,6,1.0,FULLY_COMPLIANT,EASY,True
BT-002937,TND-000741,BID-000520,2025-03-19,SUBMITTED,ACTIVE,241666500.0,6,1.0,FULLY_COMPLIANT,EASY,True
BT-002938,TND-000741,BID-000365,2025-03-19,SUBMITTED,ACTIVE,239425300.0,4,0.667,MISSING_DOCUMENT,EASY,True
BT-002939,TND-000742,BID-000392,2026-06-26,SUBMITTED,ACTIVE,31457300.0,7,1.0,INSUFFICIENT_EVIDENCE,HARD,True
BT-002940,TND-000742,BID-000685,2026-06-26,SUBMITTED,ACTIVE,29180200.0,7,1.0,FULLY_COMPLIANT,HARD,True
BT-002941,TND-000742,BID-001046,2026-06-26,SUBMITTED,ACTIVE,27178300.0,7,1.0,INVALID_DOCUMENT,HARD,True
BT-002942,TND-000742,BID-001444,2026-06-26,SUBMITTED,ACTIVE,32106500.0,6,0.857,INCONSISTENT_DOCUMENT,HARD,True
BT-002947,TND-000744,BID-000300,2026-01-25,SUBMITTED,ACTIVE,107674400.0,6,1.0,INSUFFICIENT_EVIDENCE,HARD,True
BT-002948,TND-000744,BID-001143,2026-01-25,SUBMITTED,ACTIVE,131643700.0,6,1.0,MINOR_ISSUES,HARD,True
BT-002949,TND-000744,BID-001294,2026-01-25,SUBMITTED,ACTIVE,134494300.0,6,1.0,PARTIAL_COMPLIANCE,HARD,True
BT-002955,TND-000746,BID-001080,2026-03-23,SUBMITTED,ACTIVE,203886700.0,7,1.0,FULLY_COMPLIANT,MEDIUM,True
BT-002956,TND-000746,BID-000121,2026-03-23,SUBMITTED,ACTIVE,176986400.0,6,0.857,PARTIAL_COMPLIANCE,MEDIUM,True
BT-002957,TND-000746,BID-000123,2026-03-23,SUBMITTED,ACTIVE,161051000.0,6,0.857,INVALID_DOCUMENT,MEDIUM,True
BT-002958,TND-000746,BID-001598,2026-03-23,SUBMITTED,ACTIVE,193020700.0,7,1.0,INSUFFICIENT_EVIDENCE,MEDIUM,True
BT-002959,TND-000747,BID-001410,2026-08-18,SUBMITTED,ACTIVE,132316100.0,6,1.0,FULLY_COMPLIANT,EASY,True
BT-002960,TND-000747,BID-000890,2026-08-18,SUBMITTED,ACTIVE,126371800.0,6,1.0,FULLY_COMPLIANT,EASY,True
BT-002961,TND-000747,BID-001216,2026-08-18,SUBMITTED,ACTIVE,106887700.0,6,1.0,PARTIAL_COMPLIANCE,EASY,True
BT-002962,TND-000747,BID-000998,2026-08-18,SUBMITTED,ACTIVE,130767200.0,4,0.667,FULLY_COMPLIANT,EASY,True
BT-002963,TND-000747,BID-000104,2026-08-18,SUBMITTED,ACTIVE,107928100.0,5,0.833,FULLY_COMPLIANT,EASY,True
BT-002964,TND-000748,BID-001881,2026-01-12,SUBMITTED,ACTIVE,120252700.0,5,0.833,FULLY_COMPLIANT,HARD,True
BT-002965,TND-000748,BID-000801,2026-01-12,SUBMITTED,ACTIVE,146616800.0,6,1.0,FULLY_COMPLIANT,HARD,True
BT-002966,TND-000748,BID-000106,2026-01-12,SUBMITTED,ACTIVE,117588500.0,6,1.0,HARD_AMBIGUOUS_CASE,HARD,True
BT-002967,TND-000748,BID-000022,2026-01-12,SUBMITTED,ACTIVE,125773400.0,5,0.833,FULLY_COMPLIANT,HARD,True
BT-002968,TND-000748,BID-001096,2026-01-12,SUBMITTED,ACTIVE,150040500.0,6,1.0,FULLY_COMPLIANT,HARD,True
BT-002969,TND-000749,BID-001696,2026-06-03,SUBMITTED,ACTIVE,204353800.0,6,0.857,INSUFFICIENT_EVIDENCE,MEDIUM,True
BT-002970,TND-000749,BID-001667,2026-06-03,SUBMITTED,ACTIVE,237672500.0,6,0.857,MINOR_ISSUES,MEDIUM,True
BT-002971,TND-000749,BID-001534,2026-06-03,SUBMITTED,ACTIVE,210694100.0,7,1.0,PARTIAL_COMPLIANCE,MEDIUM,True
BT-002977,TND-000751,BID-001515,2025-02-26,SUBMITTED,ACTIVE,191243700.0,4,0.667,FULLY_COMPLIANT,EASY,True
BT-002978,TND-000751,BID-000894,2025-02-26,SUBMITTED,ACTIVE,181518600.0,6,1.0,HARD_AMBIGUOUS_CASE,EASY,True
BT-002979,TND-000751,BID-000405,2025-02-26,SUBMITTED,ACTIVE,194237600.0,6,1.0,FULLY_COMPLIANT,EASY,True
BT-002980,TND-000752,BID-000082,2026-03-06,SUBMITTED,ACTIVE,207171400.0,5,0.714,FULLY_COMPLIANT,HARD,True
BT-002981,TND-000752,BID-000229,2026-03-06,SUBMITTED,ACTIVE,215251100.0,2,0.286,MISSING_DOCUMENT,HARD,True
BT-002982,TND-000752,BID-000931,2026-03-06,SUBMITTED,ACTIVE,231575400.0,5,0.714,PARTIAL_COMPLIANCE,HARD,True
BT-002983,TND-000752,BID-000505,2026-03-06,SUBMITTED,ACTIVE,226367000.0,5,0.714,FULLY_COMPLIANT,HARD,True
BT-002984,TND-000752,BID-000011,2026-03-06,SUBMITTED,ACTIVE,227859300.0,7,1.0,FULLY_COMPLIANT,HARD,True
BT-002985,TND-000753,BID-000715,2026-07-07,SUBMITTED,ACTIVE,190705300.0,5,0.714,FULLY_COMPLIANT,HARD,True
BT-002986,TND-000753,BID-000306,2026-07-07,SUBMITTED,ACTIVE,183891800.0,7,1.0,MINOR_ISSUES,HARD,True
BT-002987,TND-000753,BID-001758,2026-07-07,SUBMITTED,ACTIVE,190447200.0,6,0.857,FULLY_COMPLIANT,HARD,True
BT-002988,TND-000753,BID-000863,2026-07-07,SUBMITTED,ACTIVE,181200800.0,6,0.857,MINOR_ISSUES,HARD,True
BT-002989,TND-000753,BID-001027,2026-07-07,SUBMITTED,ACTIVE,233772600.0,5,0.714,MISSING_DOCUMENT,HARD,True
BT-002990,TND-000754,BID-001644,2025-09-10,SUBMITTED,ACTIVE,171098100.0,5,0.833,FULLY_COMPLIANT,HARD,True
BT-002991,TND-000754,BID-001616,2025-09-10,SUBMITTED,ACTIVE,158406400.0,6,1.0,INSUFFICIENT_EVIDENCE,HARD,True
BT-002992,TND-000754,BID-000165,2025-09-10,SUBMITTED,ACTIVE,155042100.0,6,1.0,FULLY_COMPLIANT,HARD,True
BT-002993,TND-000755,BID-001121,2026-04-08,SUBMITTED,ACTIVE,5732900.0,7,1.0,EXPIRED_DOCUMENT,MEDIUM,True
BT-002994,TND-000755,BID-000944,2026-04-08,SUBMITTED,ACTIVE,5568400.0,7,1.0,MINOR_ISSUES,MEDIUM,True
BT-002995,TND-000755,BID-000126,2026-04-08,SUBMITTED,ACTIVE,4775900.0,7,1.0,FULLY_COMPLIANT,MEDIUM,True
BT-002996,TND-000756,BID-001588,2026-07-30,SUBMITTED,ACTIVE,228397200.0,5,0.833,FULLY_COMPLIANT,MEDIUM,True
BT-002997,TND-000756,BID-001693,2026-07-30,SUBMITTED,ACTIVE,258161600.0,6,1.0,MINOR_ISSUES,MEDIUM,True
BT-002998,TND-000756,BID-000185,2026-07-30,SUBMITTED,ACTIVE,215103600.0,4,0.667,MISSING_DOCUMENT,MEDIUM,True
BT-002999,TND-000756,BID-000012,2026-07-30,SUBMITTED,ACTIVE,237785300.0,5,0.833,EXPIRED_DOCUMENT,MEDIUM,True
BT-003000,TND-000757,BID-000519,2026-06-04,SUBMITTED,ACTIVE,152696800.0,2,0.333,MISSING_DOCUMENT,EASY,True
BT-003001,TND-000757,BID-001491,2026-06-04,SUBMITTED,ACTIVE,152287600.0,6,1.0,FULLY_COMPLIANT,EASY,True
BT-003002,TND-000757,BID-001469,2026-06-04,SUBMITTED,ACTIVE,144950000.0,6,1.0,INSUFFICIENT_EVIDENCE,EASY,True
BT-003003,TND-000757,BID-000238,2026-06-04,SUBMITTED,ACTIVE,141410300.0,5,0.833,INVALID_DOCUMENT,EASY,True
BT-003009,TND-000759,BID-001349,2025-07-05,SUBMITTED,ACTIVE,65040000.0,6,1.0,HARD_AMBIGUOUS_CASE,MEDIUM,True
BT-003010,TND-000759,BID-000972,2025-07-05,SUBMITTED,ACTIVE,78890900.0,6,1.0,INSUFFICIENT_EVIDENCE,MEDIUM,True
BT-003011,TND-000759,BID-000264,2025-07-05,SUBMITTED,ACTIVE,66771400.0,5,0.833,INVALID_DOCUMENT,MEDIUM,True
BT-003012,TND-000759,BID-000520,2025-07-05,SUBMITTED,ACTIVE,73333400.0,4,0.667,FULLY_COMPLIANT,MEDIUM,True
BT-003013,TND-000760,BID-000026,2025-08-30,SUBMITTED,ACTIVE,37380700.0,6,1.0,FULLY_COMPLIANT,EASY,True
BT-003014,TND-000760,BID-001890,2025-08-30,SUBMITTED,ACTIVE,41605500.0,6,1.0,FULLY_COMPLIANT,EASY,True
BT-003015,TND-000760,BID-001353,2025-08-30,SUBMITTED,ACTIVE,43756700.0,6,1.0,EXPIRED_DOCUMENT,EASY,True
BT-003016,TND-000761,BID-000754,2025-05-26,SUBMITTED,ACTIVE,194983000.0,6,0.857,MINOR_ISSUES,MEDIUM,True
BT-003017,TND-000761,BID-001083,2025-05-26,SUBMITTED,ACTIVE,186546200.0,6,0.857,FULLY_COMPLIANT,MEDIUM,True
BT-003018,TND-000761,BID-001849,2025-05-26,SUBMITTED,ACTIVE,190673500.0,7,1.0,MINOR_ISSUES,MEDIUM,True
BT-003019,TND-000761,BID-001437,2025-05-26,SUBMITTED,ACTIVE,162805200.0,7,1.0,FULLY_COMPLIANT,MEDIUM,True
BT-003020,TND-000761,BID-001912,2025-05-26,SUBMITTED,ACTIVE,197162700.0,7,1.0,FULLY_COMPLIANT,MEDIUM,True
BT-003025,TND-000763,BID-001042,2026-03-04,SUBMITTED,ACTIVE,152208800.0,6,0.857,FULLY_COMPLIANT,EASY,True
BT-003026,TND-000763,BID-000732,2026-03-04,SUBMITTED,ACTIVE,171305000.0,5,0.714,INSUFFICIENT_EVIDENCE,EASY,True
BT-003027,TND-000763,BID-001322,2026-03-04,SUBMITTED,ACTIVE,170605000.0,7,1.0,INSUFFICIENT_EVIDENCE,EASY,True
BT-003028,TND-000764,BID-000025,2026-11-06,SUBMITTED,ACTIVE,263927500.0,6,1.0,INSUFFICIENT_EVIDENCE,EASY,True
BT-003029,TND-000764,BID-000127,2026-11-06,SUBMITTED,ACTIVE,201910600.0,6,1.0,INCONSISTENT_DOCUMENT,EASY,True
BT-003030,TND-000764,BID-001729,2026-11-06,SUBMITTED,ACTIVE,206641500.0,5,0.833,INSUFFICIENT_EVIDENCE,EASY,True
BT-003031,TND-000764,BID-001634,2026-11-06,SUBMITTED,ACTIVE,222341500.0,6,1.0,INVALID_DOCUMENT,EASY,True
BT-003032,TND-000764,BID-000340,2026-11-06,SUBMITTED,ACTIVE,197629300.0,6,1.0,MINOR_ISSUES,EASY,True
BT-003033,TND-000765,BID-001731,2025-11-15,SUBMITTED,ACTIVE,193478400.0,5,0.833,FULLY_COMPLIANT,MEDIUM,True
BT-003034,TND-000765,BID-000565,2025-11-15,SUBMITTED,ACTIVE,174590900.0,6,1.0,FULLY_COMPLIANT,MEDIUM,True
BT-003035,TND-000765,BID-000683,2025-11-15,SUBMITTED,ACTIVE,197948500.0,6,1.0,FULLY_COMPLIANT,MEDIUM,True
BT-003036,TND-000766,BID-000802,2025-08-04,SUBMITTED,ACTIVE,113781600.0,7,1.0,FULLY_COMPLIANT,MEDIUM,True
BT-003037,TND-000766,BID-000425,2025-08-04,SUBMITTED,ACTIVE,109279800.0,6,0.857,PARTIAL_COMPLIANCE,MEDIUM,True
BT-003038,TND-000766,BID-000430,2025-08-04,SUBMITTED,ACTIVE,126225100.0,6,0.857,FULLY_COMPLIANT,MEDIUM,True
BT-003039,TND-000766,BID-001694,2025-08-04,SUBMITTED,ACTIVE,133632800.0,4,0.571,MISSING_DOCUMENT,MEDIUM,True
BT-003040,TND-000766,BID-001925,2025-08-04,SUBMITTED,ACTIVE,123794800.0,6,0.857,PARTIAL_COMPLIANCE,MEDIUM,True
BT-003041,TND-000767,BID-001929,2026-06-03,SUBMITTED,ACTIVE,139519200.0,6,1.0,PARTIAL_COMPLIANCE,MEDIUM,True
BT-003042,TND-000767,BID-000427,2026-06-03,SUBMITTED,ACTIVE,160732700.0,6,1.0,PARTIAL_COMPLIANCE,MEDIUM,True
BT-003043,TND-000767,BID-001009,2026-06-03,SUBMITTED,ACTIVE,134724100.0,5,0.833,MINOR_ISSUES,MEDIUM,True
BT-003044,TND-000767,BID-000909,2026-06-03,SUBMITTED,ACTIVE,145191200.0,3,0.5,MISSING_DOCUMENT,MEDIUM,True
BT-003045,TND-000767,BID-001415,2026-06-03,SUBMITTED,ACTIVE,129847200.0,6,1.0,PARTIAL_COMPLIANCE,MEDIUM,True
BT-003046,TND-000768,BID-000312,2026-08-06,SUBMITTED,ACTIVE,12689000.0,7,1.0,FULLY_COMPLIANT,MEDIUM,True
BT-003047,TND-000768,BID-001888,2026-08-06,SUBMITTED,ACTIVE,15854400.0,6,0.857,FULLY_COMPLIANT,MEDIUM,True
BT-003048,TND-000768,BID-001792,2026-08-06,SUBMITTED,ACTIVE,15727600.0,6,0.857,INSUFFICIENT_EVIDENCE,MEDIUM,True
BT-003049,TND-000768,BID-000554,2026-08-06,SUBMITTED,ACTIVE,14454100.0,7,1.0,FULLY_COMPLIANT,MEDIUM,True
BT-003050,TND-000768,BID-001241,2026-08-06,SUBMITTED,ACTIVE,13303400.0,7,1.0,PARTIAL_COMPLIANCE,MEDIUM,True
BT-003055,TND-000770,BID-001389,2026-07-09,SUBMITTED,ACTIVE,43581200.0,6,0.857,FULLY_COMPLIANT,MEDIUM,True
BT-003056,TND-000770,BID-001484,2026-07-09,SUBMITTED,ACTIVE,57329200.0,6,0.857,FULLY_COMPLIANT,MEDIUM,True
BT-003057,TND-000770,BID-000351,2026-07-09,SUBMITTED,ACTIVE,44718900.0,7,1.0,PARTIAL_COMPLIANCE,MEDIUM,True
BT-003058,TND-000770,BID-001557,2026-07-09,SUBMITTED,ACTIVE,56505100.0,6,0.857,INVALID_DOCUMENT,MEDIUM,True
BT-003059,TND-000770,BID-001158,2026-07-09,SUBMITTED,ACTIVE,58595800.0,4,0.571,MISSING_DOCUMENT,MEDIUM,True
BT-003060,TND-000771,BID-000525,2025-07-08,SUBMITTED,ACTIVE,63340400.0,5,0.833,INSUFFICIENT_EVIDENCE,MEDIUM,True
BT-003061,TND-000771,BID-001118,2025-07-08,SUBMITTED,ACTIVE,50644300.0,5,0.833,FULLY_COMPLIANT,MEDIUM,True
BT-003062,TND-000771,BID-001481,2025-07-08,SUBMITTED,ACTIVE,52750800.0,6,1.0,FULLY_COMPLIANT,MEDIUM,True
BT-003063,TND-000772,BID-000807,2026-02-12,SUBMITTED,ACTIVE,188876200.0,7,1.0,INVALID_DOCUMENT,MEDIUM,True
BT-003064,TND-000772,BID-001260,2026-02-12,SUBMITTED,ACTIVE,146828000.0,7,1.0,FULLY_COMPLIANT,MEDIUM,True
BT-003065,TND-000772,BID-000329,2026-02-12,SUBMITTED,ACTIVE,143568600.0,6,0.857,MISSING_DOCUMENT,MEDIUM,True
BT-003066,TND-000772,BID-000065,2026-02-12,SUBMITTED,ACTIVE,171180100.0,7,1.0,MINOR_ISSUES,MEDIUM,True
BT-003067,TND-000772,BID-001497,2026-02-12,SUBMITTED,ACTIVE,159080100.0,7,1.0,FULLY_COMPLIANT,MEDIUM,True
BT-003068,TND-000773,BID-001047,2026-01-09,SUBMITTED,ACTIVE,106358900.0,7,1.0,INSUFFICIENT_EVIDENCE,EASY,True
BT-003069,TND-000773,BID-000586,2026-01-09,SUBMITTED,ACTIVE,98240800.0,6,0.857,INSUFFICIENT_EVIDENCE,EASY,True
BT-003070,TND-000773,BID-001046,2026-01-09,SUBMITTED,ACTIVE,102736300.0,7,1.0,PARTIAL_COMPLIANCE,EASY,True
BT-003071,TND-000773,BID-000928,2026-01-09,SUBMITTED,ACTIVE,90232200.0,6,0.857,INSUFFICIENT_EVIDENCE,EASY,True
BT-003072,TND-000773,BID-001702,2026-01-09,SUBMITTED,ACTIVE,112760600.0,6,0.857,FULLY_COMPLIANT,EASY,True
BT-003080,TND-000776,BID-000500,2026-07-05,SUBMITTED,ACTIVE,194632300.0,6,1.0,FULLY_COMPLIANT,MEDIUM,True
BT-003081,TND-000776,BID-000744,2026-07-05,SUBMITTED,ACTIVE,171182100.0,5,0.833,FULLY_COMPLIANT,MEDIUM,True
BT-003082,TND-000776,BID-001374,2026-07-05,SUBMITTED,ACTIVE,184402100.0,6,1.0,HARD_AMBIGUOUS_CASE,MEDIUM,True
BT-003083,TND-000776,BID-001881,2026-07-05,SUBMITTED,ACTIVE,200077400.0,6,1.0,FULLY_COMPLIANT,MEDIUM,True
BT-003084,TND-000776,BID-001394,2026-07-05,SUBMITTED,ACTIVE,200692600.0,6,1.0,INCONSISTENT_DOCUMENT,MEDIUM,True
BT-003085,TND-000777,BID-000320,2025-11-23,SUBMITTED,ACTIVE,71778000.0,6,1.0,FULLY_COMPLIANT,MEDIUM,True
BT-003086,TND-000777,BID-000563,2025-11-23,SUBMITTED,ACTIVE,68862200.0,5,0.833,FULLY_COMPLIANT,MEDIUM,True
BT-003087,TND-000777,BID-001401,2025-11-23,SUBMITTED,ACTIVE,80568600.0,6,1.0,EXPIRED_DOCUMENT,MEDIUM,True
BT-003088,TND-000777,BID-001807,2025-11-23,SUBMITTED,ACTIVE,68749700.0,5,0.833,FULLY_COMPLIANT,MEDIUM,True
BT-003089,TND-000777,BID-000382,2025-11-23,SUBMITTED,ACTIVE,77540500.0,5,0.833,PARTIAL_COMPLIANCE,MEDIUM,True
BT-003090,TND-000778,BID-000485,2025-09-02,SUBMITTED,ACTIVE,136439400.0,6,0.857,FULLY_COMPLIANT,MEDIUM,True
BT-003091,TND-000778,BID-001958,2025-09-02,SUBMITTED,ACTIVE,138494800.0,6,0.857,MINOR_ISSUES,MEDIUM,True
BT-003092,TND-000778,BID-000529,2025-09-02,SUBMITTED,ACTIVE,156124700.0,7,1.0,HARD_AMBIGUOUS_CASE,MEDIUM,True
BT-003093,TND-000778,BID-001188,2025-09-02,SUBMITTED,ACTIVE,137368100.0,6,0.857,PARTIAL_COMPLIANCE,MEDIUM,True
BT-003094,TND-000778,BID-001650,2025-09-02,SUBMITTED,ACTIVE,149428100.0,7,1.0,FULLY_COMPLIANT,MEDIUM,True
BT-003095,TND-000779,BID-000532,2026-06-25,SUBMITTED,ACTIVE,109105300.0,6,1.0,INCONSISTENT_DOCUMENT,EASY,True
BT-003096,TND-000779,BID-000108,2026-06-25,SUBMITTED,ACTIVE,118414500.0,6,1.0,PARTIAL_COMPLIANCE,EASY,True
BT-003097,TND-000779,BID-001828,2026-06-25,SUBMITTED,ACTIVE,108042100.0,6,1.0,FULLY_COMPLIANT,EASY,True
BT-003098,TND-000779,BID-000588,2026-06-25,SUBMITTED,ACTIVE,99654800.0,5,0.833,INCONSISTENT_DOCUMENT,EASY,True
BT-003099,TND-000780,BID-001812,2026-08-25,SUBMITTED,ACTIVE,52037800.0,7,1.0,PARTIAL_COMPLIANCE,MEDIUM,True
BT-003100,TND-000780,BID-001998,2026-08-25,SUBMITTED,ACTIVE,42383100.0,6,0.857,FULLY_COMPLIANT,MEDIUM,True
BT-003101,TND-000780,BID-000544,2026-08-25,SUBMITTED,ACTIVE,43153300.0,5,0.714,MISSING_DOCUMENT,MEDIUM,True
BT-003102,TND-000780,BID-001532,2026-08-25,SUBMITTED,ACTIVE,55819100.0,6,0.857,FULLY_COMPLIANT,MEDIUM,True
BT-003103,TND-000781,BID-000908,2026-09-03,SUBMITTED,ACTIVE,122986600.0,6,1.0,FULLY_COMPLIANT,EASY,True
BT-003104,TND-000781,BID-000793,2026-09-03,SUBMITTED,ACTIVE,118533600.0,6,1.0,INSUFFICIENT_EVIDENCE,EASY,True
BT-003105,TND-000781,BID-000219,2026-09-03,SUBMITTED,ACTIVE,122433900.0,6,1.0,INVALID_DOCUMENT,EASY,True
BT-003106,TND-000781,BID-001974,2026-09-03,SUBMITTED,ACTIVE,121608600.0,6,1.0,INSUFFICIENT_EVIDENCE,EASY,True
BT-003107,TND-000782,BID-000104,2026-09-11,SUBMITTED,ACTIVE,241386300.0,4,0.667,INSUFFICIENT_EVIDENCE,MEDIUM,True
BT-003108,TND-000782,BID-000552,2026-09-11,SUBMITTED,ACTIVE,242207900.0,5,0.833,PARTIAL_COMPLIANCE,MEDIUM,True
BT-003109,TND-000782,BID-001406,2026-09-11,SUBMITTED,ACTIVE,267885300.0,6,1.0,FULLY_COMPLIANT,MEDIUM,True
BT-003110,TND-000782,BID-001605,2026-09-11,SUBMITTED,ACTIVE,246693900.0,6,1.0,PARTIAL_COMPLIANCE,MEDIUM,True
BT-003111,TND-000783,BID-000300,2026-03-25,SUBMITTED,ACTIVE,135496800.0,6,1.0,MINOR_ISSUES,HARD,True
BT-003112,TND-000783,BID-000144,2026-03-25,SUBMITTED,ACTIVE,175042400.0,5,0.833,MINOR_ISSUES,HARD,True
BT-003113,TND-000783,BID-000851,2026-03-25,SUBMITTED,ACTIVE,141360400.0,6,1.0,FULLY_COMPLIANT,HARD,True
BT-003114,TND-000783,BID-001968,2026-03-25,SUBMITTED,ACTIVE,164895500.0,5,0.833,PARTIAL_COMPLIANCE,HARD,True
BT-003115,TND-000784,BID-000727,2026-06-19,SUBMITTED,ACTIVE,148061200.0,5,0.833,INSUFFICIENT_EVIDENCE,EASY,True
BT-003116,TND-000784,BID-001416,2026-06-19,SUBMITTED,ACTIVE,166889300.0,6,1.0,INVALID_DOCUMENT,EASY,True
BT-003117,TND-000784,BID-000444,2026-06-19,SUBMITTED,ACTIVE,149823800.0,6,1.0,INSUFFICIENT_EVIDENCE,EASY,True
BT-003118,TND-000785,BID-000048,2026-03-25,SUBMITTED,ACTIVE,85005400.0,6,1.0,INCONSISTENT_DOCUMENT,EASY,True
BT-003119,TND-000785,BID-001410,2026-03-25,SUBMITTED,ACTIVE,93603200.0,6,1.0,MINOR_ISSUES,EASY,True
BT-003120,TND-000785,BID-001182,2026-03-25,SUBMITTED,ACTIVE,85301300.0,5,0.833,FULLY_COMPLIANT,EASY,True
BT-003121,TND-000785,BID-001618,2026-03-25,SUBMITTED,ACTIVE,105562600.0,3,0.5,MISSING_DOCUMENT,EASY,True
BT-003122,TND-000786,BID-000314,2026-07-30,SUBMITTED,ACTIVE,134372800.0,5,0.714,FULLY_COMPLIANT,MEDIUM,True
BT-003123,TND-000786,BID-001805,2026-07-30,SUBMITTED,ACTIVE,155232800.0,6,0.857,FULLY_COMPLIANT,MEDIUM,True
BT-003124,TND-000786,BID-000082,2026-07-30,SUBMITTED,ACTIVE,119700100.0,5,0.714,INSUFFICIENT_EVIDENCE,MEDIUM,True
BT-003130,TND-000788,BID-000005,2026-03-15,SUBMITTED,ACTIVE,28323500.0,7,1.0,FULLY_COMPLIANT,MEDIUM,True
BT-003131,TND-000788,BID-001346,2026-03-15,SUBMITTED,ACTIVE,29635300.0,6,0.857,FULLY_COMPLIANT,MEDIUM,True
BT-003132,TND-000788,BID-001820,2026-03-15,SUBMITTED,ACTIVE,32746100.0,6,0.857,PARTIAL_COMPLIANCE,MEDIUM,True
BT-003133,TND-000788,BID-001956,2026-03-15,SUBMITTED,ACTIVE,31516600.0,7,1.0,FULLY_COMPLIANT,MEDIUM,True
BT-003134,TND-000788,BID-000029,2026-03-15,SUBMITTED,ACTIVE,29946900.0,6,0.857,PARTIAL_COMPLIANCE,MEDIUM,True
BT-003135,TND-000789,BID-001716,2026-01-22,SUBMITTED,ACTIVE,182603600.0,6,1.0,FULLY_COMPLIANT,EASY,True
BT-003136,TND-000789,BID-000905,2026-01-22,SUBMITTED,ACTIVE,188413800.0,5,0.833,FULLY_COMPLIANT,EASY,True
BT-003137,TND-000789,BID-001430,2026-01-22,SUBMITTED,ACTIVE,165707400.0,5,0.833,FULLY_COMPLIANT,EASY,True
BT-003138,TND-000790,BID-001309,2026-09-10,SUBMITTED,ACTIVE,170234900.0,5,0.833,FULLY_COMPLIANT,EASY,True
BT-003139,TND-000790,BID-001530,2026-09-10,SUBMITTED,ACTIVE,146214600.0,6,1.0,FULLY_COMPLIANT,EASY,True
BT-003140,TND-000790,BID-000010,2026-09-10,SUBMITTED,ACTIVE,181216300.0,6,1.0,PARTIAL_COMPLIANCE,EASY,True
BT-003141,TND-000790,BID-000818,2026-09-10,SUBMITTED,ACTIVE,161424000.0,6,1.0,INSUFFICIENT_EVIDENCE,EASY,True
BT-003145,TND-000792,BID-001534,2026-01-19,SUBMITTED,ACTIVE,190656100.0,5,0.714,EXPIRED_DOCUMENT,MEDIUM,True
BT-003146,TND-000792,BID-001441,2026-01-19,SUBMITTED,ACTIVE,222366700.0,6,0.857,INSUFFICIENT_EVIDENCE,MEDIUM,True
BT-003147,TND-000792,BID-001696,2026-01-19,SUBMITTED,ACTIVE,197231300.0,5,0.714,PARTIAL_COMPLIANCE,MEDIUM,True
BT-003148,TND-000793,BID-000864,2026-01-25,SUBMITTED,ACTIVE,165644200.0,6,0.857,MINOR_ISSUES,MEDIUM,True
BT-003149,TND-000793,BID-000457,2026-01-25,SUBMITTED,ACTIVE,156870200.0,4,0.571,FULLY_COMPLIANT,MEDIUM,True
BT-003150,TND-000793,BID-001985,2026-01-25,SUBMITTED,ACTIVE,141164000.0,7,1.0,FULLY_COMPLIANT,MEDIUM,True
BT-003151,TND-000793,BID-001705,2026-01-25,SUBMITTED,ACTIVE,177147300.0,7,1.0,FULLY_COMPLIANT,MEDIUM,True
BT-003152,TND-000794,BID-001351,2026-09-22,SUBMITTED,ACTIVE,122867200.0,6,0.857,EXPIRED_DOCUMENT,MEDIUM,True
BT-003153,TND-000794,BID-001002,2026-09-22,SUBMITTED,ACTIVE,108108900.0,6,0.857,INCONSISTENT_DOCUMENT,MEDIUM,True
BT-003154,TND-000794,BID-001080,2026-09-22,SUBMITTED,ACTIVE,99324400.0,7,1.0,PARTIAL_COMPLIANCE,MEDIUM,True
BT-003155,TND-000794,BID-000181,2026-09-22,SUBMITTED,ACTIVE,103097500.0,7,1.0,PARTIAL_COMPLIANCE,MEDIUM,True
BT-003156,TND-000794,BID-001303,2026-09-22,SUBMITTED,ACTIVE,121678000.0,7,1.0,FULLY_COMPLIANT,MEDIUM,True
BT-003157,TND-000795,BID-000358,2026-03-14,SUBMITTED,ACTIVE,25013500.0,6,0.857,FULLY_COMPLIANT,EASY,True
BT-003158,TND-000795,BID-000086,2026-03-14,SUBMITTED,ACTIVE,24665400.0,6,0.857,PARTIAL_COMPLIANCE,EASY,True
BT-003159,TND-000795,BID-001024,2026-03-14,SUBMITTED,ACTIVE,28714600.0,7,1.0,PARTIAL_COMPLIANCE,EASY,True
BT-003160,TND-000796,BID-000219,2026-05-17,SUBMITTED,ACTIVE,123208500.0,6,1.0,FULLY_COMPLIANT,MEDIUM,True
BT-003161,TND-000796,BID-001668,2026-05-17,SUBMITTED,ACTIVE,159059700.0,6,1.0,FULLY_COMPLIANT,MEDIUM,True
BT-003162,TND-000796,BID-001198,2026-05-17,SUBMITTED,ACTIVE,127579300.0,6,1.0,FULLY_COMPLIANT,MEDIUM,True
BT-003163,TND-000796,BID-001307,2026-05-17,SUBMITTED,ACTIVE,123818100.0,6,1.0,INVALID_DOCUMENT,MEDIUM,True
BT-003164,TND-000797,BID-000574,2026-07-10,SUBMITTED,ACTIVE,32176300.0,6,1.0,INCONSISTENT_DOCUMENT,MEDIUM,True
BT-003165,TND-000797,BID-000696,2026-07-10,SUBMITTED,ACTIVE,25684900.0,5,0.833,INVALID_DOCUMENT,MEDIUM,True
BT-003166,TND-000797,BID-001299,2026-07-10,SUBMITTED,ACTIVE,25362800.0,5,0.833,FULLY_COMPLIANT,MEDIUM,True
BT-003171,TND-000799,BID-001943,2025-10-29,SUBMITTED,ACTIVE,63358700.0,6,0.857,INCONSISTENT_DOCUMENT,HARD,True
BT-003172,TND-000799,BID-000717,2025-10-29,SUBMITTED,ACTIVE,75800300.0,6,0.857,FULLY_COMPLIANT,HARD,True
BT-003173,TND-000799,BID-001824,2025-10-29,SUBMITTED,ACTIVE,72662600.0,7,1.0,PARTIAL_COMPLIANCE,HARD,True
BT-003174,TND-000800,BID-000675,2026-10-08,SUBMITTED,ACTIVE,41635100.0,5,0.833,FULLY_COMPLIANT,EASY,True
BT-003175,TND-000800,BID-000845,2026-10-08,SUBMITTED,ACTIVE,50696800.0,5,0.833,EXPIRED_DOCUMENT,EASY,True
BT-003176,TND-000800,BID-001727,2026-10-08,SUBMITTED,ACTIVE,43327000.0,6,1.0,FULLY_COMPLIANT,EASY,True
BT-003177,TND-000800,BID-001963,2026-10-08,SUBMITTED,ACTIVE,45905500.0,5,0.833,EXPIRED_DOCUMENT,EASY,True
BT-003181,TND-000802,BID-000521,2026-10-04,SUBMITTED,ACTIVE,229257800.0,5,0.833,INSUFFICIENT_EVIDENCE,MEDIUM,True
BT-003182,TND-000802,BID-000269,2026-10-04,SUBMITTED,ACTIVE,216686800.0,5,0.833,FULLY_COMPLIANT,MEDIUM,True
BT-003183,TND-000802,BID-001152,2026-10-04,SUBMITTED,ACTIVE,233645600.0,5,0.833,FULLY_COMPLIANT,MEDIUM,True
BT-003184,TND-000802,BID-001656,2026-10-04,SUBMITTED,ACTIVE,238504500.0,3,0.5,MISSING_DOCUMENT,MEDIUM,True
BT-003185,TND-000802,BID-000630,2026-10-04,SUBMITTED,ACTIVE,236026300.0,2,0.333,MISSING_DOCUMENT,MEDIUM,True
BT-003186,TND-000803,BID-000357,2025-10-15,SUBMITTED,ACTIVE,229001300.0,6,1.0,FULLY_COMPLIANT,EASY,True
BT-003187,TND-000803,BID-000026,2025-10-15,SUBMITTED,ACTIVE,258731000.0,5,0.833,INCONSISTENT_DOCUMENT,EASY,True
BT-003188,TND-000803,BID-001480,2025-10-15,SUBMITTED,ACTIVE,262446500.0,6,1.0,FULLY_COMPLIANT,EASY,True
BT-003189,TND-000804,BID-001890,2026-04-07,SUBMITTED,ACTIVE,261433100.0,6,1.0,EXPIRED_DOCUMENT,EASY,True
BT-003190,TND-000804,BID-000985,2026-04-07,SUBMITTED,ACTIVE,204903000.0,6,1.0,INSUFFICIENT_EVIDENCE,EASY,True
BT-003191,TND-000804,BID-000220,2026-04-07,SUBMITTED,ACTIVE,208996100.0,5,0.833,FULLY_COMPLIANT,EASY,True
BT-003192,TND-000804,BID-000455,2026-04-07,SUBMITTED,ACTIVE,265057100.0,2,0.333,MISSING_DOCUMENT,EASY,True
BT-003193,TND-000804,BID-001306,2026-04-07,SUBMITTED,ACTIVE,245223000.0,3,0.5,MISSING_DOCUMENT,EASY,True
BT-003202,TND-000807,BID-001693,2025-11-02,SUBMITTED,ACTIVE,190879900.0,6,1.0,FULLY_COMPLIANT,EASY,True
BT-003203,TND-000807,BID-000293,2025-11-02,SUBMITTED,ACTIVE,195047000.0,5,0.833,INSUFFICIENT_EVIDENCE,EASY,True
BT-003204,TND-000807,BID-000309,2025-11-02,SUBMITTED,ACTIVE,174301000.0,6,1.0,FULLY_COMPLIANT,EASY,True
BT-003205,TND-000807,BID-000743,2025-11-02,SUBMITTED,ACTIVE,192175700.0,6,1.0,INSUFFICIENT_EVIDENCE,EASY,True
BT-003215,TND-000810,BID-000346,2026-09-27,SUBMITTED,ACTIVE,232449900.0,4,0.667,MISSING_DOCUMENT,MEDIUM,True
BT-003216,TND-000810,BID-001566,2026-09-27,SUBMITTED,ACTIVE,179702900.0,4,0.667,MISSING_DOCUMENT,MEDIUM,True
BT-003217,TND-000810,BID-000022,2026-09-27,SUBMITTED,ACTIVE,197306000.0,6,1.0,PARTIAL_COMPLIANCE,MEDIUM,True
BT-003218,TND-000810,BID-001112,2026-09-27,SUBMITTED,ACTIVE,220275500.0,4,0.667,PARTIAL_COMPLIANCE,MEDIUM,True
BT-003223,TND-000812,BID-000071,2026-09-08,SUBMITTED,ACTIVE,229092300.0,5,0.833,PARTIAL_COMPLIANCE,HARD,True
BT-003224,TND-000812,BID-000720,2026-09-08,SUBMITTED,ACTIVE,188407600.0,6,1.0,FULLY_COMPLIANT,HARD,True
BT-003225,TND-000812,BID-001610,2026-09-08,SUBMITTED,ACTIVE,230454700.0,6,1.0,EXPIRED_DOCUMENT,HARD,True
BT-003226,TND-000813,BID-001243,2025-06-15,SUBMITTED,ACTIVE,160386000.0,6,1.0,INSUFFICIENT_EVIDENCE,MEDIUM,True
BT-003227,TND-000813,BID-001894,2025-06-15,SUBMITTED,ACTIVE,154994000.0,5,0.833,INSUFFICIENT_EVIDENCE,MEDIUM,True
BT-003228,TND-000813,BID-000524,2025-06-15,SUBMITTED,ACTIVE,122605900.0,6,1.0,HARD_AMBIGUOUS_CASE,MEDIUM,True
BT-003229,TND-000813,BID-001405,2025-06-15,SUBMITTED,ACTIVE,125161000.0,5,0.833,FULLY_COMPLIANT,MEDIUM,True
BT-003230,TND-000814,BID-001465,2025-07-19,SUBMITTED,ACTIVE,194719100.0,5,0.833,INCONSISTENT_DOCUMENT,EASY,True
BT-003231,TND-000814,BID-000069,2025-07-19,SUBMITTED,ACTIVE,217723000.0,5,0.833,PARTIAL_COMPLIANCE,EASY,True
BT-003232,TND-000814,BID-001629,2025-07-19,SUBMITTED,ACTIVE,200060000.0,6,1.0,INCONSISTENT_DOCUMENT,EASY,True
BT-003233,TND-000814,BID-001537,2025-07-19,SUBMITTED,ACTIVE,199799300.0,6,1.0,INSUFFICIENT_EVIDENCE,EASY,True
BT-003234,TND-000815,BID-001451,2025-05-09,SUBMITTED,ACTIVE,123319500.0,6,0.857,MINOR_ISSUES,MEDIUM,True
BT-003235,TND-000815,BID-001332,2025-05-09,SUBMITTED,ACTIVE,131563600.0,7,1.0,MINOR_ISSUES,MEDIUM,True
BT-003236,TND-000815,BID-001751,2025-05-09,SUBMITTED,ACTIVE,125931900.0,7,1.0,MINOR_ISSUES,MEDIUM,True
BT-003237,TND-000815,BID-001375,2025-05-09,SUBMITTED,ACTIVE,131937200.0,7,1.0,PARTIAL_COMPLIANCE,MEDIUM,True
BT-003238,TND-000815,BID-001489,2025-05-09,SUBMITTED,ACTIVE,144194900.0,5,0.714,INSUFFICIENT_EVIDENCE,MEDIUM,True
BT-003239,TND-000816,BID-001721,2026-01-21,SUBMITTED,ACTIVE,206796200.0,5,0.833,FULLY_COMPLIANT,EASY,True
BT-003240,TND-000816,BID-001621,2026-01-21,SUBMITTED,ACTIVE,194942000.0,6,1.0,FULLY_COMPLIANT,EASY,True
BT-003241,TND-000816,BID-000170,2026-01-21,SUBMITTED,ACTIVE,216893400.0,5,0.833,FULLY_COMPLIANT,EASY,True
BT-003249,TND-000819,BID-001499,2025-09-21,SUBMITTED,ACTIVE,203158200.0,6,1.0,HARD_AMBIGUOUS_CASE,EASY,True
BT-003250,TND-000819,BID-001465,2025-09-21,SUBMITTED,ACTIVE,188401600.0,5,0.833,INSUFFICIENT_EVIDENCE,EASY,True
BT-003251,TND-000819,BID-000693,2025-09-21,SUBMITTED,ACTIVE,172176600.0,6,1.0,INCONSISTENT_DOCUMENT,EASY,True
BT-003257,TND-000821,BID-001093,2026-04-23,SUBMITTED,ACTIVE,127315800.0,6,0.857,PARTIAL_COMPLIANCE,HARD,True
BT-003258,TND-000821,BID-001098,2026-04-23,SUBMITTED,ACTIVE,127787600.0,6,0.857,HARD_AMBIGUOUS_CASE,HARD,True
BT-003259,TND-000821,BID-001602,2026-04-23,SUBMITTED,ACTIVE,131183600.0,7,1.0,INSUFFICIENT_EVIDENCE,HARD,True
BT-003260,TND-000821,BID-001270,2026-04-23,SUBMITTED,ACTIVE,153104300.0,7,1.0,HARD_AMBIGUOUS_CASE,HARD,True
BT-003261,TND-000821,BID-001821,2026-04-23,SUBMITTED,ACTIVE,123336100.0,5,0.714,FULLY_COMPLIANT,HARD,True
BT-003262,TND-000822,BID-001205,2025-12-21,SUBMITTED,ACTIVE,234206800.0,1,0.167,MISSING_DOCUMENT,MEDIUM,True
BT-003263,TND-000822,BID-001335,2025-12-21,SUBMITTED,ACTIVE,218247100.0,6,1.0,FULLY_COMPLIANT,MEDIUM,True
BT-003264,TND-000822,BID-000353,2025-12-21,SUBMITTED,ACTIVE,207003000.0,4,0.667,MISSING_DOCUMENT,MEDIUM,True
BT-003265,TND-000823,BID-001798,2025-02-25,SUBMITTED,ACTIVE,104276600.0,6,0.857,PARTIAL_COMPLIANCE,EASY,True
BT-003266,TND-000823,BID-001330,2025-02-25,SUBMITTED,ACTIVE,110656300.0,7,1.0,INSUFFICIENT_EVIDENCE,EASY,True
BT-003267,TND-000823,BID-000245,2025-02-25,SUBMITTED,ACTIVE,108481200.0,3,0.429,MISSING_DOCUMENT,EASY,True
BT-003268,TND-000824,BID-001043,2026-05-06,SUBMITTED,ACTIVE,200430100.0,5,0.833,MINOR_ISSUES,HARD,True
BT-003269,TND-000824,BID-000665,2026-05-06,SUBMITTED,ACTIVE,235669000.0,6,1.0,FULLY_COMPLIANT,HARD,True
BT-003270,TND-000824,BID-000960,2026-05-06,SUBMITTED,ACTIVE,218351700.0,6,1.0,FULLY_COMPLIANT,HARD,True
BT-003271,TND-000824,BID-001118,2026-05-06,SUBMITTED,ACTIVE,183565900.0,5,0.833,PARTIAL_COMPLIANCE,HARD,True
BT-003272,TND-000825,BID-000637,2025-10-23,SUBMITTED,ACTIVE,86502100.0,7,1.0,FULLY_COMPLIANT,HARD,True
BT-003273,TND-000825,BID-001404,2025-10-23,SUBMITTED,ACTIVE,67599500.0,7,1.0,INVALID_DOCUMENT,HARD,True
BT-003274,TND-000825,BID-000811,2025-10-23,SUBMITTED,ACTIVE,79801100.0,7,1.0,PARTIAL_COMPLIANCE,HARD,True
BT-003275,TND-000825,BID-000979,2025-10-23,SUBMITTED,ACTIVE,89748200.0,7,1.0,MINOR_ISSUES,HARD,True
BT-003276,TND-000826,BID-001912,2025-08-27,SUBMITTED,ACTIVE,32510300.0,6,0.857,PARTIAL_COMPLIANCE,EASY,True
BT-003277,TND-000826,BID-000585,2025-08-27,SUBMITTED,ACTIVE,37723400.0,7,1.0,PARTIAL_COMPLIANCE,EASY,True
BT-003278,TND-000826,BID-000458,2025-08-27,SUBMITTED,ACTIVE,37412200.0,6,0.857,FULLY_COMPLIANT,EASY,True
BT-003279,TND-000826,BID-000057,2025-08-27,SUBMITTED,ACTIVE,36236700.0,7,1.0,FULLY_COMPLIANT,EASY,True
BT-003280,TND-000827,BID-001528,2026-10-03,SUBMITTED,ACTIVE,215076400.0,5,0.833,PARTIAL_COMPLIANCE,EASY,True
BT-003281,TND-000827,BID-000664,2026-10-03,SUBMITTED,ACTIVE,217723500.0,6,1.0,INVALID_DOCUMENT,EASY,True
BT-003282,TND-000827,BID-001668,2026-10-03,SUBMITTED,ACTIVE,175689100.0,6,1.0,FULLY_COMPLIANT,EASY,True
BT-003294,TND-000831,BID-001118,2026-05-24,SUBMITTED,ACTIVE,145739100.0,6,1.0,FULLY_COMPLIANT,EASY,True
BT-003295,TND-000831,BID-001630,2026-05-24,SUBMITTED,ACTIVE,148516900.0,6,1.0,INSUFFICIENT_EVIDENCE,EASY,True
BT-003296,TND-000831,BID-000190,2026-05-24,SUBMITTED,ACTIVE,155188700.0,6,1.0,INSUFFICIENT_EVIDENCE,EASY,True
BT-003297,TND-000831,BID-000526,2026-05-24,SUBMITTED,ACTIVE,188593000.0,5,0.833,INCONSISTENT_DOCUMENT,EASY,True
BT-003298,TND-000831,BID-000629,2026-05-24,SUBMITTED,ACTIVE,153585700.0,6,1.0,FULLY_COMPLIANT,EASY,True
BT-003299,TND-000832,BID-001003,2026-04-01,SUBMITTED,ACTIVE,60580200.0,5,0.833,INCONSISTENT_DOCUMENT,HARD,True
BT-003300,TND-000832,BID-000128,2026-04-01,SUBMITTED,ACTIVE,51989000.0,6,1.0,FULLY_COMPLIANT,HARD,True
BT-003301,TND-000832,BID-000222,2026-04-01,SUBMITTED,ACTIVE,62036800.0,6,1.0,FULLY_COMPLIANT,HARD,True
BT-003302,TND-000832,BID-001789,2026-04-01,SUBMITTED,ACTIVE,47212000.0,6,1.0,PARTIAL_COMPLIANCE,HARD,True
BT-003315,TND-000836,BID-000155,2026-02-20,SUBMITTED,ACTIVE,102182200.0,5,0.833,EXPIRED_DOCUMENT,EASY,True
BT-003316,TND-000836,BID-001932,2026-02-20,SUBMITTED,ACTIVE,86347900.0,6,1.0,FULLY_COMPLIANT,EASY,True
BT-003317,TND-000836,BID-000076,2026-02-20,SUBMITTED,ACTIVE,97598300.0,5,0.833,FULLY_COMPLIANT,EASY,True
BT-003318,TND-000836,BID-001934,2026-02-20,SUBMITTED,ACTIVE,108752400.0,5,0.833,PARTIAL_COMPLIANCE,EASY,True
BT-003319,TND-000836,BID-001875,2026-02-20,SUBMITTED,ACTIVE,108164300.0,5,0.833,INCONSISTENT_DOCUMENT,EASY,True
BT-003320,TND-000837,BID-000388,2025-10-15,SUBMITTED,ACTIVE,67879500.0,6,1.0,PARTIAL_COMPLIANCE,EASY,True
BT-003321,TND-000837,BID-000608,2025-10-15,SUBMITTED,ACTIVE,80276200.0,6,1.0,HARD_AMBIGUOUS_CASE,EASY,True
BT-003322,TND-000837,BID-001663,2025-10-15,SUBMITTED,ACTIVE,68225800.0,6,1.0,INCONSISTENT_DOCUMENT,EASY,True
BT-003323,TND-000838,BID-001191,2026-04-03,SUBMITTED,ACTIVE,23005900.0,7,1.0,FULLY_COMPLIANT,EASY,True
BT-003324,TND-000838,BID-001034,2026-04-03,SUBMITTED,ACTIVE,17331900.0,6,0.857,FULLY_COMPLIANT,EASY,True
BT-003325,TND-000838,BID-001386,2026-04-03,SUBMITTED,ACTIVE,21598300.0,6,0.857,INCONSISTENT_DOCUMENT,EASY,True
BT-003326,TND-000838,BID-001863,2026-04-03,SUBMITTED,ACTIVE,17593500.0,7,1.0,INSUFFICIENT_EVIDENCE,EASY,True
BT-003327,TND-000838,BID-000312,2026-04-03,SUBMITTED,ACTIVE,22341300.0,6,0.857,INSUFFICIENT_EVIDENCE,EASY,True
BT-003328,TND-000839,BID-001958,2025-12-22,SUBMITTED,ACTIVE,91451900.0,6,0.857,INSUFFICIENT_EVIDENCE,EASY,True
BT-003329,TND-000839,BID-000964,2025-12-22,SUBMITTED,ACTIVE,102630200.0,6,0.857,INSUFFICIENT_EVIDENCE,EASY,True
BT-003330,TND-000839,BID-000856,2025-12-22,SUBMITTED,ACTIVE,113500800.0,7,1.0,FULLY_COMPLIANT,EASY,True
BT-003331,TND-000840,BID-001147,2025-04-12,SUBMITTED,ACTIVE,151896600.0,6,1.0,FULLY_COMPLIANT,EASY,True
BT-003332,TND-000840,BID-001499,2025-04-12,SUBMITTED,ACTIVE,132795500.0,6,1.0,INSUFFICIENT_EVIDENCE,EASY,True
BT-003333,TND-000840,BID-000389,2025-04-12,SUBMITTED,ACTIVE,118802700.0,5,0.833,MISSING_DOCUMENT,EASY,True
BT-003334,TND-000840,BID-000827,2025-04-12,SUBMITTED,ACTIVE,161134900.0,5,0.833,INSUFFICIENT_EVIDENCE,EASY,True
BT-003335,TND-000841,BID-000932,2025-06-12,SUBMITTED,ACTIVE,152230100.0,6,1.0,MINOR_ISSUES,HARD,True
BT-003336,TND-000841,BID-001808,2025-06-12,SUBMITTED,ACTIVE,160962600.0,6,1.0,PARTIAL_COMPLIANCE,HARD,True
BT-003337,TND-000841,BID-001416,2025-06-12,SUBMITTED,ACTIVE,153390400.0,4,0.667,MISSING_DOCUMENT,HARD,True
BT-003338,TND-000842,BID-000957,2025-08-31,SUBMITTED,ACTIVE,6141900.0,6,0.857,INVALID_DOCUMENT,EASY,True
BT-003339,TND-000842,BID-000919,2025-08-31,SUBMITTED,ACTIVE,5420800.0,7,1.0,FULLY_COMPLIANT,EASY,True
BT-003340,TND-000842,BID-000287,2025-08-31,SUBMITTED,ACTIVE,6295900.0,7,1.0,FULLY_COMPLIANT,EASY,True
BT-003346,TND-000844,BID-000313,2025-12-12,SUBMITTED,ACTIVE,217564300.0,5,0.833,INVALID_DOCUMENT,EASY,True
BT-003347,TND-000844,BID-000357,2025-12-12,SUBMITTED,ACTIVE,219924700.0,6,1.0,INCONSISTENT_DOCUMENT,EASY,True
BT-003348,TND-000844,BID-000822,2025-12-12,SUBMITTED,ACTIVE,202005100.0,5,0.833,EXPIRED_DOCUMENT,EASY,True
BT-003349,TND-000844,BID-000746,2025-12-12,SUBMITTED,ACTIVE,249172100.0,4,0.667,MISSING_DOCUMENT,EASY,True
BT-003350,TND-000844,BID-001960,2025-12-12,SUBMITTED,ACTIVE,247956000.0,5,0.833,PARTIAL_COMPLIANCE,EASY,True
BT-003351,TND-000845,BID-001954,2025-01-29,SUBMITTED,ACTIVE,104437400.0,7,1.0,FULLY_COMPLIANT,EASY,True
BT-003352,TND-000845,BID-000390,2025-01-29,SUBMITTED,ACTIVE,86994500.0,6,0.857,FULLY_COMPLIANT,EASY,True
BT-003353,TND-000845,BID-001743,2025-01-29,SUBMITTED,ACTIVE,87242800.0,7,1.0,HARD_AMBIGUOUS_CASE,EASY,True
BT-003354,TND-000845,BID-000202,2025-01-29,SUBMITTED,ACTIVE,86581500.0,7,1.0,EXPIRED_DOCUMENT,EASY,True
BT-003355,TND-000845,BID-000858,2025-01-29,SUBMITTED,ACTIVE,95453500.0,6,0.857,INCONSISTENT_DOCUMENT,EASY,True
BT-003356,TND-000846,BID-001418,2026-02-14,SUBMITTED,ACTIVE,198697500.0,6,0.857,FULLY_COMPLIANT,EASY,True
BT-003357,TND-000846,BID-000607,2026-02-14,SUBMITTED,ACTIVE,229689900.0,6,0.857,FULLY_COMPLIANT,EASY,True
BT-003358,TND-000846,BID-000782,2026-02-14,SUBMITTED,ACTIVE,240975200.0,6,0.857,MINOR_ISSUES,EASY,True
BT-003359,TND-000846,BID-001113,2026-02-14,SUBMITTED,ACTIVE,218054000.0,5,0.714,FULLY_COMPLIANT,EASY,True
BT-003360,TND-000846,BID-000047,2026-02-14,SUBMITTED,ACTIVE,214255300.0,7,1.0,FULLY_COMPLIANT,EASY,True
BT-003361,TND-000847,BID-000566,2026-01-03,SUBMITTED,ACTIVE,150699800.0,6,1.0,INSUFFICIENT_EVIDENCE,HARD,True
BT-003362,TND-000847,BID-001512,2026-01-03,SUBMITTED,ACTIVE,132521900.0,6,1.0,INCONSISTENT_DOCUMENT,HARD,True
BT-003363,TND-000847,BID-000766,2026-01-03,SUBMITTED,ACTIVE,118490000.0,5,0.833,FULLY_COMPLIANT,HARD,True
BT-003364,TND-000847,BID-001994,2026-01-03,SUBMITTED,ACTIVE,148400700.0,5,0.833,PARTIAL_COMPLIANCE,HARD,True
BT-003365,TND-000847,BID-001586,2026-01-03,SUBMITTED,ACTIVE,133457500.0,6,1.0,FULLY_COMPLIANT,HARD,True
BT-003366,TND-000848,BID-001693,2025-03-16,SUBMITTED,ACTIVE,117033700.0,6,1.0,INCONSISTENT_DOCUMENT,MEDIUM,True
BT-003367,TND-000848,BID-000205,2025-03-16,SUBMITTED,ACTIVE,108027100.0,5,0.833,PARTIAL_COMPLIANCE,MEDIUM,True
BT-003368,TND-000848,BID-000674,2025-03-16,SUBMITTED,ACTIVE,140074900.0,6,1.0,FULLY_COMPLIANT,MEDIUM,True
BT-003369,TND-000848,BID-001713,2025-03-16,SUBMITTED,ACTIVE,118974200.0,6,1.0,PARTIAL_COMPLIANCE,MEDIUM,True
BT-003370,TND-000849,BID-001295,2025-06-22,SUBMITTED,ACTIVE,52418700.0,5,0.833,MINOR_ISSUES,EASY,True
BT-003371,TND-000849,BID-000085,2025-06-22,SUBMITTED,ACTIVE,62813600.0,5,0.833,FULLY_COMPLIANT,EASY,True
BT-003372,TND-000849,BID-001066,2025-06-22,SUBMITTED,ACTIVE,66510400.0,6,1.0,INVALID_DOCUMENT,EASY,True
BT-003373,TND-000849,BID-000431,2025-06-22,SUBMITTED,ACTIVE,64333200.0,6,1.0,FULLY_COMPLIANT,EASY,True
BT-003382,TND-000852,BID-001662,2026-04-24,SUBMITTED,ACTIVE,255451700.0,6,1.0,MINOR_ISSUES,MEDIUM,True
BT-003383,TND-000852,BID-000283,2026-04-24,SUBMITTED,ACTIVE,240741400.0,5,0.833,FULLY_COMPLIANT,MEDIUM,True
BT-003384,TND-000852,BID-001017,2026-04-24,SUBMITTED,ACTIVE,245513600.0,6,1.0,MINOR_ISSUES,MEDIUM,True
BT-003385,TND-000852,BID-001419,2026-04-24,SUBMITTED,ACTIVE,235560100.0,6,1.0,FULLY_COMPLIANT,MEDIUM,True
BT-003386,TND-000853,BID-001116,2026-03-02,SUBMITTED,ACTIVE,237609100.0,5,0.833,FULLY_COMPLIANT,EASY,True
BT-003387,TND-000853,BID-000716,2026-03-02,SUBMITTED,ACTIVE,243851200.0,5,0.833,FULLY_COMPLIANT,EASY,True
BT-003388,TND-000853,BID-000474,2026-03-02,SUBMITTED,ACTIVE,248085600.0,6,1.0,HARD_AMBIGUOUS_CASE,EASY,True
BT-003392,TND-000855,BID-001792,2026-04-11,SUBMITTED,ACTIVE,139358600.0,6,0.857,INVALID_DOCUMENT,EASY,True
BT-003393,TND-000855,BID-001981,2026-04-11,SUBMITTED,ACTIVE,119147300.0,6,0.857,FULLY_COMPLIANT,EASY,True
BT-003394,TND-000855,BID-000529,2026-04-11,SUBMITTED,ACTIVE,120755300.0,7,1.0,INSUFFICIENT_EVIDENCE,EASY,True
BT-003395,TND-000856,BID-001280,2025-09-27,SUBMITTED,ACTIVE,247784700.0,6,0.857,FULLY_COMPLIANT,MEDIUM,True
BT-003396,TND-000856,BID-001119,2025-09-27,SUBMITTED,ACTIVE,245929500.0,7,1.0,FULLY_COMPLIANT,MEDIUM,True
BT-003397,TND-000856,BID-000182,2025-09-27,SUBMITTED,ACTIVE,271214900.0,6,0.857,FULLY_COMPLIANT,MEDIUM,True
BT-003398,TND-000857,BID-001275,2026-02-23,SUBMITTED,ACTIVE,98672800.0,5,0.714,HARD_AMBIGUOUS_CASE,EASY,True
BT-003399,TND-000857,BID-001487,2026-02-23,SUBMITTED,ACTIVE,99866600.0,7,1.0,FULLY_COMPLIANT,EASY,True
BT-003400,TND-000857,BID-000251,2026-02-23,SUBMITTED,ACTIVE,80720900.0,7,1.0,MINOR_ISSUES,EASY,True
BT-003401,TND-000857,BID-001302,2026-02-23,SUBMITTED,ACTIVE,93007200.0,4,0.571,INVALID_DOCUMENT,EASY,True
BT-003402,TND-000857,BID-000011,2026-02-23,SUBMITTED,ACTIVE,80058100.0,7,1.0,PARTIAL_COMPLIANCE,EASY,True
BT-003403,TND-000858,BID-001027,2025-12-07,SUBMITTED,ACTIVE,232299900.0,6,0.857,PARTIAL_COMPLIANCE,MEDIUM,True
BT-003404,TND-000858,BID-001039,2025-12-07,SUBMITTED,ACTIVE,183622100.0,7,1.0,FULLY_COMPLIANT,MEDIUM,True
BT-003405,TND-000858,BID-001874,2025-12-07,SUBMITTED,ACTIVE,189866800.0,6,0.857,FULLY_COMPLIANT,MEDIUM,True
BT-003406,TND-000858,BID-001798,2025-12-07,SUBMITTED,ACTIVE,219455200.0,6,0.857,FULLY_COMPLIANT,MEDIUM,True
BT-003407,TND-000858,BID-001322,2025-12-07,SUBMITTED,ACTIVE,193597700.0,2,0.286,MISSING_DOCUMENT,MEDIUM,True
BT-003408,TND-000859,BID-000010,2025-09-21,SUBMITTED,ACTIVE,52749400.0,6,1.0,FULLY_COMPLIANT,EASY,True
BT-003409,TND-000859,BID-000516,2025-09-21,SUBMITTED,ACTIVE,62727600.0,6,1.0,INCONSISTENT_DOCUMENT,EASY,True
BT-003410,TND-000859,BID-001126,2025-09-21,SUBMITTED,ACTIVE,59295900.0,6,1.0,INCONSISTENT_DOCUMENT,EASY,True
BT-003411,TND-000860,BID-000062,2025-12-08,SUBMITTED,ACTIVE,223863400.0,6,1.0,PARTIAL_COMPLIANCE,MEDIUM,True
BT-003412,TND-000860,BID-001071,2025-12-08,SUBMITTED,ACTIVE,205774900.0,5,0.833,PARTIAL_COMPLIANCE,MEDIUM,True
BT-003413,TND-000860,BID-000076,2025-12-08,SUBMITTED,ACTIVE,261893500.0,5,0.833,FULLY_COMPLIANT,MEDIUM,True
BT-003414,TND-000860,BID-000684,2025-12-08,SUBMITTED,ACTIVE,231447000.0,6,1.0,FULLY_COMPLIANT,MEDIUM,True
BT-003415,TND-000861,BID-001028,2026-03-01,SUBMITTED,ACTIVE,107805800.0,6,0.857,FULLY_COMPLIANT,HARD,True
BT-003416,TND-000861,BID-000181,2026-03-01,SUBMITTED,ACTIVE,131099300.0,7,1.0,PARTIAL_COMPLIANCE,HARD,True
BT-003417,TND-000861,BID-000430,2026-03-01,SUBMITTED,ACTIVE,111793800.0,5,0.714,FULLY_COMPLIANT,HARD,True
BT-003418,TND-000862,BID-001612,2025-07-04,SUBMITTED,ACTIVE,12740200.0,7,1.0,INVALID_DOCUMENT,EASY,True
BT-003419,TND-000862,BID-000245,2025-07-04,SUBMITTED,ACTIVE,11374600.0,7,1.0,INSUFFICIENT_EVIDENCE,EASY,True
BT-003420,TND-000862,BID-000339,2025-07-04,SUBMITTED,ACTIVE,12318700.0,7,1.0,INCONSISTENT_DOCUMENT,EASY,True
BT-003421,TND-000863,BID-001246,2025-08-28,SUBMITTED,ACTIVE,168629800.0,5,0.833,PARTIAL_COMPLIANCE,EASY,True
BT-003422,TND-000863,BID-001406,2025-08-28,SUBMITTED,ACTIVE,170685600.0,6,1.0,FULLY_COMPLIANT,EASY,True
BT-003423,TND-000863,BID-000612,2025-08-28,SUBMITTED,ACTIVE,128315800.0,5,0.833,MINOR_ISSUES,EASY,True
BT-003424,TND-000864,BID-000355,2026-08-19,SUBMITTED,ACTIVE,101141000.0,6,1.0,PARTIAL_COMPLIANCE,HARD,True
BT-003425,TND-000864,BID-000972,2026-08-19,SUBMITTED,ACTIVE,115254200.0,6,1.0,INVALID_DOCUMENT,HARD,True
BT-003426,TND-000864,BID-001904,2026-08-19,SUBMITTED,ACTIVE,124615900.0,5,0.833,FULLY_COMPLIANT,HARD,True
BT-003427,TND-000864,BID-000601,2026-08-19,SUBMITTED,ACTIVE,111026400.0,4,0.667,MISSING_DOCUMENT,HARD,True
BT-003428,TND-000865,BID-000630,2026-08-27,SUBMITTED,ACTIVE,193361700.0,4,0.667,PARTIAL_COMPLIANCE,EASY,True
BT-003429,TND-000865,BID-000541,2026-08-27,SUBMITTED,ACTIVE,230574500.0,6,1.0,MINOR_ISSUES,EASY,True
BT-003430,TND-000865,BID-000356,2026-08-27,SUBMITTED,ACTIVE,256021900.0,4,0.667,INSUFFICIENT_EVIDENCE,EASY,True
BT-003431,TND-000866,BID-001041,2025-11-06,SUBMITTED,ACTIVE,170555200.0,7,1.0,FULLY_COMPLIANT,EASY,True
BT-003432,TND-000866,BID-000832,2025-11-06,SUBMITTED,ACTIVE,185349800.0,7,1.0,FULLY_COMPLIANT,EASY,True
BT-003433,TND-000866,BID-001002,2025-11-06,SUBMITTED,ACTIVE,175977400.0,7,1.0,FULLY_COMPLIANT,EASY,True
BT-003434,TND-000866,BID-001617,2025-11-06,SUBMITTED,ACTIVE,143943300.0,6,0.857,HARD_AMBIGUOUS_CASE,EASY,True
BT-003443,TND-000869,BID-001635,2026-03-18,SUBMITTED,ACTIVE,14387000.0,5,0.714,INSUFFICIENT_EVIDENCE,EASY,True
BT-003444,TND-000869,BID-001468,2026-03-18,SUBMITTED,ACTIVE,15825300.0,6,0.857,PARTIAL_COMPLIANCE,EASY,True
BT-003445,TND-000869,BID-000600,2026-03-18,SUBMITTED,ACTIVE,14978600.0,6,0.857,PARTIAL_COMPLIANCE,EASY,True
BT-003446,TND-000870,BID-001595,2025-06-30,SUBMITTED,ACTIVE,79726000.0,5,0.714,MINOR_ISSUES,EASY,True
BT-003447,TND-000870,BID-001673,2025-06-30,SUBMITTED,ACTIVE,82163500.0,6,0.857,HARD_AMBIGUOUS_CASE,EASY,True
BT-003448,TND-000870,BID-000140,2025-06-30,SUBMITTED,ACTIVE,71890900.0,4,0.571,INSUFFICIENT_EVIDENCE,EASY,True
BT-003449,TND-000870,BID-000130,2025-06-30,SUBMITTED,ACTIVE,66990300.0,7,1.0,FULLY_COMPLIANT,EASY,True
BT-003450,TND-000870,BID-001565,2025-06-30,SUBMITTED,ACTIVE,68714900.0,7,1.0,INCONSISTENT_DOCUMENT,EASY,True
BT-003451,TND-000871,BID-000967,2026-04-16,SUBMITTED,ACTIVE,247913900.0,5,0.833,INCONSISTENT_DOCUMENT,HARD,True
BT-003452,TND-000871,BID-000167,2026-04-16,SUBMITTED,ACTIVE,194180700.0,6,1.0,HARD_AMBIGUOUS_CASE,HARD,True
BT-003453,TND-000871,BID-000552,2026-04-16,SUBMITTED,ACTIVE,228807800.0,5,0.833,FULLY_COMPLIANT,HARD,True
BT-003454,TND-000871,BID-000179,2026-04-16,SUBMITTED,ACTIVE,186232000.0,5,0.833,MINOR_ISSUES,HARD,True
BT-003455,TND-000871,BID-000221,2026-04-16,SUBMITTED,ACTIVE,189874300.0,6,1.0,HARD_AMBIGUOUS_CASE,HARD,True
BT-003456,TND-000872,BID-000360,2026-08-07,SUBMITTED,ACTIVE,40307300.0,5,0.833,FULLY_COMPLIANT,EASY,True
BT-003457,TND-000872,BID-000824,2026-08-07,SUBMITTED,ACTIVE,39825100.0,6,1.0,INVALID_DOCUMENT,EASY,True
BT-003458,TND-000872,BID-000561,2026-08-07,SUBMITTED,ACTIVE,41807400.0,6,1.0,FULLY_COMPLIANT,EASY,True
BT-003459,TND-000872,BID-000076,2026-08-07,SUBMITTED,ACTIVE,35589000.0,5,0.833,INSUFFICIENT_EVIDENCE,EASY,True
BT-003460,TND-000872,BID-001564,2026-08-07,SUBMITTED,ACTIVE,36091000.0,6,1.0,FULLY_COMPLIANT,EASY,True
BT-003464,TND-000874,BID-001738,2025-02-25,SUBMITTED,ACTIVE,204124800.0,6,1.0,FULLY_COMPLIANT,HARD,True
BT-003465,TND-000874,BID-001544,2025-02-25,SUBMITTED,ACTIVE,188131600.0,6,1.0,MINOR_ISSUES,HARD,True
BT-003466,TND-000874,BID-000664,2025-02-25,SUBMITTED,ACTIVE,180414000.0,6,1.0,INSUFFICIENT_EVIDENCE,HARD,True
BT-003467,TND-000875,BID-001612,2025-11-11,SUBMITTED,ACTIVE,181871500.0,6,0.857,FULLY_COMPLIANT,EASY,True
BT-003468,TND-000875,BID-001555,2025-11-11,SUBMITTED,ACTIVE,203389400.0,7,1.0,FULLY_COMPLIANT,EASY,True
BT-003469,TND-000875,BID-001219,2025-11-11,SUBMITTED,ACTIVE,174058200.0,6,0.857,FULLY_COMPLIANT,EASY,True
BT-003479,TND-000878,BID-000874,2025-08-24,SUBMITTED,ACTIVE,199245000.0,6,0.857,FULLY_COMPLIANT,EASY,True
BT-003480,TND-000878,BID-000337,2025-08-24,SUBMITTED,ACTIVE,201970500.0,6,0.857,MINOR_ISSUES,EASY,True
BT-003481,TND-000878,BID-000921,2025-08-24,SUBMITTED,ACTIVE,204099900.0,7,1.0,INSUFFICIENT_EVIDENCE,EASY,True
BT-003482,TND-000878,BID-000785,2025-08-24,SUBMITTED,ACTIVE,218148300.0,5,0.714,HARD_AMBIGUOUS_CASE,EASY,True
BT-003487,TND-000880,BID-000384,2025-10-04,SUBMITTED,ACTIVE,180418800.0,7,1.0,FULLY_COMPLIANT,EASY,True
BT-003488,TND-000880,BID-000206,2025-10-04,SUBMITTED,ACTIVE,222330800.0,6,0.857,INCONSISTENT_DOCUMENT,EASY,True
BT-003489,TND-000880,BID-000557,2025-10-04,SUBMITTED,ACTIVE,184547000.0,7,1.0,FULLY_COMPLIANT,EASY,True
BT-003490,TND-000880,BID-001704,2025-10-04,SUBMITTED,ACTIVE,230063800.0,6,0.857,INSUFFICIENT_EVIDENCE,EASY,True
BT-003491,TND-000881,BID-000651,2026-08-26,SUBMITTED,ACTIVE,175646800.0,6,0.857,FULLY_COMPLIANT,MEDIUM,True
BT-003492,TND-000881,BID-000982,2026-08-26,SUBMITTED,ACTIVE,177521200.0,7,1.0,INSUFFICIENT_EVIDENCE,MEDIUM,True
BT-003493,TND-000881,BID-000178,2026-08-26,SUBMITTED,ACTIVE,166960400.0,7,1.0,PARTIAL_COMPLIANCE,MEDIUM,True
BT-003494,TND-000881,BID-000367,2026-08-26,SUBMITTED,ACTIVE,203167200.0,5,0.714,FULLY_COMPLIANT,MEDIUM,True
BT-003495,TND-000881,BID-000906,2026-08-26,SUBMITTED,ACTIVE,169524600.0,7,1.0,INVALID_DOCUMENT,MEDIUM,True
BT-003496,TND-000882,BID-000395,2025-03-04,SUBMITTED,ACTIVE,229667000.0,2,0.333,MISSING_DOCUMENT,EASY,True
BT-003497,TND-000882,BID-000797,2025-03-04,SUBMITTED,ACTIVE,259363500.0,4,0.667,INSUFFICIENT_EVIDENCE,EASY,True
BT-003498,TND-000882,BID-000336,2025-03-04,SUBMITTED,ACTIVE,191144300.0,5,0.833,MINOR_ISSUES,EASY,True
BT-003499,TND-000883,BID-001703,2025-12-29,SUBMITTED,ACTIVE,156718300.0,4,0.667,MINOR_ISSUES,EASY,True
BT-003500,TND-000883,BID-001075,2025-12-29,SUBMITTED,ACTIVE,201100100.0,5,0.833,FULLY_COMPLIANT,EASY,True
BT-003501,TND-000883,BID-000631,2025-12-29,SUBMITTED,ACTIVE,204294000.0,6,1.0,PARTIAL_COMPLIANCE,EASY,True
BT-003502,TND-000884,BID-000247,2026-01-02,SUBMITTED,ACTIVE,210085000.0,6,1.0,FULLY_COMPLIANT,MEDIUM,True
BT-003503,TND-000884,BID-001966,2026-01-02,SUBMITTED,ACTIVE,221688700.0,5,0.833,FULLY_COMPLIANT,MEDIUM,True
BT-003504,TND-000884,BID-000853,2026-01-02,SUBMITTED,ACTIVE,259412300.0,6,1.0,INSUFFICIENT_EVIDENCE,MEDIUM,True
BT-003505,TND-000885,BID-001127,2026-09-11,SUBMITTED,ACTIVE,185098100.0,6,0.857,FULLY_COMPLIANT,HARD,True
BT-003506,TND-000885,BID-001253,2026-09-11,SUBMITTED,ACTIVE,164769300.0,7,1.0,MINOR_ISSUES,HARD,True
BT-003507,TND-000885,BID-000591,2026-09-11,SUBMITTED,ACTIVE,164983100.0,6,0.857,FULLY_COMPLIANT,HARD,True
BT-003512,TND-000887,BID-000723,2025-05-18,SUBMITTED,ACTIVE,23521300.0,7,1.0,INVALID_DOCUMENT,MEDIUM,True
BT-003513,TND-000887,BID-000103,2025-05-18,SUBMITTED,ACTIVE,25487800.0,7,1.0,PARTIAL_COMPLIANCE,MEDIUM,True
BT-003514,TND-000887,BID-001655,2025-05-18,SUBMITTED,ACTIVE,22040900.0,5,0.714,INSUFFICIENT_EVIDENCE,MEDIUM,True
BT-003515,TND-000888,BID-001464,2026-03-29,SUBMITTED,ACTIVE,15674400.0,6,1.0,INSUFFICIENT_EVIDENCE,HARD,True
BT-003516,TND-000888,BID-001512,2026-03-29,SUBMITTED,ACTIVE,15444000.0,6,1.0,FULLY_COMPLIANT,HARD,True
BT-003517,TND-000888,BID-001575,2026-03-29,SUBMITTED,ACTIVE,14879400.0,6,1.0,MINOR_ISSUES,HARD,True
BT-003518,TND-000888,BID-001308,2026-03-29,SUBMITTED,ACTIVE,14187100.0,6,1.0,HARD_AMBIGUOUS_CASE,HARD,True
BT-003519,TND-000888,BID-001139,2026-03-29,SUBMITTED,ACTIVE,17082600.0,6,1.0,INSUFFICIENT_EVIDENCE,HARD,True
BT-003520,TND-000889,BID-001742,2026-07-09,SUBMITTED,ACTIVE,243395300.0,6,1.0,MINOR_ISSUES,MEDIUM,True
BT-003521,TND-000889,BID-000588,2026-07-09,SUBMITTED,ACTIVE,194421200.0,5,0.833,FULLY_COMPLIANT,MEDIUM,True
BT-003522,TND-000889,BID-000478,2026-07-09,SUBMITTED,ACTIVE,242061600.0,4,0.667,FULLY_COMPLIANT,MEDIUM,True
BT-003523,TND-000889,BID-001044,2026-07-09,SUBMITTED,ACTIVE,194804700.0,5,0.833,PARTIAL_COMPLIANCE,MEDIUM,True
BT-003524,TND-000889,BID-001808,2026-07-09,SUBMITTED,ACTIVE,226568800.0,5,0.833,HARD_AMBIGUOUS_CASE,MEDIUM,True
BT-003525,TND-000890,BID-000935,2025-09-18,SUBMITTED,ACTIVE,164458900.0,7,1.0,INSUFFICIENT_EVIDENCE,MEDIUM,True
BT-003526,TND-000890,BID-000912,2025-09-18,SUBMITTED,ACTIVE,141160900.0,7,1.0,HARD_AMBIGUOUS_CASE,MEDIUM,True
BT-003527,TND-000890,BID-001998,2025-09-18,SUBMITTED,ACTIVE,148680800.0,7,1.0,FULLY_COMPLIANT,MEDIUM,True
BT-003528,TND-000891,BID-000242,2026-05-21,SUBMITTED,ACTIVE,70257200.0,5,0.833,MINOR_ISSUES,HARD,True
BT-003529,TND-000891,BID-001068,2026-05-21,SUBMITTED,ACTIVE,64476200.0,6,1.0,INCONSISTENT_DOCUMENT,HARD,True
BT-003530,TND-000891,BID-001478,2026-05-21,SUBMITTED,ACTIVE,83343200.0,5,0.833,INSUFFICIENT_EVIDENCE,HARD,True
BT-003531,TND-000892,BID-001865,2026-07-06,SUBMITTED,ACTIVE,216806500.0,5,0.833,HARD_AMBIGUOUS_CASE,HARD,True
BT-003532,TND-000892,BID-001328,2026-07-06,SUBMITTED,ACTIVE,232873600.0,6,1.0,INSUFFICIENT_EVIDENCE,HARD,True
BT-003533,TND-000892,BID-001966,2026-07-06,SUBMITTED,ACTIVE,190537400.0,6,1.0,INCONSISTENT_DOCUMENT,HARD,True
BT-003534,TND-000893,BID-000806,2026-04-15,SUBMITTED,ACTIVE,3259800.0,7,1.0,INSUFFICIENT_EVIDENCE,EASY,True
BT-003535,TND-000893,BID-001414,2026-04-15,SUBMITTED,ACTIVE,4007300.0,6,0.857,FULLY_COMPLIANT,EASY,True
BT-003536,TND-000893,BID-000842,2026-04-15,SUBMITTED,ACTIVE,3261100.0,6,0.857,FULLY_COMPLIANT,EASY,True
BT-003537,TND-000894,BID-000912,2025-01-25,SUBMITTED,ACTIVE,7381100.0,7,1.0,INCONSISTENT_DOCUMENT,EASY,True
BT-003538,TND-000894,BID-001886,2025-01-25,SUBMITTED,ACTIVE,7807100.0,6,0.857,INSUFFICIENT_EVIDENCE,EASY,True
BT-003539,TND-000894,BID-000544,2025-01-25,SUBMITTED,ACTIVE,7813700.0,7,1.0,HARD_AMBIGUOUS_CASE,EASY,True
BT-003540,TND-000894,BID-001814,2025-01-25,SUBMITTED,ACTIVE,7115600.0,7,1.0,FULLY_COMPLIANT,EASY,True
BT-003550,TND-000897,BID-001333,2025-10-13,SUBMITTED,ACTIVE,114757000.0,6,0.857,INCONSISTENT_DOCUMENT,MEDIUM,True
BT-003551,TND-000897,BID-001498,2025-10-13,SUBMITTED,ACTIVE,123519500.0,7,1.0,FULLY_COMPLIANT,MEDIUM,True
BT-003552,TND-000897,BID-001241,2025-10-13,SUBMITTED,ACTIVE,103249600.0,6,0.857,MINOR_ISSUES,MEDIUM,True
BT-003553,TND-000897,BID-001958,2025-10-13,SUBMITTED,ACTIVE,95467000.0,2,0.286,MISSING_DOCUMENT,MEDIUM,True
BT-003554,TND-000897,BID-001466,2025-10-13,SUBMITTED,ACTIVE,111766200.0,6,0.857,MINOR_ISSUES,MEDIUM,True
BT-003560,TND-000899,BID-001991,2026-08-09,SUBMITTED,ACTIVE,75924500.0,6,1.0,MINOR_ISSUES,EASY,True
BT-003561,TND-000899,BID-001897,2026-08-09,SUBMITTED,ACTIVE,72070800.0,6,1.0,FULLY_COMPLIANT,EASY,True
BT-003562,TND-000899,BID-001363,2026-08-09,SUBMITTED,ACTIVE,89118900.0,6,1.0,FULLY_COMPLIANT,EASY,True
BT-003563,TND-000900,BID-000168,2026-05-28,SUBMITTED,ACTIVE,21603600.0,6,0.857,HARD_AMBIGUOUS_CASE,MEDIUM,True
BT-003564,TND-000900,BID-001426,2026-05-28,SUBMITTED,ACTIVE,24666500.0,6,0.857,EXPIRED_DOCUMENT,MEDIUM,True
BT-003565,TND-000900,BID-000974,2026-05-28,SUBMITTED,ACTIVE,24682000.0,5,0.714,PARTIAL_COMPLIANCE,MEDIUM,True
BT-003566,TND-000901,BID-000443,2026-04-27,SUBMITTED,ACTIVE,190974700.0,6,1.0,MINOR_ISSUES,MEDIUM,True
BT-003567,TND-000901,BID-001634,2026-04-27,SUBMITTED,ACTIVE,246420600.0,6,1.0,FULLY_COMPLIANT,MEDIUM,True
BT-003568,TND-000901,BID-000200,2026-04-27,SUBMITTED,ACTIVE,247988100.0,5,0.833,FULLY_COMPLIANT,MEDIUM,True
BT-003569,TND-000901,BID-001317,2026-04-27,SUBMITTED,ACTIVE,217908300.0,6,1.0,INVALID_DOCUMENT,MEDIUM,True
BT-003570,TND-000901,BID-000959,2026-04-27,SUBMITTED,ACTIVE,202048200.0,6,1.0,FULLY_COMPLIANT,MEDIUM,True
BT-003571,TND-000902,BID-000720,2026-01-11,SUBMITTED,ACTIVE,37064600.0,6,1.0,INSUFFICIENT_EVIDENCE,EASY,True
BT-003572,TND-000902,BID-000933,2026-01-11,SUBMITTED,ACTIVE,33414900.0,5,0.833,FULLY_COMPLIANT,EASY,True
BT-003573,TND-000902,BID-001273,2026-01-11,SUBMITTED,ACTIVE,40428600.0,6,1.0,FULLY_COMPLIANT,EASY,True
BT-003574,TND-000902,BID-001051,2026-01-11,SUBMITTED,ACTIVE,37836600.0,6,1.0,FULLY_COMPLIANT,EASY,True
BT-003579,TND-000904,BID-001943,2026-07-10,SUBMITTED,ACTIVE,16204300.0,6,0.857,INCONSISTENT_DOCUMENT,MEDIUM,True
BT-003580,TND-000904,BID-000842,2026-07-10,SUBMITTED,ACTIVE,18758700.0,5,0.714,FULLY_COMPLIANT,MEDIUM,True
BT-003581,TND-000904,BID-000600,2026-07-10,SUBMITTED,ACTIVE,18591800.0,6,0.857,FULLY_COMPLIANT,MEDIUM,True
BT-003582,TND-000904,BID-001128,2026-07-10,SUBMITTED,ACTIVE,15213700.0,6,0.857,INSUFFICIENT_EVIDENCE,MEDIUM,True
BT-003583,TND-000905,BID-000487,2026-10-07,SUBMITTED,ACTIVE,193481400.0,5,0.833,FULLY_COMPLIANT,EASY,True
BT-003584,TND-000905,BID-001660,2026-10-07,SUBMITTED,ACTIVE,188857300.0,6,1.0,FULLY_COMPLIANT,EASY,True
BT-003585,TND-000905,BID-000658,2026-10-07,SUBMITTED,ACTIVE,205342700.0,6,1.0,FULLY_COMPLIANT,EASY,True
BT-003586,TND-000905,BID-000076,2026-10-07,SUBMITTED,ACTIVE,185945000.0,6,1.0,HARD_AMBIGUOUS_CASE,EASY,True
BT-003587,TND-000905,BID-000163,2026-10-07,SUBMITTED,ACTIVE,184445600.0,6,1.0,INSUFFICIENT_EVIDENCE,EASY,True
BT-003588,TND-000906,BID-001054,2025-06-26,SUBMITTED,ACTIVE,148724500.0,7,1.0,INSUFFICIENT_EVIDENCE,EASY,True
BT-003589,TND-000906,BID-000023,2025-06-26,SUBMITTED,ACTIVE,168451400.0,7,1.0,FULLY_COMPLIANT,EASY,True
BT-003590,TND-000906,BID-001227,2025-06-26,SUBMITTED,ACTIVE,168715000.0,6,0.857,INSUFFICIENT_EVIDENCE,EASY,True
BT-003591,TND-000906,BID-000736,2025-06-26,SUBMITTED,ACTIVE,139348200.0,4,0.571,MISSING_DOCUMENT,EASY,True
BT-003592,TND-000907,BID-001528,2025-05-05,SUBMITTED,ACTIVE,56997900.0,5,0.833,PARTIAL_COMPLIANCE,MEDIUM,True
BT-003593,TND-000907,BID-001875,2025-05-05,SUBMITTED,ACTIVE,58407000.0,5,0.833,FULLY_COMPLIANT,MEDIUM,True
BT-003594,TND-000907,BID-000219,2025-05-05,SUBMITTED,ACTIVE,72555200.0,6,1.0,INSUFFICIENT_EVIDENCE,MEDIUM,True
BT-003595,TND-000907,BID-001585,2025-05-05,SUBMITTED,ACTIVE,74533400.0,6,1.0,EXPIRED_DOCUMENT,MEDIUM,True
BT-003596,TND-000907,BID-000793,2025-05-05,SUBMITTED,ACTIVE,65037900.0,6,1.0,INSUFFICIENT_EVIDENCE,MEDIUM,True
BT-003602,TND-000909,BID-000432,2025-10-10,SUBMITTED,ACTIVE,198857400.0,6,1.0,INSUFFICIENT_EVIDENCE,MEDIUM,True
BT-003603,TND-000909,BID-000362,2025-10-10,SUBMITTED,ACTIVE,194646500.0,2,0.333,MISSING_DOCUMENT,MEDIUM,True
BT-003604,TND-000909,BID-000687,2025-10-10,SUBMITTED,ACTIVE,196730700.0,5,0.833,FULLY_COMPLIANT,MEDIUM,True
BT-003605,TND-000910,BID-001351,2026-01-28,SUBMITTED,ACTIVE,158313800.0,6,0.857,FULLY_COMPLIANT,EASY,True
BT-003606,TND-000910,BID-001900,2026-01-28,SUBMITTED,ACTIVE,147855000.0,7,1.0,FULLY_COMPLIANT,EASY,True
BT-003607,TND-000910,BID-000253,2026-01-28,SUBMITTED,ACTIVE,178559000.0,6,0.857,PARTIAL_COMPLIANCE,EASY,True
BT-003611,TND-000912,BID-000614,2025-07-28,SUBMITTED,ACTIVE,64751000.0,6,0.857,FULLY_COMPLIANT,EASY,True
BT-003612,TND-000912,BID-001247,2025-07-28,SUBMITTED,ACTIVE,67682400.0,6,0.857,INSUFFICIENT_EVIDENCE,EASY,True
BT-003613,TND-000912,BID-001056,2025-07-28,SUBMITTED,ACTIVE,73138800.0,6,0.857,INVALID_DOCUMENT,EASY,True
BT-003614,TND-000912,BID-001856,2025-07-28,SUBMITTED,ACTIVE,80766300.0,6,0.857,PARTIAL_COMPLIANCE,EASY,True
BT-003615,TND-000912,BID-001158,2025-07-28,SUBMITTED,ACTIVE,64898300.0,7,1.0,INSUFFICIENT_EVIDENCE,EASY,True
BT-003616,TND-000913,BID-000146,2025-05-12,SUBMITTED,ACTIVE,103675900.0,6,1.0,INSUFFICIENT_EVIDENCE,MEDIUM,True
BT-003617,TND-000913,BID-001747,2025-05-12,SUBMITTED,ACTIVE,101343200.0,4,0.667,MINOR_ISSUES,MEDIUM,True
BT-003618,TND-000913,BID-001529,2025-05-12,SUBMITTED,ACTIVE,111109700.0,5,0.833,INCONSISTENT_DOCUMENT,MEDIUM,True
BT-003619,TND-000914,BID-000956,2025-10-21,SUBMITTED,ACTIVE,51060200.0,6,1.0,FULLY_COMPLIANT,MEDIUM,True
BT-003620,TND-000914,BID-000346,2025-10-21,SUBMITTED,ACTIVE,46712800.0,6,1.0,INSUFFICIENT_EVIDENCE,MEDIUM,True
BT-003621,TND-000914,BID-000316,2025-10-21,SUBMITTED,ACTIVE,51784800.0,6,1.0,INSUFFICIENT_EVIDENCE,MEDIUM,True
BT-003622,TND-000915,BID-001014,2025-12-02,SUBMITTED,ACTIVE,227069400.0,5,0.833,FULLY_COMPLIANT,EASY,True
BT-003623,TND-000915,BID-001415,2025-12-02,SUBMITTED,ACTIVE,220938700.0,6,1.0,HARD_AMBIGUOUS_CASE,EASY,True
BT-003624,TND-000915,BID-001519,2025-12-02,SUBMITTED,ACTIVE,217884200.0,6,1.0,INVALID_DOCUMENT,EASY,True
BT-003632,TND-000918,BID-000576,2026-03-17,SUBMITTED,ACTIVE,130782800.0,6,1.0,PARTIAL_COMPLIANCE,EASY,True
BT-003633,TND-000918,BID-001255,2026-03-17,SUBMITTED,ACTIVE,112791800.0,6,1.0,FULLY_COMPLIANT,EASY,True
BT-003634,TND-000918,BID-001825,2026-03-17,SUBMITTED,ACTIVE,114075700.0,6,1.0,INCONSISTENT_DOCUMENT,EASY,True
BT-003635,TND-000918,BID-000487,2026-03-17,SUBMITTED,ACTIVE,115489300.0,5,0.833,INSUFFICIENT_EVIDENCE,EASY,True
BT-003639,TND-000920,BID-001342,2025-04-25,SUBMITTED,ACTIVE,183680800.0,7,1.0,INSUFFICIENT_EVIDENCE,EASY,True
BT-003640,TND-000920,BID-001025,2025-04-25,SUBMITTED,ACTIVE,153046100.0,6,0.857,MINOR_ISSUES,EASY,True
BT-003641,TND-000920,BID-001607,2025-04-25,SUBMITTED,ACTIVE,175114300.0,5,0.714,MISSING_DOCUMENT,EASY,True
BT-003642,TND-000921,BID-001788,2025-12-27,SUBMITTED,ACTIVE,48710900.0,5,0.714,FULLY_COMPLIANT,MEDIUM,True
BT-003643,TND-000921,BID-001500,2025-12-27,SUBMITTED,ACTIVE,58470600.0,3,0.429,MISSING_DOCUMENT,MEDIUM,True
BT-003644,TND-000921,BID-001876,2025-12-27,SUBMITTED,ACTIVE,46114200.0,6,0.857,FULLY_COMPLIANT,MEDIUM,True
BT-003645,TND-000921,BID-001755,2025-12-27,SUBMITTED,ACTIVE,46553300.0,7,1.0,FULLY_COMPLIANT,MEDIUM,True
BT-003646,TND-000922,BID-000833,2026-01-10,SUBMITTED,ACTIVE,262013500.0,6,1.0,PARTIAL_COMPLIANCE,HARD,True
BT-003647,TND-000922,BID-001622,2026-01-10,SUBMITTED,ACTIVE,226286700.0,6,1.0,INSUFFICIENT_EVIDENCE,HARD,True
BT-003648,TND-000922,BID-000853,2026-01-10,SUBMITTED,ACTIVE,251076600.0,6,1.0,INVALID_DOCUMENT,HARD,True
BT-003652,TND-000924,BID-001786,2026-07-26,SUBMITTED,ACTIVE,139104900.0,6,1.0,FULLY_COMPLIANT,EASY,True
BT-003653,TND-000924,BID-001929,2026-07-26,SUBMITTED,ACTIVE,131997400.0,6,1.0,FULLY_COMPLIANT,EASY,True
BT-003654,TND-000924,BID-001274,2026-07-26,SUBMITTED,ACTIVE,112945900.0,6,1.0,FULLY_COMPLIANT,EASY,True
BT-003655,TND-000924,BID-000180,2026-07-26,SUBMITTED,ACTIVE,134449400.0,6,1.0,INSUFFICIENT_EVIDENCE,EASY,True
BT-003656,TND-000924,BID-001890,2026-07-26,SUBMITTED,ACTIVE,116683500.0,5,0.833,FULLY_COMPLIANT,EASY,True
BT-003657,TND-000925,BID-001262,2026-10-09,SUBMITTED,ACTIVE,174614200.0,6,0.857,MINOR_ISSUES,EASY,True
BT-003658,TND-000925,BID-001859,2026-10-09,SUBMITTED,ACTIVE,209338000.0,7,1.0,FULLY_COMPLIANT,EASY,True
BT-003659,TND-000925,BID-000149,2026-10-09,SUBMITTED,ACTIVE,177591600.0,6,0.857,INVALID_DOCUMENT,EASY,True
BT-003660,TND-000925,BID-000969,2026-10-09,SUBMITTED,ACTIVE,210905100.0,6,0.857,MINOR_ISSUES,EASY,True
BT-003661,TND-000925,BID-000647,2026-10-09,SUBMITTED,ACTIVE,222575100.0,6,0.857,FULLY_COMPLIANT,EASY,True
BT-003662,TND-000926,BID-001901,2026-03-01,SUBMITTED,ACTIVE,214866300.0,5,0.714,FULLY_COMPLIANT,EASY,True
BT-003663,TND-000926,BID-000384,2026-03-01,SUBMITTED,ACTIVE,185200100.0,7,1.0,FULLY_COMPLIANT,EASY,True
BT-003664,TND-000926,BID-000464,2026-03-01,SUBMITTED,ACTIVE,185165100.0,5,0.714,MISSING_DOCUMENT,EASY,True
BT-003665,TND-000926,BID-000762,2026-03-01,SUBMITTED,ACTIVE,190148900.0,7,1.0,FULLY_COMPLIANT,EASY,True
BT-003666,TND-000926,BID-000101,2026-03-01,SUBMITTED,ACTIVE,231356100.0,5,0.714,EXPIRED_DOCUMENT,EASY,True
BT-003667,TND-000927,BID-001548,2026-08-15,SUBMITTED,ACTIVE,54934700.0,5,0.833,FULLY_COMPLIANT,EASY,True
BT-003668,TND-000927,BID-000075,2026-08-15,SUBMITTED,ACTIVE,57263400.0,6,1.0,FULLY_COMPLIANT,EASY,True
BT-003669,TND-000927,BID-000618,2026-08-15,SUBMITTED,ACTIVE,47653200.0,6,1.0,FULLY_COMPLIANT,EASY,True
BT-003670,TND-000927,BID-000581,2026-08-15,SUBMITTED,ACTIVE,43840500.0,6,1.0,MINOR_ISSUES,EASY,True
BT-003675,TND-000929,BID-000978,2025-10-22,SUBMITTED,ACTIVE,34577800.0,7,1.0,EXPIRED_DOCUMENT,HARD,True
BT-003676,TND-000929,BID-000028,2025-10-22,SUBMITTED,ACTIVE,33790100.0,7,1.0,FULLY_COMPLIANT,HARD,True
BT-003677,TND-000929,BID-000941,2025-10-22,SUBMITTED,ACTIVE,28364600.0,7,1.0,PARTIAL_COMPLIANCE,HARD,True
BT-003678,TND-000929,BID-001511,2025-10-22,SUBMITTED,ACTIVE,33189500.0,7,1.0,FULLY_COMPLIANT,HARD,True
BT-003679,TND-000930,BID-001055,2025-04-06,SUBMITTED,ACTIVE,85919200.0,6,0.857,FULLY_COMPLIANT,HARD,True
BT-003680,TND-000930,BID-000213,2025-04-06,SUBMITTED,ACTIVE,90542700.0,5,0.714,MISSING_DOCUMENT,HARD,True
BT-003681,TND-000930,BID-000005,2025-04-06,SUBMITTED,ACTIVE,92951800.0,7,1.0,FULLY_COMPLIANT,HARD,True
BT-003682,TND-000930,BID-001270,2025-04-06,SUBMITTED,ACTIVE,97544300.0,7,1.0,EXPIRED_DOCUMENT,HARD,True
BT-003683,TND-000931,BID-000748,2026-07-06,SUBMITTED,ACTIVE,176062300.0,6,1.0,FULLY_COMPLIANT,MEDIUM,True
BT-003684,TND-000931,BID-000851,2026-07-06,SUBMITTED,ACTIVE,226031900.0,6,1.0,INSUFFICIENT_EVIDENCE,MEDIUM,True
BT-003685,TND-000931,BID-001250,2026-07-06,SUBMITTED,ACTIVE,172303300.0,5,0.833,EXPIRED_DOCUMENT,MEDIUM,True
BT-003686,TND-000931,BID-001137,2026-07-06,SUBMITTED,ACTIVE,209031900.0,5,0.833,PARTIAL_COMPLIANCE,MEDIUM,True
BT-003696,TND-000934,BID-000223,2025-08-16,SUBMITTED,ACTIVE,179283800.0,5,0.714,MISSING_DOCUMENT,HARD,True
BT-003697,TND-000934,BID-000339,2025-08-16,SUBMITTED,ACTIVE,180324300.0,6,0.857,FULLY_COMPLIANT,HARD,True
BT-003698,TND-000934,BID-000892,2025-08-16,SUBMITTED,ACTIVE,174939700.0,6,0.857,MINOR_ISSUES,HARD,True
BT-003699,TND-000934,BID-000424,2025-08-16,SUBMITTED,ACTIVE,163184600.0,6,0.857,INSUFFICIENT_EVIDENCE,HARD,True
BT-003700,TND-000935,BID-000941,2025-05-03,SUBMITTED,ACTIVE,121744100.0,6,0.857,INSUFFICIENT_EVIDENCE,EASY,True
BT-003701,TND-000935,BID-001540,2025-05-03,SUBMITTED,ACTIVE,110307300.0,7,1.0,EXPIRED_DOCUMENT,EASY,True
BT-003702,TND-000935,BID-001462,2025-05-03,SUBMITTED,ACTIVE,112002100.0,7,1.0,PARTIAL_COMPLIANCE,EASY,True
BT-003703,TND-000935,BID-000482,2025-05-03,SUBMITTED,ACTIVE,121317400.0,7,1.0,INSUFFICIENT_EVIDENCE,EASY,True
BT-003708,TND-000937,BID-001689,2025-04-20,SUBMITTED,ACTIVE,208049500.0,6,0.857,INCONSISTENT_DOCUMENT,MEDIUM,True
BT-003709,TND-000937,BID-001292,2025-04-20,SUBMITTED,ACTIVE,237314800.0,7,1.0,INSUFFICIENT_EVIDENCE,MEDIUM,True
BT-003710,TND-000937,BID-001921,2025-04-20,SUBMITTED,ACTIVE,245230900.0,6,0.857,FULLY_COMPLIANT,MEDIUM,True
BT-003715,TND-000939,BID-001590,2026-06-10,SUBMITTED,ACTIVE,33216200.0,6,1.0,FULLY_COMPLIANT,EASY,True
BT-003716,TND-000939,BID-001007,2026-06-10,SUBMITTED,ACTIVE,32212100.0,6,1.0,INCONSISTENT_DOCUMENT,EASY,True
BT-003717,TND-000939,BID-000523,2026-06-10,SUBMITTED,ACTIVE,35262700.0,6,1.0,INSUFFICIENT_EVIDENCE,EASY,True
BT-003718,TND-000939,BID-000037,2026-06-10,SUBMITTED,ACTIVE,36417500.0,6,1.0,PARTIAL_COMPLIANCE,EASY,True
BT-003719,TND-000939,BID-000742,2026-06-10,SUBMITTED,ACTIVE,31374300.0,6,1.0,FULLY_COMPLIANT,EASY,True
BT-003728,TND-000942,BID-000976,2026-07-08,SUBMITTED,ACTIVE,139398600.0,5,0.714,HARD_AMBIGUOUS_CASE,EASY,True
BT-003729,TND-000942,BID-000974,2026-07-08,SUBMITTED,ACTIVE,133758600.0,6,0.857,INCONSISTENT_DOCUMENT,EASY,True
BT-003730,TND-000942,BID-000126,2026-07-08,SUBMITTED,ACTIVE,135564700.0,7,1.0,FULLY_COMPLIANT,EASY,True
BT-003731,TND-000943,BID-001738,2025-11-01,SUBMITTED,ACTIVE,25822200.0,6,1.0,FULLY_COMPLIANT,HARD,True
BT-003732,TND-000943,BID-000977,2025-11-01,SUBMITTED,ACTIVE,32818600.0,6,1.0,FULLY_COMPLIANT,HARD,True
BT-003733,TND-000943,BID-000135,2025-11-01,SUBMITTED,ACTIVE,24773600.0,4,0.667,MISSING_DOCUMENT,HARD,True
BT-003734,TND-000943,BID-000538,2025-11-01,SUBMITTED,ACTIVE,30936400.0,5,0.833,FULLY_COMPLIANT,HARD,True
BT-003735,TND-000943,BID-001564,2025-11-01,SUBMITTED,ACTIVE,32701900.0,6,1.0,MINOR_ISSUES,HARD,True
BT-003736,TND-000944,BID-001567,2025-08-26,SUBMITTED,ACTIVE,44162700.0,5,0.833,MINOR_ISSUES,EASY,True
BT-003737,TND-000944,BID-001299,2025-08-26,SUBMITTED,ACTIVE,49000800.0,5,0.833,FULLY_COMPLIANT,EASY,True
BT-003738,TND-000944,BID-001238,2025-08-26,SUBMITTED,ACTIVE,45639700.0,4,0.667,FULLY_COMPLIANT,EASY,True
BT-003739,TND-000944,BID-001503,2025-08-26,SUBMITTED,ACTIVE,40859400.0,6,1.0,INCONSISTENT_DOCUMENT,EASY,True
BT-003740,TND-000945,BID-000131,2026-09-23,SUBMITTED,ACTIVE,29851600.0,6,1.0,HARD_AMBIGUOUS_CASE,HARD,True
BT-003741,TND-000945,BID-000285,2026-09-23,SUBMITTED,ACTIVE,26197200.0,6,1.0,INSUFFICIENT_EVIDENCE,HARD,True
BT-003742,TND-000945,BID-001058,2026-09-23,SUBMITTED,ACTIVE,23287000.0,6,1.0,FULLY_COMPLIANT,HARD,True
BT-003743,TND-000945,BID-001905,2026-09-23,SUBMITTED,ACTIVE,23476600.0,6,1.0,INSUFFICIENT_EVIDENCE,HARD,True
BT-003744,TND-000945,BID-000483,2026-09-23,SUBMITTED,ACTIVE,23231300.0,3,0.5,MISSING_DOCUMENT,HARD,True
BT-003750,TND-000947,BID-001367,2026-04-10,SUBMITTED,ACTIVE,130312300.0,7,1.0,FULLY_COMPLIANT,EASY,True
BT-003751,TND-000947,BID-001947,2026-04-10,SUBMITTED,ACTIVE,145253500.0,5,0.714,INSUFFICIENT_EVIDENCE,EASY,True
BT-003752,TND-000947,BID-000714,2026-04-10,SUBMITTED,ACTIVE,131731900.0,7,1.0,PARTIAL_COMPLIANCE,EASY,True
BT-003753,TND-000947,BID-000212,2026-04-10,SUBMITTED,ACTIVE,148791600.0,5,0.714,MISSING_DOCUMENT,EASY,True
BT-003754,TND-000948,BID-001615,2026-05-09,SUBMITTED,ACTIVE,174489600.0,7,1.0,INCONSISTENT_DOCUMENT,HARD,True
BT-003755,TND-000948,BID-000086,2026-05-09,SUBMITTED,ACTIVE,230757600.0,7,1.0,FULLY_COMPLIANT,HARD,True
BT-003756,TND-000948,BID-000377,2026-05-09,SUBMITTED,ACTIVE,191152000.0,7,1.0,INSUFFICIENT_EVIDENCE,HARD,True
BT-003757,TND-000948,BID-001005,2026-05-09,SUBMITTED,ACTIVE,181432400.0,6,0.857,HARD_AMBIGUOUS_CASE,HARD,True
BT-003758,TND-000948,BID-000425,2026-05-09,SUBMITTED,ACTIVE,226769000.0,6,0.857,FULLY_COMPLIANT,HARD,True
BT-003763,TND-000950,BID-000893,2026-09-09,SUBMITTED,ACTIVE,169502100.0,6,1.0,FULLY_COMPLIANT,MEDIUM,True
BT-003764,TND-000950,BID-001133,2026-09-09,SUBMITTED,ACTIVE,164264700.0,5,0.833,INCONSISTENT_DOCUMENT,MEDIUM,True
BT-003765,TND-000950,BID-000357,2026-09-09,SUBMITTED,ACTIVE,182076300.0,6,1.0,INCONSISTENT_DOCUMENT,MEDIUM,True
BT-003773,TND-000953,BID-001201,2025-03-04,SUBMITTED,ACTIVE,144311000.0,6,1.0,MINOR_ISSUES,MEDIUM,True
BT-003774,TND-000953,BID-001699,2025-03-04,SUBMITTED,ACTIVE,149245600.0,6,1.0,MINOR_ISSUES,MEDIUM,True
BT-003775,TND-000953,BID-001711,2025-03-04,SUBMITTED,ACTIVE,133159000.0,5,0.833,FULLY_COMPLIANT,MEDIUM,True
BT-003776,TND-000953,BID-000210,2025-03-04,SUBMITTED,ACTIVE,133330000.0,6,1.0,HARD_AMBIGUOUS_CASE,MEDIUM,True
BT-003777,TND-000954,BID-001851,2026-09-14,SUBMITTED,ACTIVE,213643100.0,5,0.714,PARTIAL_COMPLIANCE,EASY,True
BT-003778,TND-000954,BID-000157,2026-09-14,SUBMITTED,ACTIVE,179171000.0,7,1.0,PARTIAL_COMPLIANCE,EASY,True
BT-003779,TND-000954,BID-000762,2026-09-14,SUBMITTED,ACTIVE,182230300.0,7,1.0,INSUFFICIENT_EVIDENCE,EASY,True
BT-003780,TND-000954,BID-001565,2026-09-14,SUBMITTED,ACTIVE,198543500.0,6,0.857,EXPIRED_DOCUMENT,EASY,True
BT-003781,TND-000954,BID-000491,2026-09-14,SUBMITTED,ACTIVE,211775500.0,5,0.714,FULLY_COMPLIANT,EASY,True
BT-003787,TND-000956,BID-000024,2025-02-04,SUBMITTED,ACTIVE,65952700.0,5,0.833,MINOR_ISSUES,MEDIUM,True
BT-003788,TND-000956,BID-001535,2025-02-04,SUBMITTED,ACTIVE,76701400.0,5,0.833,FULLY_COMPLIANT,MEDIUM,True
BT-003789,TND-000956,BID-001808,2025-02-04,SUBMITTED,ACTIVE,72428700.0,6,1.0,FULLY_COMPLIANT,MEDIUM,True
BT-003790,TND-000956,BID-000300,2025-02-04,SUBMITTED,ACTIVE,80598700.0,6,1.0,INSUFFICIENT_EVIDENCE,MEDIUM,True
BT-003791,TND-000957,BID-001145,2025-08-02,SUBMITTED,ACTIVE,63864800.0,5,0.833,FULLY_COMPLIANT,HARD,True
BT-003792,TND-000957,BID-001294,2025-08-02,SUBMITTED,ACTIVE,64142800.0,6,1.0,MINOR_ISSUES,HARD,True
BT-003793,TND-000957,BID-000851,2025-08-02,SUBMITTED,ACTIVE,62640800.0,6,1.0,INVALID_DOCUMENT,HARD,True
BT-003794,TND-000958,BID-000354,2025-04-29,SUBMITTED,ACTIVE,80687000.0,6,1.0,FULLY_COMPLIANT,MEDIUM,True
BT-003795,TND-000958,BID-001916,2025-04-29,SUBMITTED,ACTIVE,68092500.0,4,0.667,MISSING_DOCUMENT,MEDIUM,True
BT-003796,TND-000958,BID-000781,2025-04-29,SUBMITTED,ACTIVE,63548800.0,6,1.0,PARTIAL_COMPLIANCE,MEDIUM,True
BT-003797,TND-000958,BID-000467,2025-04-29,SUBMITTED,ACTIVE,79354200.0,6,1.0,PARTIAL_COMPLIANCE,MEDIUM,True
BT-003798,TND-000959,BID-000592,2025-03-16,SUBMITTED,ACTIVE,198243800.0,6,1.0,FULLY_COMPLIANT,MEDIUM,True
BT-003799,TND-000959,BID-000910,2025-03-16,SUBMITTED,ACTIVE,196912100.0,6,1.0,INVALID_DOCUMENT,MEDIUM,True
BT-003800,TND-000959,BID-000865,2025-03-16,SUBMITTED,ACTIVE,176713300.0,5,0.833,INVALID_DOCUMENT,MEDIUM,True
BT-003801,TND-000959,BID-001996,2025-03-16,SUBMITTED,ACTIVE,207590800.0,5,0.833,INSUFFICIENT_EVIDENCE,MEDIUM,True
BT-003806,TND-000961,BID-001316,2025-11-22,SUBMITTED,ACTIVE,155893200.0,6,0.857,FULLY_COMPLIANT,EASY,True
BT-003807,TND-000961,BID-001005,2025-11-22,SUBMITTED,ACTIVE,148199500.0,7,1.0,INVALID_DOCUMENT,EASY,True
BT-003808,TND-000961,BID-000988,2025-11-22,SUBMITTED,ACTIVE,150840000.0,7,1.0,INSUFFICIENT_EVIDENCE,EASY,True
BT-003809,TND-000962,BID-001765,2025-07-31,SUBMITTED,ACTIVE,242103800.0,6,0.857,FULLY_COMPLIANT,MEDIUM,True
BT-003810,TND-000962,BID-000926,2025-07-31,SUBMITTED,ACTIVE,256284500.0,6,0.857,PARTIAL_COMPLIANCE,MEDIUM,True
BT-003811,TND-000962,BID-000704,2025-07-31,SUBMITTED,ACTIVE,215642500.0,6,0.857,EXPIRED_DOCUMENT,MEDIUM,True
BT-003812,TND-000962,BID-001849,2025-07-31,SUBMITTED,ACTIVE,244062500.0,6,0.857,FULLY_COMPLIANT,MEDIUM,True
BT-003813,TND-000962,BID-001392,2025-07-31,SUBMITTED,ACTIVE,238730200.0,7,1.0,INCONSISTENT_DOCUMENT,MEDIUM,True
BT-003814,TND-000963,BID-000296,2026-04-09,SUBMITTED,ACTIVE,152834300.0,6,1.0,FULLY_COMPLIANT,HARD,True
BT-003815,TND-000963,BID-000508,2026-04-09,SUBMITTED,ACTIVE,154722300.0,4,0.667,MISSING_DOCUMENT,HARD,True
BT-003816,TND-000963,BID-000449,2026-04-09,SUBMITTED,ACTIVE,165880300.0,6,1.0,FULLY_COMPLIANT,HARD,True
BT-003827,TND-000966,BID-001129,2026-09-28,SUBMITTED,ACTIVE,143332800.0,5,0.714,FULLY_COMPLIANT,MEDIUM,True
BT-003828,TND-000966,BID-000813,2026-09-28,SUBMITTED,ACTIVE,185974200.0,6,0.857,FULLY_COMPLIANT,MEDIUM,True
BT-003829,TND-000966,BID-000425,2026-09-28,SUBMITTED,ACTIVE,150444400.0,6,0.857,INSUFFICIENT_EVIDENCE,MEDIUM,True
BT-003830,TND-000966,BID-000615,2026-09-28,SUBMITTED,ACTIVE,145819400.0,7,1.0,FULLY_COMPLIANT,MEDIUM,True
BT-003835,TND-000968,BID-001254,2025-08-01,SUBMITTED,ACTIVE,70181000.0,6,0.857,FULLY_COMPLIANT,MEDIUM,True
BT-003836,TND-000968,BID-000928,2025-08-01,SUBMITTED,ACTIVE,68941000.0,6,0.857,HARD_AMBIGUOUS_CASE,MEDIUM,True
BT-003837,TND-000968,BID-001280,2025-08-01,SUBMITTED,ACTIVE,86877000.0,6,0.857,INSUFFICIENT_EVIDENCE,MEDIUM,True
BT-003838,TND-000968,BID-001155,2025-08-01,SUBMITTED,ACTIVE,83914100.0,6,0.857,FULLY_COMPLIANT,MEDIUM,True
BT-003839,TND-000968,BID-001907,2025-08-01,SUBMITTED,ACTIVE,67857600.0,7,1.0,FULLY_COMPLIANT,MEDIUM,True
BT-003844,TND-000970,BID-001496,2026-06-17,SUBMITTED,ACTIVE,30939000.0,5,0.833,HARD_AMBIGUOUS_CASE,HARD,True
BT-003845,TND-000970,BID-000359,2026-06-17,SUBMITTED,ACTIVE,35890300.0,6,1.0,MINOR_ISSUES,HARD,True
BT-003846,TND-000970,BID-001203,2026-06-17,SUBMITTED,ACTIVE,38084600.0,5,0.833,FULLY_COMPLIANT,HARD,True
BT-003847,TND-000970,BID-001193,2026-06-17,SUBMITTED,ACTIVE,36206100.0,6,1.0,INVALID_DOCUMENT,HARD,True
BT-003852,TND-000972,BID-000123,2026-09-22,SUBMITTED,ACTIVE,66847600.0,3,0.429,MISSING_DOCUMENT,EASY,True
BT-003853,TND-000972,BID-000655,2026-09-22,SUBMITTED,ACTIVE,69412200.0,5,0.714,FULLY_COMPLIANT,EASY,True
BT-003854,TND-000972,BID-000864,2026-09-22,SUBMITTED,ACTIVE,55072700.0,6,0.857,PARTIAL_COMPLIANCE,EASY,True
BT-003855,TND-000972,BID-001900,2026-09-22,SUBMITTED,ACTIVE,55609000.0,7,1.0,INVALID_DOCUMENT,EASY,True
BT-003856,TND-000972,BID-001352,2026-09-22,SUBMITTED,ACTIVE,64592200.0,5,0.714,FULLY_COMPLIANT,EASY,True
BT-003857,TND-000973,BID-000239,2025-06-05,SUBMITTED,ACTIVE,212917000.0,6,1.0,INCONSISTENT_DOCUMENT,MEDIUM,True
BT-003858,TND-000973,BID-001686,2025-06-05,SUBMITTED,ACTIVE,212357100.0,6,1.0,FULLY_COMPLIANT,MEDIUM,True
BT-003859,TND-000973,BID-000010,2025-06-05,SUBMITTED,ACTIVE,229476700.0,5,0.833,FULLY_COMPLIANT,MEDIUM,True
BT-003863,TND-000975,BID-001486,2025-10-20,SUBMITTED,ACTIVE,161600900.0,6,0.857,INSUFFICIENT_EVIDENCE,EASY,True
BT-003864,TND-000975,BID-000263,2025-10-20,SUBMITTED,ACTIVE,169500000.0,6,0.857,EXPIRED_DOCUMENT,EASY,True
BT-003865,TND-000975,BID-000161,2025-10-20,SUBMITTED,ACTIVE,164511000.0,6,0.857,FULLY_COMPLIANT,EASY,True
BT-003866,TND-000976,BID-001574,2025-09-07,SUBMITTED,ACTIVE,95233800.0,6,1.0,INCONSISTENT_DOCUMENT,EASY,True
BT-003867,TND-000976,BID-001250,2025-09-07,SUBMITTED,ACTIVE,120763100.0,2,0.333,MISSING_DOCUMENT,EASY,True
BT-003868,TND-000976,BID-001416,2025-09-07,SUBMITTED,ACTIVE,113950900.0,6,1.0,FULLY_COMPLIANT,EASY,True
BT-003869,TND-000976,BID-000878,2025-09-07,SUBMITTED,ACTIVE,89946300.0,2,0.333,MISSING_DOCUMENT,EASY,True
BT-003870,TND-000976,BID-001261,2025-09-07,SUBMITTED,ACTIVE,115759600.0,6,1.0,FULLY_COMPLIANT,EASY,True
BT-003871,TND-000977,BID-001095,2025-10-06,SUBMITTED,ACTIVE,231428000.0,6,1.0,INSUFFICIENT_EVIDENCE,MEDIUM,True
BT-003872,TND-000977,BID-000279,2025-10-06,SUBMITTED,ACTIVE,179108900.0,6,1.0,FULLY_COMPLIANT,MEDIUM,True
BT-003873,TND-000977,BID-000350,2025-10-06,SUBMITTED,ACTIVE,221078300.0,5,0.833,INSUFFICIENT_EVIDENCE,MEDIUM,True
BT-003874,TND-000977,BID-000386,2025-10-06,SUBMITTED,ACTIVE,178942500.0,5,0.833,MINOR_ISSUES,MEDIUM,True
BT-003878,TND-000979,BID-001749,2026-02-15,SUBMITTED,ACTIVE,218818400.0,6,1.0,INVALID_DOCUMENT,MEDIUM,True
BT-003879,TND-000979,BID-001608,2026-02-15,SUBMITTED,ACTIVE,187782800.0,6,1.0,EXPIRED_DOCUMENT,MEDIUM,True
BT-003880,TND-000979,BID-000137,2026-02-15,SUBMITTED,ACTIVE,204572300.0,5,0.833,FULLY_COMPLIANT,MEDIUM,True
BT-003881,TND-000979,BID-001964,2026-02-15,SUBMITTED,ACTIVE,213620200.0,6,1.0,MINOR_ISSUES,MEDIUM,True
BT-003882,TND-000980,BID-001494,2025-08-02,SUBMITTED,ACTIVE,140339600.0,5,0.833,FULLY_COMPLIANT,HARD,True
BT-003883,TND-000980,BID-001457,2025-08-02,SUBMITTED,ACTIVE,125228700.0,5,0.833,MINOR_ISSUES,HARD,True
BT-003884,TND-000980,BID-000449,2025-08-02,SUBMITTED,ACTIVE,110794800.0,5,0.833,EXPIRED_DOCUMENT,HARD,True
BT-003885,TND-000981,BID-000930,2025-05-06,SUBMITTED,ACTIVE,62711600.0,6,1.0,PARTIAL_COMPLIANCE,MEDIUM,True
BT-003886,TND-000981,BID-001251,2025-05-06,SUBMITTED,ACTIVE,74503600.0,5,0.833,FULLY_COMPLIANT,MEDIUM,True
BT-003887,TND-000981,BID-001708,2025-05-06,SUBMITTED,ACTIVE,75796300.0,5,0.833,PARTIAL_COMPLIANCE,MEDIUM,True
BT-003888,TND-000982,BID-000678,2025-10-30,SUBMITTED,ACTIVE,42183300.0,6,1.0,PARTIAL_COMPLIANCE,MEDIUM,True
BT-003889,TND-000982,BID-001708,2025-10-30,SUBMITTED,ACTIVE,40564900.0,4,0.667,MINOR_ISSUES,MEDIUM,True
BT-003890,TND-000982,BID-000440,2025-10-30,SUBMITTED,ACTIVE,50869700.0,6,1.0,INSUFFICIENT_EVIDENCE,MEDIUM,True
BT-003891,TND-000983,BID-001530,2025-06-19,SUBMITTED,ACTIVE,28882000.0,6,1.0,FULLY_COMPLIANT,MEDIUM,True
BT-003892,TND-000983,BID-001376,2025-06-19,SUBMITTED,ACTIVE,26276600.0,6,1.0,INCONSISTENT_DOCUMENT,MEDIUM,True
BT-003893,TND-000983,BID-000008,2025-06-19,SUBMITTED,ACTIVE,24267900.0,6,1.0,FULLY_COMPLIANT,MEDIUM,True
BT-003894,TND-000983,BID-001606,2025-06-19,SUBMITTED,ACTIVE,32490600.0,6,1.0,FULLY_COMPLIANT,MEDIUM,True
BT-003900,TND-000985,BID-001532,2026-08-31,SUBMITTED,ACTIVE,146169700.0,7,1.0,EXPIRED_DOCUMENT,MEDIUM,True
BT-003901,TND-000985,BID-001956,2026-08-31,SUBMITTED,ACTIVE,117344900.0,5,0.714,EXPIRED_DOCUMENT,MEDIUM,True
BT-003902,TND-000985,BID-000975,2026-08-31,SUBMITTED,ACTIVE,143177400.0,7,1.0,INVALID_DOCUMENT,MEDIUM,True
BT-003903,TND-000985,BID-001093,2026-08-31,SUBMITTED,ACTIVE,152640600.0,7,1.0,FULLY_COMPLIANT,MEDIUM,True
BT-003904,TND-000985,BID-000738,2026-08-31,SUBMITTED,ACTIVE,150053600.0,5,0.714,FULLY_COMPLIANT,MEDIUM,True
BT-003909,TND-000987,BID-001117,2026-09-23,SUBMITTED,ACTIVE,187431700.0,6,1.0,MINOR_ISSUES,EASY,True
BT-003910,TND-000987,BID-000002,2026-09-23,SUBMITTED,ACTIVE,175383700.0,6,1.0,PARTIAL_COMPLIANCE,EASY,True
BT-003911,TND-000987,BID-001396,2026-09-23,SUBMITTED,ACTIVE,180553900.0,5,0.833,FULLY_COMPLIANT,EASY,True
BT-003912,TND-000988,BID-001208,2025-04-10,SUBMITTED,ACTIVE,20014600.0,4,0.667,MISSING_DOCUMENT,MEDIUM,True
BT-003913,TND-000988,BID-001114,2025-04-10,SUBMITTED,ACTIVE,15631200.0,5,0.833,INCONSISTENT_DOCUMENT,MEDIUM,True
BT-003914,TND-000988,BID-000435,2025-04-10,SUBMITTED,ACTIVE,15920700.0,6,1.0,INSUFFICIENT_EVIDENCE,MEDIUM,True
BT-003915,TND-000988,BID-001666,2025-04-10,SUBMITTED,ACTIVE,17592400.0,6,1.0,FULLY_COMPLIANT,MEDIUM,True
BT-003916,TND-000989,BID-001559,2026-11-04,SUBMITTED,ACTIVE,69715900.0,6,1.0,FULLY_COMPLIANT,MEDIUM,True
BT-003917,TND-000989,BID-001661,2026-11-04,SUBMITTED,ACTIVE,70178900.0,6,1.0,EXPIRED_DOCUMENT,MEDIUM,True
BT-003918,TND-000989,BID-000965,2026-11-04,SUBMITTED,ACTIVE,79566300.0,6,1.0,FULLY_COMPLIANT,MEDIUM,True
BT-003919,TND-000989,BID-001700,2026-11-04,SUBMITTED,ACTIVE,74972700.0,6,1.0,INSUFFICIENT_EVIDENCE,MEDIUM,True
BT-003920,TND-000989,BID-000438,2026-11-04,SUBMITTED,ACTIVE,89876600.0,5,0.833,FULLY_COMPLIANT,MEDIUM,True
BT-003925,TND-000991,BID-001336,2026-04-07,SUBMITTED,ACTIVE,143168400.0,5,0.833,FULLY_COMPLIANT,MEDIUM,True
BT-003926,TND-000991,BID-001923,2026-04-07,SUBMITTED,ACTIVE,148612600.0,6,1.0,MINOR_ISSUES,MEDIUM,True
BT-003927,TND-000991,BID-001068,2026-04-07,SUBMITTED,ACTIVE,170316600.0,6,1.0,FULLY_COMPLIANT,MEDIUM,True
BT-003931,TND-000993,BID-000212,2025-05-07,SUBMITTED,ACTIVE,171176500.0,7,1.0,PARTIAL_COMPLIANCE,MEDIUM,True
BT-003932,TND-000993,BID-000548,2025-05-07,SUBMITTED,ACTIVE,179800600.0,5,0.714,INVALID_DOCUMENT,MEDIUM,True
BT-003933,TND-000993,BID-001814,2025-05-07,SUBMITTED,ACTIVE,208651100.0,6,0.857,FULLY_COMPLIANT,MEDIUM,True
BT-003934,TND-000993,BID-000706,2025-05-07,SUBMITTED,ACTIVE,208920600.0,5,0.714,FULLY_COMPLIANT,MEDIUM,True
BT-003935,TND-000994,BID-001890,2026-02-17,SUBMITTED,ACTIVE,8856500.0,5,0.833,HARD_AMBIGUOUS_CASE,MEDIUM,True
BT-003936,TND-000994,BID-000216,2026-02-17,SUBMITTED,ACTIVE,8156500.0,6,1.0,EXPIRED_DOCUMENT,MEDIUM,True
BT-003937,TND-000994,BID-001327,2026-02-17,SUBMITTED,ACTIVE,7788800.0,5,0.833,FULLY_COMPLIANT,MEDIUM,True
BT-003938,TND-000994,BID-000563,2026-02-17,SUBMITTED,ACTIVE,8530200.0,2,0.333,MISSING_DOCUMENT,MEDIUM,True
BT-003939,TND-000994,BID-000357,2026-02-17,SUBMITTED,ACTIVE,8170200.0,6,1.0,MINOR_ISSUES,MEDIUM,True
BT-003940,TND-000995,BID-000331,2025-08-15,SUBMITTED,ACTIVE,74422600.0,6,1.0,INSUFFICIENT_EVIDENCE,MEDIUM,True
BT-003941,TND-000995,BID-001162,2025-08-15,SUBMITTED,ACTIVE,79419300.0,5,0.833,FULLY_COMPLIANT,MEDIUM,True
BT-003942,TND-000995,BID-000096,2025-08-15,SUBMITTED,ACTIVE,74798500.0,5,0.833,EXPIRED_DOCUMENT,MEDIUM,True
BT-003943,TND-000995,BID-001447,2025-08-15,SUBMITTED,ACTIVE,84611900.0,6,1.0,FULLY_COMPLIANT,MEDIUM,True
BT-003944,TND-000995,BID-000541,2025-08-15,SUBMITTED,ACTIVE,73113600.0,6,1.0,MINOR_ISSUES,MEDIUM,True
BT-003945,TND-000996,BID-001957,2025-04-09,SUBMITTED,ACTIVE,194992300.0,6,1.0,FULLY_COMPLIANT,MEDIUM,True
BT-003946,TND-000996,BID-000289,2025-04-09,SUBMITTED,ACTIVE,171501900.0,6,1.0,FULLY_COMPLIANT,MEDIUM,True
BT-003947,TND-000996,BID-001564,2025-04-09,SUBMITTED,ACTIVE,176660500.0,5,0.833,MINOR_ISSUES,MEDIUM,True
BT-003948,TND-000996,BID-001660,2025-04-09,SUBMITTED,ACTIVE,162724000.0,6,1.0,INCONSISTENT_DOCUMENT,MEDIUM,True
BT-003964,TND-001000,BID-001456,2026-07-04,SUBMITTED,ACTIVE,39645400.0,6,1.0,INCONSISTENT_DOCUMENT,EASY,True
BT-003965,TND-001000,BID-000158,2026-07-04,SUBMITTED,ACTIVE,38886700.0,6,1.0,EXPIRED_DOCUMENT,EASY,True
BT-003966,TND-001000,BID-001793,2026-07-04,SUBMITTED,ACTIVE,30718600.0,6,1.0,MINOR_ISSUES,EASY,True
BT-003967,TND-001000,BID-001843,2026-07-04,SUBMITTED,ACTIVE,31798700.0,5,0.833,MINOR_ISSUES,EASY,True
BT-003968,TND-001000,BID-001407,2026-07-04,SUBMITTED,ACTIVE,35986500.0,5,0.833,INSUFFICIENT_EVIDENCE,EASY,True
BT-003969,TND-001001,BID-000797,2025-09-14,SUBMITTED,ACTIVE,259520700.0,5,0.833,FULLY_COMPLIANT,MEDIUM,True
BT-003970,TND-001001,BID-001950,2025-09-14,SUBMITTED,ACTIVE,252821000.0,5,0.833,MINOR_ISSUES,MEDIUM,True
BT-003971,TND-001001,BID-000099,2025-09-14,SUBMITTED,ACTIVE,215453500.0,6,1.0,INCONSISTENT_DOCUMENT,MEDIUM,True
BT-003972,TND-001001,BID-000766,2025-09-14,SUBMITTED,ACTIVE,248439000.0,5,0.833,FULLY_COMPLIANT,MEDIUM,True
BT-003977,TND-001003,BID-001450,2026-02-20,SUBMITTED,ACTIVE,158771100.0,6,0.857,FULLY_COMPLIANT,MEDIUM,True
BT-003978,TND-001003,BID-001592,2026-02-20,SUBMITTED,ACTIVE,204533300.0,6,0.857,PARTIAL_COMPLIANCE,MEDIUM,True
BT-003979,TND-001003,BID-001490,2026-02-20,SUBMITTED,ACTIVE,155216300.0,6,0.857,MINOR_ISSUES,MEDIUM,True
BT-003980,TND-001004,BID-000736,2026-04-04,SUBMITTED,ACTIVE,63455600.0,6,0.857,FULLY_COMPLIANT,HARD,True
BT-003981,TND-001004,BID-000741,2026-04-04,SUBMITTED,ACTIVE,50279100.0,7,1.0,HARD_AMBIGUOUS_CASE,HARD,True
BT-003982,TND-001004,BID-000728,2026-04-04,SUBMITTED,ACTIVE,58766200.0,7,1.0,INVALID_DOCUMENT,HARD,True
BT-003983,TND-001004,BID-000228,2026-04-04,SUBMITTED,ACTIVE,54832600.0,7,1.0,FULLY_COMPLIANT,HARD,True
BT-003989,TND-001006,BID-000409,2026-02-25,SUBMITTED,ACTIVE,4401500.0,5,0.833,INVALID_DOCUMENT,MEDIUM,True
BT-003990,TND-001006,BID-001205,2026-02-25,SUBMITTED,ACTIVE,4174000.0,3,0.5,MISSING_DOCUMENT,MEDIUM,True
BT-003991,TND-001006,BID-000998,2026-02-25,SUBMITTED,ACTIVE,3712400.0,6,1.0,FULLY_COMPLIANT,MEDIUM,True
BT-003992,TND-001006,BID-001725,2026-02-25,SUBMITTED,ACTIVE,4263900.0,5,0.833,FULLY_COMPLIANT,MEDIUM,True
BT-003993,TND-001007,BID-001278,2026-07-02,SUBMITTED,ACTIVE,136060200.0,5,0.833,INSUFFICIENT_EVIDENCE,EASY,True
BT-003994,TND-001007,BID-000818,2026-07-02,SUBMITTED,ACTIVE,146008600.0,6,1.0,FULLY_COMPLIANT,EASY,True
BT-003995,TND-001007,BID-001295,2026-07-02,SUBMITTED,ACTIVE,144697600.0,5,0.833,FULLY_COMPLIANT,EASY,True
BT-004000,TND-001009,BID-000377,2025-09-02,SUBMITTED,ACTIVE,38091400.0,7,1.0,FULLY_COMPLIANT,HARD,True
BT-004001,TND-001009,BID-000988,2025-09-02,SUBMITTED,ACTIVE,30668500.0,7,1.0,MINOR_ISSUES,HARD,True
BT-004002,TND-001009,BID-001173,2025-09-02,SUBMITTED,ACTIVE,30582400.0,7,1.0,EXPIRED_DOCUMENT,HARD,True
BT-004003,TND-001009,BID-001347,2025-09-02,SUBMITTED,ACTIVE,36028900.0,6,0.857,INSUFFICIENT_EVIDENCE,HARD,True
BT-004004,TND-001009,BID-000349,2025-09-02,SUBMITTED,ACTIVE,31623800.0,7,1.0,MINOR_ISSUES,HARD,True
BT-004005,TND-001010,BID-000771,2026-04-18,SUBMITTED,ACTIVE,38319200.0,7,1.0,MINOR_ISSUES,EASY,True
BT-004006,TND-001010,BID-001868,2026-04-18,SUBMITTED,ACTIVE,45024600.0,5,0.714,INCONSISTENT_DOCUMENT,EASY,True
BT-004007,TND-001010,BID-000577,2026-04-18,SUBMITTED,ACTIVE,43158000.0,7,1.0,INCONSISTENT_DOCUMENT,EASY,True
BT-004008,TND-001010,BID-000648,2026-04-18,SUBMITTED,ACTIVE,43981800.0,7,1.0,FULLY_COMPLIANT,EASY,True
BT-004009,TND-001010,BID-000130,2026-04-18,SUBMITTED,ACTIVE,40593600.0,7,1.0,EXPIRED_DOCUMENT,EASY,True
BT-004010,TND-001011,BID-000222,2025-08-01,SUBMITTED,ACTIVE,117072400.0,6,1.0,HARD_AMBIGUOUS_CASE,EASY,True
BT-004011,TND-001011,BID-000044,2025-08-01,SUBMITTED,ACTIVE,122025100.0,6,1.0,INSUFFICIENT_EVIDENCE,EASY,True
BT-004012,TND-001011,BID-000470,2025-08-01,SUBMITTED,ACTIVE,114757100.0,5,0.833,MISSING_DOCUMENT,EASY,True
BT-004013,TND-001011,BID-000963,2025-08-01,SUBMITTED,ACTIVE,110114500.0,3,0.5,MISSING_DOCUMENT,EASY,True
BT-004014,TND-001011,BID-001246,2025-08-01,SUBMITTED,ACTIVE,102377100.0,4,0.667,MISSING_DOCUMENT,EASY,True
BT-004015,TND-001012,BID-001055,2026-08-31,SUBMITTED,ACTIVE,3961900.0,7,1.0,PARTIAL_COMPLIANCE,MEDIUM,True
BT-004016,TND-001012,BID-001269,2026-08-31,SUBMITTED,ACTIVE,3261500.0,7,1.0,FULLY_COMPLIANT,MEDIUM,True
BT-004017,TND-001012,BID-000407,2026-08-31,SUBMITTED,ACTIVE,3743300.0,7,1.0,INCONSISTENT_DOCUMENT,MEDIUM,True
BT-004018,TND-001013,BID-001883,2026-03-11,SUBMITTED,ACTIVE,186260800.0,6,0.857,FULLY_COMPLIANT,MEDIUM,True
BT-004019,TND-001013,BID-001645,2026-03-11,SUBMITTED,ACTIVE,212118800.0,4,0.571,FULLY_COMPLIANT,MEDIUM,True
BT-004020,TND-001013,BID-000463,2026-03-11,SUBMITTED,ACTIVE,165936400.0,7,1.0,FULLY_COMPLIANT,MEDIUM,True
BT-004024,TND-001015,BID-001683,2026-05-24,SUBMITTED,ACTIVE,219422400.0,6,0.857,FULLY_COMPLIANT,MEDIUM,True
BT-004025,TND-001015,BID-000756,2026-05-24,SUBMITTED,ACTIVE,170490700.0,6,0.857,FULLY_COMPLIANT,MEDIUM,True
BT-004026,TND-001015,BID-001910,2026-05-24,SUBMITTED,ACTIVE,171108200.0,7,1.0,FULLY_COMPLIANT,MEDIUM,True
BT-004027,TND-001016,BID-000105,2025-06-14,SUBMITTED,ACTIVE,30827200.0,6,0.857,MINOR_ISSUES,MEDIUM,True
BT-004028,TND-001016,BID-001392,2025-06-14,SUBMITTED,ACTIVE,32796100.0,7,1.0,FULLY_COMPLIANT,MEDIUM,True
BT-004029,TND-001016,BID-001879,2025-06-14,SUBMITTED,ACTIVE,32735600.0,7,1.0,PARTIAL_COMPLIANCE,MEDIUM,True
BT-004030,TND-001017,BID-000421,2025-02-15,SUBMITTED,ACTIVE,132553300.0,6,0.857,HARD_AMBIGUOUS_CASE,EASY,True
BT-004031,TND-001017,BID-001188,2025-02-15,SUBMITTED,ACTIVE,130288900.0,7,1.0,INSUFFICIENT_EVIDENCE,EASY,True
BT-004032,TND-001017,BID-001792,2025-02-15,SUBMITTED,ACTIVE,137072300.0,7,1.0,INVALID_DOCUMENT,EASY,True
BT-004033,TND-001017,BID-001099,2025-02-15,SUBMITTED,ACTIVE,167484100.0,7,1.0,HARD_AMBIGUOUS_CASE,EASY,True
BT-004041,TND-001020,BID-001880,2025-04-25,SUBMITTED,ACTIVE,5431500.0,6,0.857,FULLY_COMPLIANT,MEDIUM,True
BT-004042,TND-001020,BID-000883,2025-04-25,SUBMITTED,ACTIVE,5926400.0,6,0.857,PARTIAL_COMPLIANCE,MEDIUM,True
BT-004043,TND-001020,BID-001466,2025-04-25,SUBMITTED,ACTIVE,5737300.0,6,0.857,FULLY_COMPLIANT,MEDIUM,True
BT-004044,TND-001021,BID-001452,2025-03-13,SUBMITTED,ACTIVE,154112900.0,6,1.0,INVALID_DOCUMENT,EASY,True
BT-004045,TND-001021,BID-000675,2025-03-13,SUBMITTED,ACTIVE,137711500.0,5,0.833,FULLY_COMPLIANT,EASY,True
BT-004046,TND-001021,BID-000526,2025-03-13,SUBMITTED,ACTIVE,162107900.0,5,0.833,EXPIRED_DOCUMENT,EASY,True
BT-004047,TND-001021,BID-000154,2025-03-13,SUBMITTED,ACTIVE,154829500.0,6,1.0,INSUFFICIENT_EVIDENCE,EASY,True
BT-004048,TND-001021,BID-001752,2025-03-13,SUBMITTED,ACTIVE,160308700.0,5,0.833,FULLY_COMPLIANT,EASY,True
BT-004060,TND-001025,BID-000729,2026-01-29,SUBMITTED,ACTIVE,19310900.0,5,0.714,MISSING_DOCUMENT,EASY,True
BT-004061,TND-001025,BID-000051,2026-01-29,SUBMITTED,ACTIVE,19822400.0,7,1.0,EXPIRED_DOCUMENT,EASY,True
BT-004062,TND-001025,BID-001292,2026-01-29,SUBMITTED,ACTIVE,19350800.0,7,1.0,FULLY_COMPLIANT,EASY,True
BT-004063,TND-001026,BID-001985,2025-03-22,SUBMITTED,ACTIVE,66010900.0,6,0.857,FULLY_COMPLIANT,EASY,True
BT-004064,TND-001026,BID-001684,2025-03-22,SUBMITTED,ACTIVE,72049100.0,6,0.857,INSUFFICIENT_EVIDENCE,EASY,True
BT-004065,TND-001026,BID-000494,2025-03-22,SUBMITTED,ACTIVE,81753500.0,6,0.857,INSUFFICIENT_EVIDENCE,EASY,True
BT-004066,TND-001027,BID-001680,2026-10-12,SUBMITTED,ACTIVE,157337300.0,6,0.857,INSUFFICIENT_EVIDENCE,EASY,True
BT-004067,TND-001027,BID-000979,2026-10-12,SUBMITTED,ACTIVE,194028700.0,6,0.857,FULLY_COMPLIANT,EASY,True
BT-004068,TND-001027,BID-000505,2026-10-12,SUBMITTED,ACTIVE,164294600.0,6,0.857,PARTIAL_COMPLIANCE,EASY,True
BT-004069,TND-001027,BID-000931,2026-10-12,SUBMITTED,ACTIVE,156031400.0,7,1.0,FULLY_COMPLIANT,EASY,True
BT-004070,TND-001027,BID-001101,2026-10-12,SUBMITTED,ACTIVE,153672000.0,7,1.0,FULLY_COMPLIANT,EASY,True
BT-004071,TND-001028,BID-001715,2026-02-24,SUBMITTED,ACTIVE,12721000.0,6,1.0,INSUFFICIENT_EVIDENCE,MEDIUM,True
BT-004072,TND-001028,BID-000967,2026-02-24,SUBMITTED,ACTIVE,12656900.0,4,0.667,INVALID_DOCUMENT,MEDIUM,True
BT-004073,TND-001028,BID-000596,2026-02-24,SUBMITTED,ACTIVE,11765300.0,6,1.0,INCONSISTENT_DOCUMENT,MEDIUM,True
BT-004074,TND-001028,BID-000753,2026-02-24,SUBMITTED,ACTIVE,13076600.0,4,0.667,INSUFFICIENT_EVIDENCE,MEDIUM,True
BT-004075,TND-001029,BID-001830,2025-04-24,SUBMITTED,ACTIVE,178417200.0,7,1.0,PARTIAL_COMPLIANCE,HARD,True
BT-004076,TND-001029,BID-000344,2025-04-24,SUBMITTED,ACTIVE,188595800.0,3,0.429,MISSING_DOCUMENT,HARD,True
BT-004077,TND-001029,BID-000504,2025-04-24,SUBMITTED,ACTIVE,177689500.0,7,1.0,FULLY_COMPLIANT,HARD,True
BT-004078,TND-001029,BID-000850,2025-04-24,SUBMITTED,ACTIVE,238372100.0,7,1.0,HARD_AMBIGUOUS_CASE,HARD,True
BT-004079,TND-001029,BID-000708,2025-04-24,SUBMITTED,ACTIVE,202163200.0,5,0.714,MISSING_DOCUMENT,HARD,True
BT-004080,TND-001030,BID-001963,2026-04-05,SUBMITTED,ACTIVE,80506100.0,4,0.667,FULLY_COMPLIANT,MEDIUM,True
BT-004081,TND-001030,BID-000038,2026-04-05,SUBMITTED,ACTIVE,74734200.0,6,1.0,MINOR_ISSUES,MEDIUM,True
BT-004082,TND-001030,BID-001343,2026-04-05,SUBMITTED,ACTIVE,92106100.0,5,0.833,FULLY_COMPLIANT,MEDIUM,True
BT-004095,TND-001034,BID-001998,2026-06-18,SUBMITTED,ACTIVE,30006800.0,6,0.857,FULLY_COMPLIANT,MEDIUM,True
BT-004096,TND-001034,BID-000023,2026-06-18,SUBMITTED,ACTIVE,26021300.0,7,1.0,INCONSISTENT_DOCUMENT,MEDIUM,True
BT-004097,TND-001034,BID-000881,2026-06-18,SUBMITTED,ACTIVE,28670200.0,7,1.0,PARTIAL_COMPLIANCE,MEDIUM,True
BT-004112,TND-001038,BID-000044,2026-01-29,SUBMITTED,ACTIVE,258818400.0,6,1.0,INCONSISTENT_DOCUMENT,EASY,True
BT-004113,TND-001038,BID-001715,2026-01-29,SUBMITTED,ACTIVE,204108900.0,6,1.0,MINOR_ISSUES,EASY,True
BT-004114,TND-001038,BID-001428,2026-01-29,SUBMITTED,ACTIVE,259665400.0,6,1.0,HARD_AMBIGUOUS_CASE,EASY,True
BT-004115,TND-001039,BID-000201,2025-11-10,SUBMITTED,ACTIVE,224747700.0,6,0.857,INCONSISTENT_DOCUMENT,MEDIUM,True
BT-004116,TND-001039,BID-001615,2025-11-10,SUBMITTED,ACTIVE,257571700.0,7,1.0,INVALID_DOCUMENT,MEDIUM,True
BT-004117,TND-001039,BID-000377,2025-11-10,SUBMITTED,ACTIVE,252639900.0,6,0.857,FULLY_COMPLIANT,MEDIUM,True
BT-004118,TND-001040,BID-000993,2026-03-30,SUBMITTED,ACTIVE,8653600.0,5,0.833,EXPIRED_DOCUMENT,HARD,True
BT-004119,TND-001040,BID-001353,2026-03-30,SUBMITTED,ACTIVE,9515800.0,6,1.0,EXPIRED_DOCUMENT,HARD,True
BT-004120,TND-001040,BID-000174,2026-03-30,SUBMITTED,ACTIVE,8642400.0,6,1.0,MINOR_ISSUES,HARD,True
BT-004121,TND-001040,BID-000216,2026-03-30,SUBMITTED,ACTIVE,8531800.0,6,1.0,HARD_AMBIGUOUS_CASE,HARD,True
BT-004122,TND-001041,BID-000835,2025-05-14,SUBMITTED,ACTIVE,138830100.0,7,1.0,INSUFFICIENT_EVIDENCE,MEDIUM,True
BT-004123,TND-001041,BID-000975,2025-05-14,SUBMITTED,ACTIVE,140156000.0,7,1.0,FULLY_COMPLIANT,MEDIUM,True
BT-004124,TND-001041,BID-000544,2025-05-14,SUBMITTED,ACTIVE,126045000.0,6,0.857,FULLY_COMPLIANT,MEDIUM,True
BT-004130,TND-001043,BID-001824,2026-05-08,SUBMITTED,ACTIVE,67706700.0,7,1.0,MINOR_ISSUES,EASY,True
BT-004131,TND-001043,BID-001128,2026-05-08,SUBMITTED,ACTIVE,73519500.0,5,0.714,FULLY_COMPLIANT,EASY,True
BT-004132,TND-001043,BID-000676,2026-05-08,SUBMITTED,ACTIVE,70048000.0,5,0.714,FULLY_COMPLIANT,EASY,True
BT-004133,TND-001043,BID-001207,2026-05-08,SUBMITTED,ACTIVE,72993700.0,7,1.0,INVALID_DOCUMENT,EASY,True
BT-004134,TND-001044,BID-000376,2026-10-16,SUBMITTED,ACTIVE,208456900.0,6,1.0,INCONSISTENT_DOCUMENT,EASY,True
BT-004135,TND-001044,BID-001536,2026-10-16,SUBMITTED,ACTIVE,205610000.0,5,0.833,PARTIAL_COMPLIANCE,EASY,True
BT-004136,TND-001044,BID-000624,2026-10-16,SUBMITTED,ACTIVE,192462000.0,5,0.833,FULLY_COMPLIANT,EASY,True
BT-004137,TND-001045,BID-000572,2025-02-15,SUBMITTED,ACTIVE,14626600.0,7,1.0,INSUFFICIENT_EVIDENCE,EASY,True
BT-004138,TND-001045,BID-001553,2025-02-15,SUBMITTED,ACTIVE,12323700.0,7,1.0,FULLY_COMPLIANT,EASY,True
BT-004139,TND-001045,BID-000181,2025-02-15,SUBMITTED,ACTIVE,14586100.0,5,0.714,MISSING_DOCUMENT,EASY,True
BT-004140,TND-001045,BID-000651,2025-02-15,SUBMITTED,ACTIVE,11857000.0,7,1.0,INSUFFICIENT_EVIDENCE,EASY,True
BT-004141,TND-001046,BID-000963,2025-08-15,SUBMITTED,ACTIVE,198145800.0,5,0.833,FULLY_COMPLIANT,EASY,True
BT-004142,TND-001046,BID-000610,2025-08-15,SUBMITTED,ACTIVE,189574900.0,5,0.833,MINOR_ISSUES,EASY,True
BT-004143,TND-001046,BID-001715,2025-08-15,SUBMITTED,ACTIVE,164240200.0,6,1.0,FULLY_COMPLIANT,EASY,True
BT-004144,TND-001047,BID-000875,2026-01-14,SUBMITTED,ACTIVE,73966900.0,6,1.0,EXPIRED_DOCUMENT,EASY,True
BT-004145,TND-001047,BID-000876,2026-01-14,SUBMITTED,ACTIVE,90357400.0,5,0.833,PARTIAL_COMPLIANCE,EASY,True
BT-004146,TND-001047,BID-000594,2026-01-14,SUBMITTED,ACTIVE,74243500.0,6,1.0,INVALID_DOCUMENT,EASY,True
BT-004147,TND-001047,BID-001139,2026-01-14,SUBMITTED,ACTIVE,85664300.0,6,1.0,FULLY_COMPLIANT,EASY,True
BT-004148,TND-001047,BID-000364,2026-01-14,SUBMITTED,ACTIVE,78948100.0,5,0.833,FULLY_COMPLIANT,EASY,True
BT-004149,TND-001048,BID-000038,2026-04-02,SUBMITTED,ACTIVE,83981700.0,6,1.0,FULLY_COMPLIANT,HARD,True
BT-004150,TND-001048,BID-000141,2026-04-02,SUBMITTED,ACTIVE,69287500.0,5,0.833,INSUFFICIENT_EVIDENCE,HARD,True
BT-004151,TND-001048,BID-001769,2026-04-02,SUBMITTED,ACTIVE,76947100.0,6,1.0,INSUFFICIENT_EVIDENCE,HARD,True
BT-004152,TND-001049,BID-000299,2025-04-05,SUBMITTED,ACTIVE,61702000.0,6,1.0,FULLY_COMPLIANT,EASY,True
BT-004153,TND-001049,BID-001535,2025-04-05,SUBMITTED,ACTIVE,63277300.0,5,0.833,FULLY_COMPLIANT,EASY,True
BT-004154,TND-001049,BID-000870,2025-04-05,SUBMITTED,ACTIVE,56432200.0,6,1.0,FULLY_COMPLIANT,EASY,True
BT-004155,TND-001049,BID-000820,2025-04-05,SUBMITTED,ACTIVE,71706500.0,6,1.0,FULLY_COMPLIANT,EASY,True
BT-004163,TND-001052,BID-000469,2026-05-02,SUBMITTED,ACTIVE,80020900.0,5,0.833,INSUFFICIENT_EVIDENCE,EASY,True
BT-004164,TND-001052,BID-001799,2026-05-02,SUBMITTED,ACTIVE,79936300.0,4,0.667,FULLY_COMPLIANT,EASY,True
BT-004165,TND-001052,BID-001472,2026-05-02,SUBMITTED,ACTIVE,82812100.0,6,1.0,FULLY_COMPLIANT,EASY,True
BT-004166,TND-001053,BID-000721,2025-08-16,SUBMITTED,ACTIVE,100083100.0,3,0.429,MISSING_DOCUMENT,MEDIUM,True
BT-004167,TND-001053,BID-000926,2025-08-16,SUBMITTED,ACTIVE,91794800.0,6,0.857,FULLY_COMPLIANT,MEDIUM,True
BT-004168,TND-001053,BID-000003,2025-08-16,SUBMITTED,ACTIVE,91621400.0,6,0.857,FULLY_COMPLIANT,MEDIUM,True
BT-004169,TND-001054,BID-001390,2026-04-25,SUBMITTED,ACTIVE,93777300.0,5,0.833,FULLY_COMPLIANT,MEDIUM,True
BT-004170,TND-001054,BID-000693,2026-04-25,SUBMITTED,ACTIVE,79845600.0,6,1.0,FULLY_COMPLIANT,MEDIUM,True
BT-004171,TND-001054,BID-000087,2026-04-25,SUBMITTED,ACTIVE,85420100.0,6,1.0,MINOR_ISSUES,MEDIUM,True
BT-004172,TND-001055,BID-000392,2025-08-10,SUBMITTED,ACTIVE,32895300.0,7,1.0,PARTIAL_COMPLIANCE,HARD,True
BT-004173,TND-001055,BID-001516,2025-08-10,SUBMITTED,ACTIVE,34506100.0,7,1.0,INCONSISTENT_DOCUMENT,HARD,True
BT-004174,TND-001055,BID-001815,2025-08-10,SUBMITTED,ACTIVE,27873600.0,7,1.0,INSUFFICIENT_EVIDENCE,HARD,True
BT-004175,TND-001056,BID-001648,2026-07-13,SUBMITTED,ACTIVE,126623900.0,6,1.0,FULLY_COMPLIANT,EASY,True
BT-004176,TND-001056,BID-001076,2026-07-13,SUBMITTED,ACTIVE,127828700.0,5,0.833,FULLY_COMPLIANT,EASY,True
BT-004177,TND-001056,BID-000959,2026-07-13,SUBMITTED,ACTIVE,128692400.0,5,0.833,MINOR_ISSUES,EASY,True
BT-004181,TND-001058,BID-000602,2025-05-30,SUBMITTED,ACTIVE,108491500.0,6,1.0,PARTIAL_COMPLIANCE,HARD,True
BT-004182,TND-001058,BID-001742,2025-05-30,SUBMITTED,ACTIVE,99094500.0,6,1.0,HARD_AMBIGUOUS_CASE,HARD,True
BT-004183,TND-001058,BID-001283,2025-05-30,SUBMITTED,ACTIVE,108544300.0,6,1.0,EXPIRED_DOCUMENT,HARD,True
BT-004184,TND-001059,BID-001307,2026-09-01,SUBMITTED,ACTIVE,35515600.0,6,1.0,FULLY_COMPLIANT,MEDIUM,True
BT-004185,TND-001059,BID-001585,2026-09-01,SUBMITTED,ACTIVE,35963300.0,6,1.0,PARTIAL_COMPLIANCE,MEDIUM,True
BT-004186,TND-001059,BID-000077,2026-09-01,SUBMITTED,ACTIVE,41640600.0,6,1.0,FULLY_COMPLIANT,MEDIUM,True
BT-004187,TND-001060,BID-000301,2025-03-16,SUBMITTED,ACTIVE,42828700.0,5,0.833,MINOR_ISSUES,MEDIUM,True
BT-004188,TND-001060,BID-000595,2025-03-16,SUBMITTED,ACTIVE,45109100.0,6,1.0,FULLY_COMPLIANT,MEDIUM,True
BT-004189,TND-001060,BID-000222,2025-03-16,SUBMITTED,ACTIVE,50328900.0,6,1.0,FULLY_COMPLIANT,MEDIUM,True
BT-004190,TND-001060,BID-001406,2025-03-16,SUBMITTED,ACTIVE,42047900.0,5,0.833,MINOR_ISSUES,MEDIUM,True
BT-004191,TND-001060,BID-001715,2025-03-16,SUBMITTED,ACTIVE,38243700.0,6,1.0,INCONSISTENT_DOCUMENT,MEDIUM,True
BT-004195,TND-001062,BID-000524,2025-04-06,SUBMITTED,ACTIVE,215007700.0,6,1.0,PARTIAL_COMPLIANCE,EASY,True
BT-004196,TND-001062,BID-001336,2025-04-06,SUBMITTED,ACTIVE,210050000.0,4,0.667,MISSING_DOCUMENT,EASY,True
BT-004197,TND-001062,BID-001510,2025-04-06,SUBMITTED,ACTIVE,210952700.0,5,0.833,INVALID_DOCUMENT,EASY,True
BT-004198,TND-001063,BID-000518,2026-06-03,SUBMITTED,ACTIVE,255431700.0,5,0.833,MINOR_ISSUES,MEDIUM,True
BT-004199,TND-001063,BID-000702,2026-06-03,SUBMITTED,ACTIVE,210066700.0,6,1.0,HARD_AMBIGUOUS_CASE,MEDIUM,True
BT-004200,TND-001063,BID-000901,2026-06-03,SUBMITTED,ACTIVE,242068600.0,6,1.0,MINOR_ISSUES,MEDIUM,True
BT-004204,TND-001065,BID-001790,2025-09-22,SUBMITTED,ACTIVE,205892400.0,7,1.0,FULLY_COMPLIANT,MEDIUM,True
BT-004205,TND-001065,BID-000324,2025-09-22,SUBMITTED,ACTIVE,249486900.0,6,0.857,MINOR_ISSUES,MEDIUM,True
BT-004206,TND-001065,BID-000107,2025-09-22,SUBMITTED,ACTIVE,272450500.0,7,1.0,INSUFFICIENT_EVIDENCE,MEDIUM,True
BT-004207,TND-001065,BID-001580,2025-09-22,SUBMITTED,ACTIVE,240583300.0,6,0.857,HARD_AMBIGUOUS_CASE,MEDIUM,True
BT-004208,TND-001065,BID-000591,2025-09-22,SUBMITTED,ACTIVE,260286500.0,5,0.714,INSUFFICIENT_EVIDENCE,MEDIUM,True
BT-004209,TND-001066,BID-001981,2026-01-29,SUBMITTED,ACTIVE,211533700.0,7,1.0,HARD_AMBIGUOUS_CASE,EASY,True
BT-004210,TND-001066,BID-000554,2026-01-29,SUBMITTED,ACTIVE,196391800.0,6,0.857,FULLY_COMPLIANT,EASY,True
BT-004211,TND-001066,BID-000168,2026-01-29,SUBMITTED,ACTIVE,202372900.0,5,0.714,MINOR_ISSUES,EASY,True
BT-004212,TND-001066,BID-001297,2026-01-29,SUBMITTED,ACTIVE,160230200.0,7,1.0,PARTIAL_COMPLIANCE,EASY,True
BT-004216,TND-001068,BID-000723,2025-10-10,SUBMITTED,ACTIVE,150092300.0,6,0.857,FULLY_COMPLIANT,EASY,True
BT-004217,TND-001068,BID-001404,2025-10-10,SUBMITTED,ACTIVE,180756200.0,7,1.0,FULLY_COMPLIANT,EASY,True
BT-004218,TND-001068,BID-000667,2025-10-10,SUBMITTED,ACTIVE,190377800.0,6,0.857,INVALID_DOCUMENT,EASY,True
BT-004219,TND-001068,BID-001958,2025-10-10,SUBMITTED,ACTIVE,146110100.0,6,0.857,FULLY_COMPLIANT,EASY,True
BT-004220,TND-001069,BID-001605,2026-02-10,SUBMITTED,ACTIVE,259291800.0,6,1.0,MINOR_ISSUES,HARD,True
BT-004221,TND-001069,BID-001378,2026-02-10,SUBMITTED,ACTIVE,260243000.0,6,1.0,FULLY_COMPLIANT,HARD,True
BT-004222,TND-001069,BID-000759,2026-02-10,SUBMITTED,ACTIVE,221848500.0,5,0.833,MINOR_ISSUES,HARD,True
BT-004223,TND-001069,BID-001881,2026-02-10,SUBMITTED,ACTIVE,274676600.0,5,0.833,FULLY_COMPLIANT,HARD,True
BT-004224,TND-001069,BID-000612,2026-02-10,SUBMITTED,ACTIVE,241461400.0,5,0.833,FULLY_COMPLIANT,HARD,True
BT-004225,TND-001070,BID-001234,2026-06-23,SUBMITTED,ACTIVE,205488100.0,6,0.857,FULLY_COMPLIANT,EASY,True
BT-004226,TND-001070,BID-001217,2026-06-23,SUBMITTED,ACTIVE,207311900.0,6,0.857,EXPIRED_DOCUMENT,EASY,True
BT-004227,TND-001070,BID-000065,2026-06-23,SUBMITTED,ACTIVE,204985800.0,7,1.0,PARTIAL_COMPLIANCE,EASY,True
BT-004228,TND-001071,BID-000852,2025-05-21,SUBMITTED,ACTIVE,249009400.0,5,0.833,FULLY_COMPLIANT,EASY,True
BT-004229,TND-001071,BID-001379,2025-05-21,SUBMITTED,ACTIVE,240787800.0,6,1.0,INCONSISTENT_DOCUMENT,EASY,True
BT-004230,TND-001071,BID-000443,2025-05-21,SUBMITTED,ACTIVE,222936800.0,6,1.0,INSUFFICIENT_EVIDENCE,EASY,True
BT-004231,TND-001072,BID-000150,2026-03-04,SUBMITTED,ACTIVE,144103900.0,5,0.833,INVALID_DOCUMENT,EASY,True
BT-004232,TND-001072,BID-001306,2026-03-04,SUBMITTED,ACTIVE,193049600.0,6,1.0,INSUFFICIENT_EVIDENCE,EASY,True
BT-004233,TND-001072,BID-001189,2026-03-04,SUBMITTED,ACTIVE,167907700.0,5,0.833,FULLY_COMPLIANT,EASY,True
BT-004234,TND-001072,BID-000411,2026-03-04,SUBMITTED,ACTIVE,194449600.0,6,1.0,PARTIAL_COMPLIANCE,EASY,True
BT-004240,TND-001074,BID-000213,2025-10-09,SUBMITTED,ACTIVE,145185500.0,5,0.714,INCONSISTENT_DOCUMENT,EASY,True
BT-004241,TND-001074,BID-001820,2025-10-09,SUBMITTED,ACTIVE,164571100.0,5,0.714,FULLY_COMPLIANT,EASY,True
BT-004242,TND-001074,BID-001402,2025-10-09,SUBMITTED,ACTIVE,165050300.0,6,0.857,FULLY_COMPLIANT,EASY,True
BT-004247,TND-001076,BID-001020,2025-02-27,SUBMITTED,ACTIVE,194645100.0,5,0.833,HARD_AMBIGUOUS_CASE,MEDIUM,True
BT-004248,TND-001076,BID-001572,2025-02-27,SUBMITTED,ACTIVE,183973800.0,6,1.0,PARTIAL_COMPLIANCE,MEDIUM,True
BT-004249,TND-001076,BID-000154,2025-02-27,SUBMITTED,ACTIVE,194879000.0,5,0.833,HARD_AMBIGUOUS_CASE,MEDIUM,True
BT-004250,TND-001076,BID-001481,2025-02-27,SUBMITTED,ACTIVE,157716200.0,6,1.0,INSUFFICIENT_EVIDENCE,MEDIUM,True
BT-004251,TND-001076,BID-001623,2025-02-27,SUBMITTED,ACTIVE,177109400.0,4,0.667,HARD_AMBIGUOUS_CASE,MEDIUM,True
BT-004252,TND-001077,BID-001079,2025-09-02,SUBMITTED,ACTIVE,193267500.0,6,1.0,INSUFFICIENT_EVIDENCE,MEDIUM,True
BT-004253,TND-001077,BID-000415,2025-09-02,SUBMITTED,ACTIVE,201880700.0,6,1.0,INSUFFICIENT_EVIDENCE,MEDIUM,True
BT-004254,TND-001077,BID-000923,2025-09-02,SUBMITTED,ACTIVE,191255500.0,5,0.833,MINOR_ISSUES,MEDIUM,True
BT-004255,TND-001077,BID-000995,2025-09-02,SUBMITTED,ACTIVE,194996300.0,5,0.833,FULLY_COMPLIANT,MEDIUM,True
BT-004256,TND-001077,BID-000010,2025-09-02,SUBMITTED,ACTIVE,174836300.0,3,0.5,MISSING_DOCUMENT,MEDIUM,True
BT-004257,TND-001078,BID-001741,2025-04-05,SUBMITTED,ACTIVE,261167600.0,6,0.857,FULLY_COMPLIANT,MEDIUM,True
BT-004258,TND-001078,BID-001702,2025-04-05,SUBMITTED,ACTIVE,249751200.0,7,1.0,PARTIAL_COMPLIANCE,MEDIUM,True
BT-004259,TND-001078,BID-001046,2025-04-05,SUBMITTED,ACTIVE,237064000.0,7,1.0,INCONSISTENT_DOCUMENT,MEDIUM,True
BT-004265,TND-001080,BID-000452,2025-04-27,SUBMITTED,ACTIVE,32760100.0,6,1.0,FULLY_COMPLIANT,HARD,True
BT-004266,TND-001080,BID-000290,2025-04-27,SUBMITTED,ACTIVE,32251100.0,6,1.0,INCONSISTENT_DOCUMENT,HARD,True
BT-004267,TND-001080,BID-000031,2025-04-27,SUBMITTED,ACTIVE,27082100.0,6,1.0,INSUFFICIENT_EVIDENCE,HARD,True
BT-004268,TND-001080,BID-000115,2025-04-27,SUBMITTED,ACTIVE,25535200.0,4,0.667,FULLY_COMPLIANT,HARD,True
BT-004269,TND-001080,BID-001194,2025-04-27,SUBMITTED,ACTIVE,25089800.0,5,0.833,INSUFFICIENT_EVIDENCE,HARD,True
BT-004270,TND-001081,BID-001222,2025-10-17,SUBMITTED,ACTIVE,114936700.0,7,1.0,FULLY_COMPLIANT,EASY,True
BT-004271,TND-001081,BID-001296,2025-10-17,SUBMITTED,ACTIVE,130711000.0,5,0.714,FULLY_COMPLIANT,EASY,True
BT-004272,TND-001081,BID-000197,2025-10-17,SUBMITTED,ACTIVE,140967700.0,6,0.857,INCONSISTENT_DOCUMENT,EASY,True
BT-004273,TND-001082,BID-001257,2025-06-17,SUBMITTED,ACTIVE,24389200.0,5,0.833,INVALID_DOCUMENT,EASY,True
BT-004274,TND-001082,BID-001065,2025-06-17,SUBMITTED,ACTIVE,26735400.0,5,0.833,INVALID_DOCUMENT,EASY,True
BT-004275,TND-001082,BID-001038,2025-06-17,SUBMITTED,ACTIVE,32116900.0,5,0.833,FULLY_COMPLIANT,EASY,True
BT-004276,TND-001082,BID-000309,2025-06-17,SUBMITTED,ACTIVE,24845500.0,5,0.833,FULLY_COMPLIANT,EASY,True
BT-004277,TND-001082,BID-001591,2025-06-17,SUBMITTED,ACTIVE,26627000.0,6,1.0,INSUFFICIENT_EVIDENCE,EASY,True
BT-004278,TND-001083,BID-000002,2025-06-23,SUBMITTED,ACTIVE,179460200.0,5,0.833,FULLY_COMPLIANT,EASY,True
BT-004279,TND-001083,BID-000780,2025-06-23,SUBMITTED,ACTIVE,182791000.0,6,1.0,INVALID_DOCUMENT,EASY,True
BT-004280,TND-001083,BID-000631,2025-06-23,SUBMITTED,ACTIVE,161251900.0,6,1.0,FULLY_COMPLIANT,EASY,True
BT-004281,TND-001083,BID-000896,2025-06-23,SUBMITTED,ACTIVE,183330100.0,6,1.0,FULLY_COMPLIANT,EASY,True
BT-004282,TND-001083,BID-001075,2025-06-23,SUBMITTED,ACTIVE,159657700.0,5,0.833,MINOR_ISSUES,EASY,True
BT-004288,TND-001085,BID-001045,2026-03-11,SUBMITTED,ACTIVE,159440000.0,5,0.833,HARD_AMBIGUOUS_CASE,EASY,True
BT-004289,TND-001085,BID-001361,2026-03-11,SUBMITTED,ACTIVE,172301000.0,6,1.0,FULLY_COMPLIANT,EASY,True
BT-004290,TND-001085,BID-001445,2026-03-11,SUBMITTED,ACTIVE,193309800.0,5,0.833,MINOR_ISSUES,EASY,True
BT-004291,TND-001086,BID-001484,2025-02-21,SUBMITTED,ACTIVE,77941600.0,6,0.857,FULLY_COMPLIANT,HARD,True
BT-004292,TND-001086,BID-000709,2025-02-21,SUBMITTED,ACTIVE,86117700.0,5,0.714,EXPIRED_DOCUMENT,HARD,True
BT-004293,TND-001086,BID-001258,2025-02-21,SUBMITTED,ACTIVE,88494600.0,6,0.857,INSUFFICIENT_EVIDENCE,HARD,True
BT-004294,TND-001086,BID-001956,2025-02-21,SUBMITTED,ACTIVE,89522200.0,6,0.857,FULLY_COMPLIANT,HARD,True
BT-004295,TND-001086,BID-001448,2025-02-21,SUBMITTED,ACTIVE,87097000.0,7,1.0,INSUFFICIENT_EVIDENCE,HARD,True
BT-004300,TND-001088,BID-000855,2025-02-06,SUBMITTED,ACTIVE,223818200.0,5,0.833,FULLY_COMPLIANT,EASY,True
BT-004301,TND-001088,BID-000657,2025-02-06,SUBMITTED,ACTIVE,230758400.0,5,0.833,INCONSISTENT_DOCUMENT,EASY,True
BT-004302,TND-001088,BID-001350,2025-02-06,SUBMITTED,ACTIVE,175001100.0,6,1.0,PARTIAL_COMPLIANCE,EASY,True
BT-004303,TND-001088,BID-001436,2025-02-06,SUBMITTED,ACTIVE,224728200.0,6,1.0,INVALID_DOCUMENT,EASY,True
BT-004304,TND-001089,BID-000536,2026-06-07,SUBMITTED,ACTIVE,55010800.0,4,0.667,PARTIAL_COMPLIANCE,EASY,True
BT-004305,TND-001089,BID-000137,2026-06-07,SUBMITTED,ACTIVE,62083600.0,5,0.833,FULLY_COMPLIANT,EASY,True
BT-004306,TND-001089,BID-000507,2026-06-07,SUBMITTED,ACTIVE,59918700.0,2,0.333,MISSING_DOCUMENT,EASY,True
BT-004314,TND-001092,BID-000038,2026-08-07,SUBMITTED,ACTIVE,101375400.0,6,1.0,FULLY_COMPLIANT,MEDIUM,True
BT-004315,TND-001092,BID-001391,2026-08-07,SUBMITTED,ACTIVE,104341300.0,5,0.833,PARTIAL_COMPLIANCE,MEDIUM,True
BT-004316,TND-001092,BID-000046,2026-08-07,SUBMITTED,ACTIVE,78285100.0,5,0.833,FULLY_COMPLIANT,MEDIUM,True
BT-004317,TND-001092,BID-000669,2026-08-07,SUBMITTED,ACTIVE,89290300.0,6,1.0,INSUFFICIENT_EVIDENCE,MEDIUM,True
BT-004318,TND-001093,BID-000850,2026-06-22,SUBMITTED,ACTIVE,142371500.0,6,0.857,HARD_AMBIGUOUS_CASE,HARD,True
BT-004319,TND-001093,BID-000198,2026-06-22,SUBMITTED,ACTIVE,118797700.0,5,0.714,MISSING_DOCUMENT,HARD,True
BT-004320,TND-001093,BID-001765,2026-06-22,SUBMITTED,ACTIVE,118140000.0,7,1.0,FULLY_COMPLIANT,HARD,True
BT-004321,TND-001093,BID-001638,2026-06-22,SUBMITTED,ACTIVE,139893700.0,6,0.857,FULLY_COMPLIANT,HARD,True
BT-004322,TND-001094,BID-001972,2025-09-05,SUBMITTED,ACTIVE,132713400.0,6,0.857,FULLY_COMPLIANT,EASY,True
BT-004323,TND-001094,BID-000813,2025-09-05,SUBMITTED,ACTIVE,123256400.0,7,1.0,INVALID_DOCUMENT,EASY,True
BT-004324,TND-001094,BID-000123,2025-09-05,SUBMITTED,ACTIVE,131665600.0,5,0.714,MINOR_ISSUES,EASY,True
BT-004325,TND-001095,BID-000312,2026-02-01,SUBMITTED,ACTIVE,145828200.0,5,0.714,MINOR_ISSUES,MEDIUM,True
BT-004326,TND-001095,BID-000028,2026-02-01,SUBMITTED,ACTIVE,114640200.0,7,1.0,HARD_AMBIGUOUS_CASE,MEDIUM,True
BT-004327,TND-001095,BID-001853,2026-02-01,SUBMITTED,ACTIVE,149747500.0,6,0.857,INSUFFICIENT_EVIDENCE,MEDIUM,True
BT-004328,TND-001095,BID-000522,2026-02-01,SUBMITTED,ACTIVE,134782700.0,5,0.714,FULLY_COMPLIANT,MEDIUM,True
BT-004329,TND-001096,BID-001990,2026-10-03,SUBMITTED,ACTIVE,227194600.0,5,0.833,FULLY_COMPLIANT,HARD,True
BT-004330,TND-001096,BID-001049,2026-10-03,SUBMITTED,ACTIVE,216278100.0,4,0.667,FULLY_COMPLIANT,HARD,True
BT-004331,TND-001096,BID-001408,2026-10-03,SUBMITTED,ACTIVE,252266000.0,6,1.0,INSUFFICIENT_EVIDENCE,HARD,True
BT-004332,TND-001096,BID-000376,2026-10-03,SUBMITTED,ACTIVE,220953300.0,6,1.0,EXPIRED_DOCUMENT,HARD,True
BT-004333,TND-001097,BID-001598,2025-09-06,SUBMITTED,ACTIVE,97660800.0,7,1.0,MINOR_ISSUES,MEDIUM,True
BT-004334,TND-001097,BID-000539,2025-09-06,SUBMITTED,ACTIVE,100164300.0,7,1.0,FULLY_COMPLIANT,MEDIUM,True
BT-004335,TND-001097,BID-000402,2025-09-06,SUBMITTED,ACTIVE,111031800.0,7,1.0,FULLY_COMPLIANT,MEDIUM,True
BT-004336,TND-001097,BID-000330,2025-09-06,SUBMITTED,ACTIVE,106433900.0,7,1.0,INSUFFICIENT_EVIDENCE,MEDIUM,True
BT-004337,TND-001097,BID-001441,2025-09-06,SUBMITTED,ACTIVE,117379400.0,6,0.857,FULLY_COMPLIANT,MEDIUM,True
BT-004338,TND-001098,BID-001995,2025-10-04,SUBMITTED,ACTIVE,164645300.0,6,1.0,MINOR_ISSUES,EASY,True
BT-004339,TND-001098,BID-000102,2025-10-04,SUBMITTED,ACTIVE,199876500.0,5,0.833,FULLY_COMPLIANT,EASY,True
BT-004340,TND-001098,BID-001605,2025-10-04,SUBMITTED,ACTIVE,210127200.0,6,1.0,MINOR_ISSUES,EASY,True
BT-004355,TND-001102,BID-001171,2025-08-05,SUBMITTED,ACTIVE,16134400.0,6,1.0,FULLY_COMPLIANT,HARD,True
BT-004356,TND-001102,BID-001076,2025-08-05,SUBMITTED,ACTIVE,17209200.0,6,1.0,INSUFFICIENT_EVIDENCE,HARD,True
BT-004357,TND-001102,BID-001472,2025-08-05,SUBMITTED,ACTIVE,13393700.0,6,1.0,INVALID_DOCUMENT,HARD,True
BT-004358,TND-001103,BID-000899,2025-12-08,SUBMITTED,ACTIVE,147522900.0,6,1.0,PARTIAL_COMPLIANCE,EASY,True
BT-004359,TND-001103,BID-000353,2025-12-08,SUBMITTED,ACTIVE,160379800.0,6,1.0,EXPIRED_DOCUMENT,EASY,True
BT-004360,TND-001103,BID-001095,2025-12-08,SUBMITTED,ACTIVE,164882600.0,6,1.0,FULLY_COMPLIANT,EASY,True
BT-004364,TND-001105,BID-000942,2026-02-24,SUBMITTED,ACTIVE,6999600.0,7,1.0,FULLY_COMPLIANT,EASY,True
BT-004365,TND-001105,BID-000582,2026-02-24,SUBMITTED,ACTIVE,6556400.0,7,1.0,PARTIAL_COMPLIANCE,EASY,True
BT-004366,TND-001105,BID-001397,2026-02-24,SUBMITTED,ACTIVE,7379900.0,5,0.714,INCONSISTENT_DOCUMENT,EASY,True
BT-004376,TND-001108,BID-000968,2026-07-31,SUBMITTED,ACTIVE,253853500.0,5,0.833,FULLY_COMPLIANT,EASY,True
BT-004377,TND-001108,BID-000560,2026-07-31,SUBMITTED,ACTIVE,211128300.0,5,0.833,PARTIAL_COMPLIANCE,EASY,True
BT-004378,TND-001108,BID-000088,2026-07-31,SUBMITTED,ACTIVE,239982500.0,2,0.333,MISSING_DOCUMENT,EASY,True
BT-004379,TND-001109,BID-001365,2025-09-07,SUBMITTED,ACTIVE,58460900.0,6,0.857,MINOR_ISSUES,MEDIUM,True
BT-004380,TND-001109,BID-000151,2025-09-07,SUBMITTED,ACTIVE,59662000.0,7,1.0,INSUFFICIENT_EVIDENCE,MEDIUM,True
BT-004381,TND-001109,BID-001358,2025-09-07,SUBMITTED,ACTIVE,54244300.0,7,1.0,FULLY_COMPLIANT,MEDIUM,True
BT-004382,TND-001109,BID-000229,2025-09-07,SUBMITTED,ACTIVE,49949900.0,5,0.714,MINOR_ISSUES,MEDIUM,True
BT-004383,TND-001109,BID-000979,2025-09-07,SUBMITTED,ACTIVE,62414500.0,6,0.857,FULLY_COMPLIANT,MEDIUM,True
BT-004384,TND-001110,BID-001291,2025-06-20,SUBMITTED,ACTIVE,52059100.0,5,0.833,INCONSISTENT_DOCUMENT,EASY,True
BT-004385,TND-001110,BID-000211,2025-06-20,SUBMITTED,ACTIVE,51073100.0,6,1.0,INSUFFICIENT_EVIDENCE,EASY,True
BT-004386,TND-001110,BID-000364,2025-06-20,SUBMITTED,ACTIVE,46326500.0,5,0.833,PARTIAL_COMPLIANCE,EASY,True
BT-004387,TND-001110,BID-001777,2025-06-20,SUBMITTED,ACTIVE,57840500.0,5,0.833,FULLY_COMPLIANT,EASY,True
BT-004388,TND-001110,BID-001276,2025-06-20,SUBMITTED,ACTIVE,56474200.0,5,0.833,FULLY_COMPLIANT,EASY,True
BT-004389,TND-001111,BID-000470,2025-05-12,SUBMITTED,ACTIVE,81011500.0,6,1.0,INSUFFICIENT_EVIDENCE,HARD,True
BT-004390,TND-001111,BID-000173,2025-05-12,SUBMITTED,ACTIVE,77333100.0,5,0.833,HARD_AMBIGUOUS_CASE,HARD,True
BT-004391,TND-001111,BID-001003,2025-05-12,SUBMITTED,ACTIVE,77083100.0,6,1.0,FULLY_COMPLIANT,HARD,True
BT-004392,TND-001112,BID-000655,2026-04-05,SUBMITTED,ACTIVE,8244200.0,5,0.714,EXPIRED_DOCUMENT,MEDIUM,True
BT-004393,TND-001112,BID-001028,2026-04-05,SUBMITTED,ACTIVE,8677500.0,7,1.0,EXPIRED_DOCUMENT,MEDIUM,True
BT-004394,TND-001112,BID-001135,2026-04-05,SUBMITTED,ACTIVE,8273800.0,5,0.714,PARTIAL_COMPLIANCE,MEDIUM,True
BT-004395,TND-001113,BID-001671,2025-04-11,SUBMITTED,ACTIVE,73301700.0,5,0.833,PARTIAL_COMPLIANCE,MEDIUM,True
BT-004396,TND-001113,BID-001117,2025-04-11,SUBMITTED,ACTIVE,63940900.0,5,0.833,FULLY_COMPLIANT,MEDIUM,True
BT-004397,TND-001113,BID-001076,2025-04-11,SUBMITTED,ACTIVE,64296100.0,6,1.0,FULLY_COMPLIANT,MEDIUM,True
BT-004398,TND-001113,BID-000952,2025-04-11,SUBMITTED,ACTIVE,62776300.0,5,0.833,MINOR_ISSUES,MEDIUM,True
BT-004399,TND-001113,BID-000694,2025-04-11,SUBMITTED,ACTIVE,66388300.0,6,1.0,INSUFFICIENT_EVIDENCE,MEDIUM,True
BT-004400,TND-001114,BID-000877,2026-10-02,SUBMITTED,ACTIVE,97588700.0,6,1.0,FULLY_COMPLIANT,EASY,True
BT-004401,TND-001114,BID-000125,2026-10-02,SUBMITTED,ACTIVE,96694100.0,5,0.833,FULLY_COMPLIANT,EASY,True
BT-004402,TND-001114,BID-000204,2026-10-02,SUBMITTED,ACTIVE,120484500.0,5,0.833,MINOR_ISSUES,EASY,True
BT-004403,TND-001114,BID-001797,2026-10-02,SUBMITTED,ACTIVE,113964700.0,6,1.0,FULLY_COMPLIANT,EASY,True
BT-004404,TND-001114,BID-001073,2026-10-02,SUBMITTED,ACTIVE,95452800.0,6,1.0,FULLY_COMPLIANT,EASY,True
BT-004405,TND-001115,BID-001145,2025-05-23,SUBMITTED,ACTIVE,6834900.0,5,0.833,FULLY_COMPLIANT,EASY,True
BT-004406,TND-001115,BID-001470,2025-05-23,SUBMITTED,ACTIVE,7153800.0,5,0.833,MINOR_ISSUES,EASY,True
BT-004407,TND-001115,BID-000084,2025-05-23,SUBMITTED,ACTIVE,7135400.0,6,1.0,FULLY_COMPLIANT,EASY,True
BT-004408,TND-001115,BID-001552,2025-05-23,SUBMITTED,ACTIVE,6116200.0,6,1.0,FULLY_COMPLIANT,EASY,True
BT-004409,TND-001115,BID-001677,2025-05-23,SUBMITTED,ACTIVE,6588000.0,4,0.667,INSUFFICIENT_EVIDENCE,EASY,True
BT-004413,TND-001117,BID-000698,2026-05-07,SUBMITTED,ACTIVE,182755900.0,4,0.667,MISSING_DOCUMENT,MEDIUM,True
BT-004414,TND-001117,BID-001701,2026-05-07,SUBMITTED,ACTIVE,215879400.0,4,0.667,INVALID_DOCUMENT,MEDIUM,True
BT-004415,TND-001117,BID-000703,2026-05-07,SUBMITTED,ACTIVE,237469000.0,6,1.0,FULLY_COMPLIANT,MEDIUM,True
BT-004416,TND-001117,BID-000462,2026-05-07,SUBMITTED,ACTIVE,237254600.0,5,0.833,MINOR_ISSUES,MEDIUM,True
BT-004423,TND-001120,BID-000880,2025-12-04,SUBMITTED,ACTIVE,203145500.0,5,0.833,MINOR_ISSUES,MEDIUM,True
BT-004424,TND-001120,BID-001306,2025-12-04,SUBMITTED,ACTIVE,168221100.0,6,1.0,INSUFFICIENT_EVIDENCE,MEDIUM,True
BT-004425,TND-001120,BID-000841,2025-12-04,SUBMITTED,ACTIVE,194605500.0,6,1.0,MINOR_ISSUES,MEDIUM,True
BT-004426,TND-001120,BID-001073,2025-12-04,SUBMITTED,ACTIVE,198252100.0,6,1.0,INVALID_DOCUMENT,MEDIUM,True
BT-004427,TND-001120,BID-000171,2025-12-04,SUBMITTED,ACTIVE,210958700.0,5,0.833,FULLY_COMPLIANT,MEDIUM,True
BT-004428,TND-001121,BID-001916,2026-08-06,SUBMITTED,ACTIVE,200855500.0,6,1.0,MINOR_ISSUES,EASY,True
BT-004429,TND-001121,BID-000894,2026-08-06,SUBMITTED,ACTIVE,219310100.0,5,0.833,FULLY_COMPLIANT,EASY,True
BT-004430,TND-001121,BID-000826,2026-08-06,SUBMITTED,ACTIVE,200520400.0,5,0.833,MINOR_ISSUES,EASY,True
BT-004431,TND-001122,BID-001071,2025-05-23,SUBMITTED,ACTIVE,150617700.0,4,0.667,INVALID_DOCUMENT,MEDIUM,True
BT-004432,TND-001122,BID-001307,2025-05-23,SUBMITTED,ACTIVE,178679600.0,6,1.0,MINOR_ISSUES,MEDIUM,True
BT-004433,TND-001122,BID-001255,2025-05-23,SUBMITTED,ACTIVE,160402900.0,6,1.0,MINOR_ISSUES,MEDIUM,True
BT-004434,TND-001123,BID-000087,2025-03-11,SUBMITTED,ACTIVE,48297400.0,6,1.0,MINOR_ISSUES,EASY,True
BT-004435,TND-001123,BID-000237,2025-03-11,SUBMITTED,ACTIVE,55289900.0,6,1.0,PARTIAL_COMPLIANCE,EASY,True
BT-004436,TND-001123,BID-001962,2025-03-11,SUBMITTED,ACTIVE,60131700.0,6,1.0,MINOR_ISSUES,EASY,True
BT-004437,TND-001123,BID-000025,2025-03-11,SUBMITTED,ACTIVE,58394900.0,6,1.0,MINOR_ISSUES,EASY,True
BT-004438,TND-001123,BID-001703,2025-03-11,SUBMITTED,ACTIVE,55289900.0,4,0.667,MINOR_ISSUES,EASY,True
BT-004439,TND-001124,BID-000259,2026-03-06,SUBMITTED,ACTIVE,204636300.0,4,0.667,INSUFFICIENT_EVIDENCE,HARD,True
BT-004440,TND-001124,BID-000165,2026-03-06,SUBMITTED,ACTIVE,205499400.0,5,0.833,MISSING_DOCUMENT,HARD,True
BT-004441,TND-001124,BID-000849,2026-03-06,SUBMITTED,ACTIVE,204544700.0,6,1.0,PARTIAL_COMPLIANCE,HARD,True
BT-004442,TND-001124,BID-001902,2026-03-06,SUBMITTED,ACTIVE,194179700.0,6,1.0,EXPIRED_DOCUMENT,HARD,True
BT-004443,TND-001125,BID-001301,2025-04-09,SUBMITTED,ACTIVE,119456000.0,6,1.0,INVALID_DOCUMENT,EASY,True
BT-004444,TND-001125,BID-000528,2025-04-09,SUBMITTED,ACTIVE,89940000.0,6,1.0,FULLY_COMPLIANT,EASY,True
BT-004445,TND-001125,BID-000551,2025-04-09,SUBMITTED,ACTIVE,115800000.0,5,0.833,FULLY_COMPLIANT,EASY,True
BT-004446,TND-001125,BID-001653,2025-04-09,SUBMITTED,ACTIVE,108552400.0,4,0.667,MISSING_DOCUMENT,EASY,True
BT-004447,TND-001125,BID-000758,2025-04-09,SUBMITTED,ACTIVE,105143400.0,6,1.0,FULLY_COMPLIANT,EASY,True
BT-004448,TND-001126,BID-000264,2025-10-03,SUBMITTED,ACTIVE,12040700.0,6,1.0,MINOR_ISSUES,MEDIUM,True
BT-004449,TND-001126,BID-000783,2025-10-03,SUBMITTED,ACTIVE,10283200.0,5,0.833,MISSING_DOCUMENT,MEDIUM,True
BT-004450,TND-001126,BID-001070,2025-10-03,SUBMITTED,ACTIVE,11461300.0,6,1.0,MINOR_ISSUES,MEDIUM,True
BT-004451,TND-001126,BID-001677,2025-10-03,SUBMITTED,ACTIVE,9664700.0,5,0.833,FULLY_COMPLIANT,MEDIUM,True
BT-004460,TND-001129,BID-000572,2026-05-24,SUBMITTED,ACTIVE,213025800.0,5,0.714,FULLY_COMPLIANT,EASY,True
BT-004461,TND-001129,BID-000433,2026-05-24,SUBMITTED,ACTIVE,239624300.0,6,0.857,MISSING_DOCUMENT,EASY,True
BT-004462,TND-001129,BID-001593,2026-05-24,SUBMITTED,ACTIVE,231170200.0,6,0.857,FULLY_COMPLIANT,EASY,True
BT-004463,TND-001129,BID-000590,2026-05-24,SUBMITTED,ACTIVE,224548900.0,3,0.429,MISSING_DOCUMENT,EASY,True
BT-004464,TND-001129,BID-000367,2026-05-24,SUBMITTED,ACTIVE,211472900.0,5,0.714,FULLY_COMPLIANT,EASY,True
BT-004465,TND-001130,BID-001414,2026-06-18,SUBMITTED,ACTIVE,143630800.0,7,1.0,INCONSISTENT_DOCUMENT,HARD,True
BT-004466,TND-001130,BID-001943,2026-06-18,SUBMITTED,ACTIVE,157593100.0,7,1.0,EXPIRED_DOCUMENT,HARD,True
BT-004467,TND-001130,BID-000224,2026-06-18,SUBMITTED,ACTIVE,126197700.0,6,0.857,INSUFFICIENT_EVIDENCE,HARD,True
BT-004468,TND-001130,BID-000436,2026-06-18,SUBMITTED,ACTIVE,133937700.0,7,1.0,FULLY_COMPLIANT,HARD,True
BT-004469,TND-001130,BID-001340,2026-06-18,SUBMITTED,ACTIVE,122751300.0,7,1.0,FULLY_COMPLIANT,HARD,True
BT-004470,TND-001131,BID-000138,2026-02-08,SUBMITTED,ACTIVE,147674200.0,5,0.833,EXPIRED_DOCUMENT,MEDIUM,True
BT-004471,TND-001131,BID-001842,2026-02-08,SUBMITTED,ACTIVE,144780800.0,6,1.0,FULLY_COMPLIANT,MEDIUM,True
BT-004472,TND-001131,BID-000301,2026-02-08,SUBMITTED,ACTIVE,171702200.0,5,0.833,INCONSISTENT_DOCUMENT,MEDIUM,True
BT-004473,TND-001132,BID-000710,2026-10-29,SUBMITTED,ACTIVE,256794600.0,6,1.0,INSUFFICIENT_EVIDENCE,MEDIUM,True
BT-004474,TND-001132,BID-000408,2026-10-29,SUBMITTED,ACTIVE,253108100.0,6,1.0,PARTIAL_COMPLIANCE,MEDIUM,True
BT-004475,TND-001132,BID-000689,2026-10-29,SUBMITTED,ACTIVE,250958700.0,6,1.0,INCONSISTENT_DOCUMENT,MEDIUM,True
BT-004476,TND-001133,BID-000932,2025-08-09,SUBMITTED,ACTIVE,133309000.0,5,0.833,PARTIAL_COMPLIANCE,HARD,True
BT-004477,TND-001133,BID-000603,2025-08-09,SUBMITTED,ACTIVE,128760900.0,5,0.833,FULLY_COMPLIANT,HARD,True
BT-004478,TND-001133,BID-001185,2025-08-09,SUBMITTED,ACTIVE,124864100.0,5,0.833,PARTIAL_COMPLIANCE,HARD,True
BT-004479,TND-001133,BID-001776,2025-08-09,SUBMITTED,ACTIVE,123755900.0,5,0.833,MISSING_DOCUMENT,HARD,True
BT-004489,TND-001136,BID-000067,2026-06-03,SUBMITTED,ACTIVE,232056700.0,6,1.0,INCONSISTENT_DOCUMENT,EASY,True
BT-004490,TND-001136,BID-000918,2026-06-03,SUBMITTED,ACTIVE,201809100.0,4,0.667,PARTIAL_COMPLIANCE,EASY,True
BT-004491,TND-001136,BID-001813,2026-06-03,SUBMITTED,ACTIVE,205198600.0,6,1.0,FULLY_COMPLIANT,EASY,True
BT-004492,TND-001136,BID-001658,2026-06-03,SUBMITTED,ACTIVE,189106900.0,6,1.0,FULLY_COMPLIANT,EASY,True
BT-004502,TND-001139,BID-000434,2026-01-14,SUBMITTED,ACTIVE,13418300.0,6,1.0,FULLY_COMPLIANT,EASY,True
BT-004503,TND-001139,BID-001095,2026-01-14,SUBMITTED,ACTIVE,12749500.0,6,1.0,INSUFFICIENT_EVIDENCE,EASY,True
BT-004504,TND-001139,BID-000279,2026-01-14,SUBMITTED,ACTIVE,12106900.0,6,1.0,INSUFFICIENT_EVIDENCE,EASY,True
BT-004505,TND-001139,BID-001394,2026-01-14,SUBMITTED,ACTIVE,12004900.0,6,1.0,FULLY_COMPLIANT,EASY,True
BT-004506,TND-001140,BID-001942,2026-09-19,SUBMITTED,ACTIVE,146540100.0,6,0.857,PARTIAL_COMPLIANCE,MEDIUM,True
BT-004507,TND-001140,BID-001940,2026-09-19,SUBMITTED,ACTIVE,166349700.0,6,0.857,FULLY_COMPLIANT,MEDIUM,True
BT-004508,TND-001140,BID-000600,2026-09-19,SUBMITTED,ACTIVE,135796900.0,7,1.0,PARTIAL_COMPLIANCE,MEDIUM,True
BT-004509,TND-001140,BID-001082,2026-09-19,SUBMITTED,ACTIVE,140381000.0,5,0.714,MINOR_ISSUES,MEDIUM,True
BT-004510,TND-001140,BID-000140,2026-09-19,SUBMITTED,ACTIVE,164822400.0,6,0.857,HARD_AMBIGUOUS_CASE,MEDIUM,True
BT-004511,TND-001141,BID-001560,2026-01-06,SUBMITTED,ACTIVE,232698900.0,6,1.0,MINOR_ISSUES,EASY,True
BT-004512,TND-001141,BID-000847,2026-01-06,SUBMITTED,ACTIVE,206448800.0,6,1.0,HARD_AMBIGUOUS_CASE,EASY,True
BT-004513,TND-001141,BID-000902,2026-01-06,SUBMITTED,ACTIVE,197776900.0,6,1.0,FULLY_COMPLIANT,EASY,True
BT-004514,TND-001141,BID-001179,2026-01-06,SUBMITTED,ACTIVE,262410900.0,6,1.0,INVALID_DOCUMENT,EASY,True
BT-004515,TND-001141,BID-001264,2026-01-06,SUBMITTED,ACTIVE,237649500.0,6,1.0,FULLY_COMPLIANT,EASY,True
BT-004519,TND-001143,BID-000835,2025-07-23,SUBMITTED,ACTIVE,106813200.0,5,0.714,FULLY_COMPLIANT,MEDIUM,True
BT-004520,TND-001143,BID-000745,2025-07-23,SUBMITTED,ACTIVE,96018900.0,6,0.857,FULLY_COMPLIANT,MEDIUM,True
BT-004521,TND-001143,BID-000261,2025-07-23,SUBMITTED,ACTIVE,91897900.0,6,0.857,MINOR_ISSUES,MEDIUM,True
BT-004522,TND-001144,BID-000003,2026-03-31,SUBMITTED,ACTIVE,164476500.0,6,0.857,INCONSISTENT_DOCUMENT,MEDIUM,True
BT-004523,TND-001144,BID-001450,2026-03-31,SUBMITTED,ACTIVE,125206200.0,5,0.714,PARTIAL_COMPLIANCE,MEDIUM,True
BT-004524,TND-001144,BID-001368,2026-03-31,SUBMITTED,ACTIVE,140342400.0,6,0.857,FULLY_COMPLIANT,MEDIUM,True
BT-004525,TND-001145,BID-001216,2025-04-09,SUBMITTED,ACTIVE,89094000.0,6,1.0,PARTIAL_COMPLIANCE,HARD,True
BT-004526,TND-001145,BID-000173,2025-04-09,SUBMITTED,ACTIVE,87456100.0,4,0.667,INSUFFICIENT_EVIDENCE,HARD,True
BT-004527,TND-001145,BID-000221,2025-04-09,SUBMITTED,ACTIVE,97874400.0,5,0.833,FULLY_COMPLIANT,HARD,True
BT-004528,TND-001145,BID-000350,2025-04-09,SUBMITTED,ACTIVE,101754300.0,5,0.833,FULLY_COMPLIANT,HARD,True
BT-004529,TND-001145,BID-000825,2025-04-09,SUBMITTED,ACTIVE,99275400.0,6,1.0,INSUFFICIENT_EVIDENCE,HARD,True
BT-004530,TND-001146,BID-001189,2026-01-20,SUBMITTED,ACTIVE,180016200.0,4,0.667,MISSING_DOCUMENT,MEDIUM,True
BT-004531,TND-001146,BID-000490,2026-01-20,SUBMITTED,ACTIVE,163783400.0,5,0.833,PARTIAL_COMPLIANCE,MEDIUM,True
BT-004532,TND-001146,BID-000597,2026-01-20,SUBMITTED,ACTIVE,151859300.0,6,1.0,FULLY_COMPLIANT,MEDIUM,True
BT-004533,TND-001146,BID-000598,2026-01-20,SUBMITTED,ACTIVE,143436700.0,6,1.0,FULLY_COMPLIANT,MEDIUM,True
BT-004534,TND-001146,BID-000761,2026-01-20,SUBMITTED,ACTIVE,154831700.0,2,0.333,MISSING_DOCUMENT,MEDIUM,True
BT-004535,TND-001147,BID-000419,2025-05-21,SUBMITTED,ACTIVE,186206100.0,6,1.0,EXPIRED_DOCUMENT,EASY,True
BT-004536,TND-001147,BID-001861,2025-05-21,SUBMITTED,ACTIVE,183095700.0,5,0.833,FULLY_COMPLIANT,EASY,True
BT-004537,TND-001147,BID-000664,2025-05-21,SUBMITTED,ACTIVE,215999100.0,6,1.0,INSUFFICIENT_EVIDENCE,EASY,True
BT-004538,TND-001147,BID-001125,2025-05-21,SUBMITTED,ACTIVE,203706400.0,6,1.0,FULLY_COMPLIANT,EASY,True
BT-004554,TND-001152,BID-001334,2025-06-07,SUBMITTED,ACTIVE,196309100.0,6,0.857,MISSING_DOCUMENT,EASY,True
BT-004555,TND-001152,BID-000955,2025-06-07,SUBMITTED,ACTIVE,209674600.0,6,0.857,FULLY_COMPLIANT,EASY,True
BT-004556,TND-001152,BID-000065,2025-06-07,SUBMITTED,ACTIVE,193930000.0,7,1.0,FULLY_COMPLIANT,EASY,True
BT-004557,TND-001152,BID-000653,2025-06-07,SUBMITTED,ACTIVE,232560200.0,6,0.857,FULLY_COMPLIANT,EASY,True
BT-004558,TND-001153,BID-000549,2025-10-12,SUBMITTED,ACTIVE,126399800.0,4,0.667,INSUFFICIENT_EVIDENCE,EASY,True
BT-004559,TND-001153,BID-000376,2025-10-12,SUBMITTED,ACTIVE,124371800.0,6,1.0,INVALID_DOCUMENT,EASY,True
BT-004560,TND-001153,BID-001806,2025-10-12,SUBMITTED,ACTIVE,147597700.0,6,1.0,FULLY_COMPLIANT,EASY,True
BT-004561,TND-001153,BID-000734,2025-10-12,SUBMITTED,ACTIVE,136997000.0,5,0.833,EXPIRED_DOCUMENT,EASY,True
BT-004572,TND-001156,BID-001190,2026-01-11,SUBMITTED,ACTIVE,130841100.0,6,0.857,MINOR_ISSUES,HARD,True
BT-004573,TND-001156,BID-001592,2026-01-11,SUBMITTED,ACTIVE,131893900.0,5,0.714,FULLY_COMPLIANT,HARD,True
BT-004574,TND-001156,BID-000370,2026-01-11,SUBMITTED,ACTIVE,141558100.0,7,1.0,FULLY_COMPLIANT,HARD,True
BT-004575,TND-001156,BID-001429,2026-01-11,SUBMITTED,ACTIVE,138757200.0,7,1.0,PARTIAL_COMPLIANCE,HARD,True
BT-004576,TND-001156,BID-001382,2026-01-11,SUBMITTED,ACTIVE,152423500.0,5,0.714,EXPIRED_DOCUMENT,HARD,True
BT-004577,TND-001157,BID-000839,2025-09-05,SUBMITTED,ACTIVE,84329800.0,6,1.0,FULLY_COMPLIANT,EASY,True
BT-004578,TND-001157,BID-001160,2025-09-05,SUBMITTED,ACTIVE,74883300.0,5,0.833,PARTIAL_COMPLIANCE,EASY,True
BT-004579,TND-001157,BID-000332,2025-09-05,SUBMITTED,ACTIVE,78849300.0,6,1.0,FULLY_COMPLIANT,EASY,True
BT-004580,TND-001157,BID-000319,2025-09-05,SUBMITTED,ACTIVE,76641800.0,6,1.0,FULLY_COMPLIANT,EASY,True
BT-004581,TND-001158,BID-001149,2026-05-24,SUBMITTED,ACTIVE,40856700.0,5,0.714,PARTIAL_COMPLIANCE,HARD,True
BT-004582,TND-001158,BID-000617,2026-05-24,SUBMITTED,ACTIVE,36796300.0,5,0.714,FULLY_COMPLIANT,HARD,True
BT-004583,TND-001158,BID-001810,2026-05-24,SUBMITTED,ACTIVE,36655500.0,6,0.857,FULLY_COMPLIANT,HARD,True
BT-004584,TND-001158,BID-001930,2026-05-24,SUBMITTED,ACTIVE,41968700.0,7,1.0,FULLY_COMPLIANT,HARD,True
BT-004590,TND-001160,BID-000070,2026-10-22,SUBMITTED,ACTIVE,196379100.0,6,1.0,FULLY_COMPLIANT,HARD,True
BT-004591,TND-001160,BID-000972,2026-10-22,SUBMITTED,ACTIVE,206222200.0,6,1.0,EXPIRED_DOCUMENT,HARD,True
BT-004592,TND-001160,BID-000016,2026-10-22,SUBMITTED,ACTIVE,200389500.0,6,1.0,INVALID_DOCUMENT,HARD,True
BT-004593,TND-001160,BID-000355,2026-10-22,SUBMITTED,ACTIVE,184246100.0,6,1.0,FULLY_COMPLIANT,HARD,True
BT-004594,TND-001161,BID-001758,2026-07-22,SUBMITTED,ACTIVE,102095700.0,6,0.857,FULLY_COMPLIANT,MEDIUM,True
BT-004595,TND-001161,BID-001764,2026-07-22,SUBMITTED,ACTIVE,120489700.0,6,0.857,FULLY_COMPLIANT,MEDIUM,True
BT-004596,TND-001161,BID-001626,2026-07-22,SUBMITTED,ACTIVE,120593500.0,6,0.857,FULLY_COMPLIANT,MEDIUM,True
BT-004597,TND-001161,BID-001438,2026-07-22,SUBMITTED,ACTIVE,94960500.0,5,0.714,INCONSISTENT_DOCUMENT,MEDIUM,True
BT-004598,TND-001161,BID-000124,2026-07-22,SUBMITTED,ACTIVE,122826700.0,6,0.857,EXPIRED_DOCUMENT,MEDIUM,True
BT-004599,TND-001162,BID-000372,2025-10-30,SUBMITTED,ACTIVE,167666300.0,5,0.833,INSUFFICIENT_EVIDENCE,EASY,True
BT-004600,TND-001162,BID-001664,2025-10-30,SUBMITTED,ACTIVE,152033300.0,5,0.833,PARTIAL_COMPLIANCE,EASY,True
BT-004601,TND-001162,BID-000278,2025-10-30,SUBMITTED,ACTIVE,199403100.0,5,0.833,FULLY_COMPLIANT,EASY,True
BT-004602,TND-001162,BID-001858,2025-10-30,SUBMITTED,ACTIVE,165884200.0,6,1.0,MINOR_ISSUES,EASY,True
BT-004603,TND-001163,BID-001724,2026-01-13,SUBMITTED,ACTIVE,176966600.0,6,1.0,PARTIAL_COMPLIANCE,EASY,True
BT-004604,TND-001163,BID-000365,2026-01-13,SUBMITTED,ACTIVE,186949900.0,2,0.333,MISSING_DOCUMENT,EASY,True
BT-004605,TND-001163,BID-001984,2026-01-13,SUBMITTED,ACTIVE,168982800.0,6,1.0,PARTIAL_COMPLIANCE,EASY,True
BT-004606,TND-001164,BID-000909,2025-03-06,SUBMITTED,ACTIVE,226834800.0,6,1.0,PARTIAL_COMPLIANCE,EASY,True
BT-004607,TND-001164,BID-001786,2025-03-06,SUBMITTED,ACTIVE,213020800.0,6,1.0,MINOR_ISSUES,EASY,True
BT-004608,TND-001164,BID-001009,2025-03-06,SUBMITTED,ACTIVE,235508700.0,5,0.833,FULLY_COMPLIANT,EASY,True
BT-004609,TND-001164,BID-000417,2025-03-06,SUBMITTED,ACTIVE,188323200.0,3,0.5,MISSING_DOCUMENT,EASY,True
BT-004610,TND-001164,BID-000246,2025-03-06,SUBMITTED,ACTIVE,201041900.0,6,1.0,FULLY_COMPLIANT,EASY,True
BT-004611,TND-001165,BID-000497,2025-06-03,SUBMITTED,ACTIVE,175008300.0,5,0.833,INSUFFICIENT_EVIDENCE,HARD,True
BT-004612,TND-001165,BID-001937,2025-06-03,SUBMITTED,ACTIVE,185173500.0,4,0.667,FULLY_COMPLIANT,HARD,True
BT-004613,TND-001165,BID-001535,2025-06-03,SUBMITTED,ACTIVE,211442700.0,5,0.833,HARD_AMBIGUOUS_CASE,HARD,True
BT-004614,TND-001165,BID-001166,2025-06-03,SUBMITTED,ACTIVE,173851800.0,6,1.0,FULLY_COMPLIANT,HARD,True
BT-004640,TND-001172,BID-000123,2026-04-05,SUBMITTED,ACTIVE,126903800.0,6,0.857,HARD_AMBIGUOUS_CASE,MEDIUM,True
BT-004641,TND-001172,BID-000864,2026-04-05,SUBMITTED,ACTIVE,122729900.0,6,0.857,MINOR_ISSUES,MEDIUM,True
BT-004642,TND-001172,BID-000030,2026-04-05,SUBMITTED,ACTIVE,107508700.0,6,0.857,FULLY_COMPLIANT,MEDIUM,True
BT-004643,TND-001172,BID-000377,2026-04-05,SUBMITTED,ACTIVE,125701800.0,6,0.857,MISSING_DOCUMENT,MEDIUM,True
BT-004644,TND-001173,BID-000055,2026-07-20,SUBMITTED,ACTIVE,83213500.0,7,1.0,INSUFFICIENT_EVIDENCE,HARD,True
BT-004645,TND-001173,BID-001263,2026-07-20,SUBMITTED,ACTIVE,82550400.0,6,0.857,FULLY_COMPLIANT,HARD,True
BT-004646,TND-001173,BID-001879,2026-07-20,SUBMITTED,ACTIVE,79407600.0,7,1.0,FULLY_COMPLIANT,HARD,True
BT-004647,TND-001173,BID-001765,2026-07-20,SUBMITTED,ACTIVE,83562100.0,6,0.857,FULLY_COMPLIANT,HARD,True
BT-004656,TND-001176,BID-001640,2025-12-27,SUBMITTED,ACTIVE,27476600.0,6,1.0,MINOR_ISSUES,MEDIUM,True
BT-004657,TND-001176,BID-001986,2025-12-27,SUBMITTED,ACTIVE,22722600.0,6,1.0,INSUFFICIENT_EVIDENCE,MEDIUM,True
BT-004658,TND-001176,BID-000006,2025-12-27,SUBMITTED,ACTIVE,24224600.0,6,1.0,FULLY_COMPLIANT,MEDIUM,True
BT-004659,TND-001176,BID-001962,2025-12-27,SUBMITTED,ACTIVE,28224400.0,4,0.667,FULLY_COMPLIANT,MEDIUM,True
BT-004660,TND-001176,BID-001317,2025-12-27,SUBMITTED,ACTIVE,23349800.0,6,1.0,INSUFFICIENT_EVIDENCE,MEDIUM,True
BT-004661,TND-001177,BID-000830,2025-06-18,SUBMITTED,ACTIVE,249168900.0,5,0.833,MINOR_ISSUES,EASY,True
BT-004662,TND-001177,BID-001092,2025-06-18,SUBMITTED,ACTIVE,226974000.0,6,1.0,FULLY_COMPLIANT,EASY,True
BT-004663,TND-001177,BID-001585,2025-06-18,SUBMITTED,ACTIVE,243414500.0,6,1.0,INSUFFICIENT_EVIDENCE,EASY,True
BT-004664,TND-001177,BID-000664,2025-06-18,SUBMITTED,ACTIVE,245053900.0,6,1.0,FULLY_COMPLIANT,EASY,True
BT-004665,TND-001178,BID-000538,2025-05-16,SUBMITTED,ACTIVE,49705000.0,5,0.833,FULLY_COMPLIANT,EASY,True
BT-004666,TND-001178,BID-001757,2025-05-16,SUBMITTED,ACTIVE,63917600.0,4,0.667,MISSING_DOCUMENT,EASY,True
BT-004667,TND-001178,BID-000793,2025-05-16,SUBMITTED,ACTIVE,64883000.0,6,1.0,FULLY_COMPLIANT,EASY,True
BT-004668,TND-001178,BID-001654,2025-05-16,SUBMITTED,ACTIVE,60027800.0,5,0.833,INSUFFICIENT_EVIDENCE,EASY,True
BT-004669,TND-001178,BID-000621,2025-05-16,SUBMITTED,ACTIVE,57166600.0,6,1.0,FULLY_COMPLIANT,EASY,True
BT-004670,TND-001179,BID-000279,2025-05-21,SUBMITTED,ACTIVE,145949800.0,6,1.0,FULLY_COMPLIANT,EASY,True
BT-004671,TND-001179,BID-001605,2025-05-21,SUBMITTED,ACTIVE,151314900.0,6,1.0,INCONSISTENT_DOCUMENT,EASY,True
BT-004672,TND-001179,BID-001995,2025-05-21,SUBMITTED,ACTIVE,123139800.0,6,1.0,FULLY_COMPLIANT,EASY,True
BT-004677,TND-001181,BID-001957,2026-04-18,SUBMITTED,ACTIVE,37392300.0,6,1.0,FULLY_COMPLIANT,HARD,True
BT-004678,TND-001181,BID-000145,2026-04-18,SUBMITTED,ACTIVE,43403300.0,6,1.0,FULLY_COMPLIANT,HARD,True
BT-004679,TND-001181,BID-001927,2026-04-18,SUBMITTED,ACTIVE,41458100.0,2,0.333,MISSING_DOCUMENT,HARD,True
BT-004699,TND-001187,BID-000655,2025-10-21,SUBMITTED,ACTIVE,65656600.0,5,0.714,FULLY_COMPLIANT,EASY,True
BT-004700,TND-001187,BID-001705,2025-10-21,SUBMITTED,ACTIVE,72631900.0,6,0.857,FULLY_COMPLIANT,EASY,True
BT-004701,TND-001187,BID-000122,2025-10-21,SUBMITTED,ACTIVE,71418500.0,7,1.0,INSUFFICIENT_EVIDENCE,EASY,True
BT-004702,TND-001187,BID-000201,2025-10-21,SUBMITTED,ACTIVE,59446000.0,6,0.857,HARD_AMBIGUOUS_CASE,EASY,True
BT-004703,TND-001188,BID-001836,2025-02-13,SUBMITTED,ACTIVE,17092600.0,5,0.714,INVALID_DOCUMENT,MEDIUM,True
BT-004704,TND-001188,BID-001460,2025-02-13,SUBMITTED,ACTIVE,20463000.0,6,0.857,INVALID_DOCUMENT,MEDIUM,True
BT-004705,TND-001188,BID-000607,2025-02-13,SUBMITTED,ACTIVE,16247000.0,6,0.857,FULLY_COMPLIANT,MEDIUM,True
BT-004709,TND-001190,BID-000376,2026-07-03,SUBMITTED,ACTIVE,209205100.0,6,1.0,MINOR_ISSUES,EASY,True
BT-004710,TND-001190,BID-001961,2026-07-03,SUBMITTED,ACTIVE,195130800.0,6,1.0,INVALID_DOCUMENT,EASY,True
BT-004711,TND-001190,BID-000875,2026-07-03,SUBMITTED,ACTIVE,225997800.0,6,1.0,PARTIAL_COMPLIANCE,EASY,True
BT-004712,TND-001191,BID-000611,2025-08-06,SUBMITTED,ACTIVE,165212300.0,6,0.857,FULLY_COMPLIANT,MEDIUM,True
BT-004713,TND-001191,BID-001061,2025-08-06,SUBMITTED,ACTIVE,186149200.0,6,0.857,INSUFFICIENT_EVIDENCE,MEDIUM,True
BT-004714,TND-001191,BID-001602,2025-08-06,SUBMITTED,ACTIVE,165759700.0,7,1.0,INSUFFICIENT_EVIDENCE,MEDIUM,True
BT-004715,TND-001192,BID-001105,2025-06-05,SUBMITTED,ACTIVE,114125800.0,6,0.857,FULLY_COMPLIANT,EASY,True
BT-004716,TND-001192,BID-001774,2025-06-05,SUBMITTED,ACTIVE,129710300.0,5,0.714,PARTIAL_COMPLIANCE,EASY,True
BT-004717,TND-001192,BID-000140,2025-06-05,SUBMITTED,ACTIVE,133157800.0,5,0.714,EXPIRED_DOCUMENT,EASY,True
BT-004729,TND-001196,BID-000588,2025-10-09,SUBMITTED,ACTIVE,244184100.0,5,0.833,INCONSISTENT_DOCUMENT,MEDIUM,True
BT-004730,TND-001196,BID-000070,2025-10-09,SUBMITTED,ACTIVE,268643900.0,6,1.0,INSUFFICIENT_EVIDENCE,MEDIUM,True
BT-004731,TND-001196,BID-001541,2025-10-09,SUBMITTED,ACTIVE,237452000.0,6,1.0,EXPIRED_DOCUMENT,MEDIUM,True
BT-004732,TND-001196,BID-001993,2025-10-09,SUBMITTED,ACTIVE,221000400.0,5,0.833,INSUFFICIENT_EVIDENCE,MEDIUM,True
BT-004733,TND-001197,BID-000618,2025-04-05,SUBMITTED,ACTIVE,18324900.0,6,1.0,EXPIRED_DOCUMENT,HARD,True
BT-004734,TND-001197,BID-000146,2025-04-05,SUBMITTED,ACTIVE,16223500.0,6,1.0,EXPIRED_DOCUMENT,HARD,True
BT-004735,TND-001197,BID-001654,2025-04-05,SUBMITTED,ACTIVE,16202000.0,5,0.833,INSUFFICIENT_EVIDENCE,HARD,True
BT-004736,TND-001197,BID-000187,2025-04-05,SUBMITTED,ACTIVE,14666300.0,6,1.0,PARTIAL_COMPLIANCE,HARD,True
BT-004737,TND-001197,BID-000775,2025-04-05,SUBMITTED,ACTIVE,18454200.0,6,1.0,INSUFFICIENT_EVIDENCE,HARD,True
BT-004741,TND-001199,BID-001808,2025-07-30,SUBMITTED,ACTIVE,145173100.0,6,1.0,MINOR_ISSUES,EASY,True
BT-004742,TND-001199,BID-000958,2025-07-30,SUBMITTED,ACTIVE,144853700.0,5,0.833,MISSING_DOCUMENT,EASY,True
BT-004743,TND-001199,BID-000698,2025-07-30,SUBMITTED,ACTIVE,128400900.0,6,1.0,FULLY_COMPLIANT,EASY,True
BT-004744,TND-001200,BID-001047,2025-07-31,SUBMITTED,ACTIVE,76459200.0,7,1.0,FULLY_COMPLIANT,MEDIUM,True
BT-004745,TND-001200,BID-000453,2025-07-31,SUBMITTED,ACTIVE,78630300.0,6,0.857,INSUFFICIENT_EVIDENCE,MEDIUM,True
BT-004746,TND-001200,BID-001569,2025-07-31,SUBMITTED,ACTIVE,91025600.0,6,0.857,FULLY_COMPLIANT,MEDIUM,True
BT-004747,TND-001200,BID-000919,2025-07-31,SUBMITTED,ACTIVE,82619000.0,7,1.0,FULLY_COMPLIANT,MEDIUM,True
BT-004748,TND-001200,BID-000729,2025-07-31,SUBMITTED,ACTIVE,82989800.0,7,1.0,FULLY_COMPLIANT,MEDIUM,True
