tender_id,bidder_id,total_requirements,mandatory_requirements,compliant_count,partially_compliant_count,non_compliant_count,insufficient_evidence_count,compliance_percentage,missing_document_count,expired_document_count,invalid_document_count,inconsistency_count,evidence_confidence_average,mandatory_failure_count,financial_requirement_failure,experience_requirement_failure,registration_requirement_failure,authorization_requirement_failure,document_quality_score,risk_level
TND-000001,BID-001090,24,16,12,3,1,8,50.0,0,0,0,0,0.8071,11,1,1,1,1,0.7857,MEDIUM
TND-000001,BID-000942,24,16,16,4,1,3,66.67,0,0,0,0,0.8077,4,1,1,0,0,0.8214,LOW
TND-000001,BID-001691,24,16,6,3,1,14,25.0,0,0,0,0,0.3713,11,1,1,0,1,0.875,HIGH
TND-000001,BID-001424,24,16,18,0,2,4,75.0,0,0,0,5,0.935,5,0,1,1,1,0.7857,MEDIUM
TND-000001,BID-001516,24,16,21,2,1,0,87.5,0,0,0,0,0.8864,2,1,1,0,0,0.7857,LOW
TND-000003,BID-000947,23,15,14,9,0,0,60.87,0,0,0,0,0.8384,6,0,0,0,0,0.8571,LOW
TND-000003,BID-000491,23,15,3,0,1,19,13.04,1,0,0,0,0.2436,12,1,1,1,0,0.875,HIGH
TND-000003,BID-001940,23,15,18,4,0,1,78.26,0,0,0,0,0.8647,4,1,1,0,1,0.875,LOW
TND-000006,BID-000220,25,14,19,0,3,3,76.0,0,0,0,0,0.8471,4,1,1,0,0,0.8,LOW
TND-000006,BID-001353,25,14,14,2,1,8,56.0,0,0,0,0,0.8356,8,1,1,0,0,0.875,MEDIUM
TND-000006,BID-001159,25,14,21,0,3,1,84.0,0,0,0,0,0.8797,4,1,1,0,0,0.7917,LOW
TND-000006,BID-001797,25,14,0,0,13,12,0.0,0,6,0,0,0.9423,14,1,1,1,0,0.8333,HIGH
TND-000007,BID-000635,28,20,2,0,0,26,7.14,5,0,0,0,0.0928,18,1,1,1,0,0.75,HIGH
TND-000007,BID-001792,28,20,23,0,0,5,82.14,0,0,0,0,0.7447,4,1,1,0,0,0.7857,LOW
TND-000007,BID-001680,28,20,24,1,3,0,85.71,0,0,0,0,0.7575,3,1,1,0,0,0.8214,LOW
TND-000007,BID-000217,28,20,26,0,2,0,92.86,0,0,0,0,0.8576,1,1,0,0,0,0.8571,LOW
TND-000007,BID-001888,28,20,26,1,0,1,92.86,0,0,0,0,0.8907,2,0,0,0,1,0.8333,LOW
TND-000008,BID-001784,28,16,24,2,1,1,85.71,0,0,0,0,0.8774,3,1,1,0,0,0.75,LOW
TND-000008,BID-000751,28,16,25,1,0,2,89.29,0,0,0,0,0.8985,2,1,1,0,0,0.875,LOW
TND-000008,BID-000841,28,16,19,1,1,7,67.86,0,0,0,0,0.848,6,1,0,1,0,0.875,MEDIUM
TND-000009,BID-001701,25,15,2,1,3,19,8.0,0,2,0,0,0.7966,13,1,1,0,0,0.85,HIGH
TND-000009,BID-000359,25,15,9,1,3,12,36.0,0,0,0,0,0.8352,9,1,1,1,0,0.875,MEDIUM
TND-000009,BID-001010,25,15,16,0,1,8,64.0,0,0,0,0,0.7454,6,0,1,0,0,0.95,MEDIUM
TND-000009,BID-001984,25,15,7,0,5,13,28.0,0,0,0,3,0.8959,10,1,1,1,0,0.7917,HIGH
TND-000009,BID-001496,25,15,20,0,5,0,80.0,0,0,0,0,0.8354,2,1,1,0,0,0.8333,LOW
TND-000010,BID-000138,27,20,4,0,0,23,14.81,3,0,0,0,0.1955,17,1,0,1,0,0.6667,HIGH
TND-000010,BID-000612,27,20,7,0,12,8,25.93,0,2,0,0,0.83,15,0,1,0,0,0.9167,HIGH
TND-000010,BID-000113,27,20,24,1,1,1,88.89,0,0,0,0,0.7641,2,1,0,1,0,0.75,LOW
TND-000011,BID-000719,28,16,21,0,3,4,75.0,0,0,0,0,0.7977,5,1,1,0,0,0.65,LOW
TND-000011,BID-001643,28,16,21,0,2,5,75.0,0,0,0,0,0.8052,5,1,1,1,0,0.8,LOW
TND-000011,BID-001896,28,16,23,3,1,1,82.14,0,0,0,0,0.9298,4,1,1,1,0,0.9167,LOW
TND-000011,BID-000364,28,16,22,0,2,4,78.57,0,0,0,0,0.8222,4,1,1,0,0,0.85,LOW
TND-000012,BID-001484,22,13,4,0,2,16,18.18,1,0,0,0,0.3184,11,1,1,1,1,0.7,HIGH
TND-000012,BID-000798,22,13,15,2,3,2,68.18,0,0,0,0,0.8232,6,1,1,0,1,0.9286,MEDIUM
TND-000012,BID-001004,22,13,17,0,1,4,77.27,4,0,0,0,0.6613,3,1,1,0,0,0.875,MEDIUM
TND-000012,BID-000184,22,13,6,0,1,15,27.27,1,0,0,0,0.3165,9,0,1,0,1,0.8125,HIGH
TND-000013,BID-000238,29,17,23,3,1,2,79.31,0,0,0,0,0.866,4,1,1,0,0,0.7,LOW
TND-000013,BID-001896,29,17,6,0,1,22,20.69,0,0,0,0,0.3211,13,1,1,1,0,0.8,HIGH
TND-000013,BID-001699,29,17,14,0,0,15,48.28,0,0,0,0,0.8162,10,0,1,1,0,0.8333,MEDIUM
TND-000013,BID-001575,29,17,23,3,1,2,79.31,0,0,0,0,0.7894,4,1,1,1,0,1.0,LOW
TND-000014,BID-001413,25,18,22,1,2,0,88.0,0,0,0,0,0.9051,3,1,1,0,0,0.75,LOW
TND-000014,BID-000173,25,18,20,0,1,4,80.0,0,0,0,0,0.777,4,0,1,1,0,0.75,LOW
TND-000014,BID-001374,25,18,13,10,2,0,52.0,0,0,0,0,0.8729,9,1,1,0,0,0.8333,MEDIUM
TND-000015,BID-000524,25,17,17,0,1,7,68.0,0,0,0,0,0.7665,4,0,1,0,0,0.8333,LOW
TND-000015,BID-001923,25,17,4,1,11,9,16.0,0,3,0,0,0.8246,13,0,1,1,0,0.6667,HIGH
TND-000015,BID-001938,25,17,12,2,3,8,48.0,0,0,0,0,0.8803,11,1,1,1,0,0.75,MEDIUM
TND-000015,BID-000452,25,17,16,8,1,0,64.0,0,0,0,0,0.8794,5,0,1,0,0,0.8333,LOW
TND-000015,BID-000317,25,17,14,9,1,1,56.0,0,0,0,0,0.9014,8,1,1,0,0,0.7917,MEDIUM
TND-000016,BID-000478,29,16,2,0,8,19,6.9,0,3,0,0,0.7572,14,1,0,1,0,0.8,HIGH
TND-000016,BID-001010,29,16,14,0,1,14,48.28,0,0,0,0,0.7583,8,0,1,0,0,0.8,MEDIUM
TND-000016,BID-001044,29,16,27,0,2,0,93.1,0,0,0,0,0.8499,2,1,1,0,0,0.7917,LOW
TND-000017,BID-000045,25,18,14,10,1,0,56.0,0,0,0,0,0.8108,9,1,1,0,0,0.75,MEDIUM
TND-000017,BID-000310,25,18,3,1,0,21,12.0,1,0,0,0,0.1605,15,0,1,1,0,0.8333,HIGH
TND-000017,BID-001813,25,18,16,5,2,2,64.0,0,0,0,0,0.9104,8,1,1,1,0,0.7917,MEDIUM
TND-000017,BID-001355,25,18,21,0,3,1,84.0,0,0,0,0,0.8034,4,1,1,1,0,0.9167,LOW
TND-000017,BID-001938,25,18,9,1,1,14,36.0,0,0,0,0,0.3811,11,1,1,0,0,0.9,HIGH
TND-000018,BID-001667,26,19,23,0,1,2,88.46,0,0,0,0,0.8248,3,1,0,1,0,0.6071,LOW
TND-000018,BID-000253,26,19,0,0,12,14,0.0,1,0,5,0,0.8058,19,1,1,1,1,0.9167,HIGH
TND-000018,BID-000498,26,19,3,1,0,22,11.54,0,0,0,0,0.2102,16,1,1,1,0,1.0,HIGH
TND-000018,BID-001129,26,19,21,1,1,3,80.77,0,0,0,0,0.7678,5,0,1,1,0,0.75,LOW
TND-000021,BID-001617,29,18,24,0,2,3,82.76,0,0,0,0,0.818,4,1,0,1,1,0.875,LOW
TND-000021,BID-000498,29,18,13,11,1,4,44.83,0,0,0,0,0.8383,10,1,1,0,0,0.75,MEDIUM
TND-000021,BID-000175,29,18,5,0,0,24,17.24,0,0,0,0,0.2128,14,0,0,1,1,0.8,HIGH
TND-000022,BID-001402,28,19,2,0,5,21,7.14,0,0,3,0,0.3441,17,1,1,0,1,0.875,HIGH
TND-000022,BID-000512,28,19,6,1,3,18,21.43,0,0,0,0,0.3211,13,1,1,0,0,0.7917,HIGH
TND-000022,BID-000544,28,19,24,3,0,1,85.71,1,0,0,0,0.772,4,1,1,0,1,0.7917,LOW
TND-000022,BID-001383,28,19,24,1,1,2,85.71,0,0,0,0,0.8652,3,0,1,0,1,0.7083,LOW
TND-000023,BID-001218,30,18,15,2,1,12,50.0,0,0,0,0,0.8987,10,1,1,1,0,0.8333,MEDIUM
TND-000023,BID-001514,30,18,15,0,2,13,50.0,0,0,0,0,0.856,10,1,1,1,0,0.9,MEDIUM
TND-000023,BID-000671,30,18,25,0,2,3,83.33,0,0,0,0,0.7746,5,1,1,1,0,0.9,LOW
TND-000024,BID-001596,28,20,3,0,0,25,10.71,5,0,0,0,0.1594,18,1,1,1,1,0.75,HIGH
TND-000024,BID-001694,28,20,23,1,2,2,82.14,0,0,0,0,0.7571,4,1,1,1,0,1.0,LOW
TND-000024,BID-001005,28,20,9,1,1,17,32.14,0,0,0,0,0.8985,12,1,0,1,0,0.8929,MEDIUM
TND-000025,BID-001814,29,18,13,12,3,1,44.83,0,0,0,0,0.8625,10,1,1,0,0,0.8571,MEDIUM
TND-000025,BID-000499,29,18,28,0,1,0,96.55,0,0,0,0,0.8194,1,0,1,0,0,0.6786,LOW
TND-000025,BID-000503,29,18,5,0,12,12,17.24,0,0,0,5,0.7801,13,0,1,1,0,0.9286,HIGH
TND-000025,BID-001011,29,18,10,13,2,4,34.48,0,0,0,0,0.7731,10,1,1,0,0,0.9583,MEDIUM
TND-000026,BID-001215,25,18,17,6,1,1,68.0,1,0,0,0,0.8472,5,0,1,0,1,0.875,LOW
TND-000026,BID-000586,25,18,11,8,2,4,44.0,0,0,0,0,0.7214,11,1,1,1,0,0.9167,MEDIUM
TND-000026,BID-000779,25,18,21,0,0,4,84.0,1,0,0,0,0.8488,3,0,1,0,1,0.8333,LOW
TND-000027,BID-000072,28,20,7,0,1,20,25.0,1,0,2,0,0.7078,14,1,0,1,1,0.85,HIGH
TND-000027,BID-000207,28,20,12,4,1,11,42.86,1,0,0,0,0.8889,12,1,1,0,1,0.875,MEDIUM
TND-000027,BID-000750,28,20,7,1,0,20,25.0,0,0,0,0,0.3016,14,1,1,0,0,0.8333,HIGH
TND-000027,BID-000257,28,20,15,8,4,1,53.57,0,0,0,0,0.8486,11,1,1,0,0,0.9286,MEDIUM
TND-000027,BID-001225,28,20,1,0,12,15,3.57,0,0,0,6,0.859,19,1,1,1,1,0.9286,HIGH
TND-000028,BID-000439,29,17,28,0,1,0,96.55,0,0,0,0,0.9254,1,0,1,0,0,0.9643,LOW
TND-000028,BID-000276,29,17,19,1,1,8,65.52,0,0,0,0,0.8755,7,0,1,1,1,0.75,MEDIUM
TND-000028,BID-000466,29,17,21,0,1,7,72.41,0,0,0,0,0.8283,5,0,1,0,1,0.7857,LOW
TND-000028,BID-001587,29,17,21,0,4,4,72.41,0,0,0,0,0.8308,5,1,1,0,0,0.875,LOW
TND-000028,BID-001946,29,17,18,0,2,9,62.07,0,0,0,0,0.7891,8,1,1,0,0,0.9167,MEDIUM
TND-000029,BID-001743,30,19,13,9,1,7,43.33,1,0,0,0,0.8586,10,1,1,0,1,0.9583,MEDIUM
TND-000029,BID-001921,30,19,28,1,1,0,93.33,0,0,0,0,0.9455,2,0,1,1,0,0.8214,LOW
TND-000029,BID-000879,30,19,4,0,14,12,13.33,0,5,0,0,0.8107,17,1,1,1,1,0.9286,HIGH
TND-000029,BID-001180,30,19,2,5,0,23,6.67,0,0,0,0,0.2426,19,1,1,1,1,0.85,HIGH
TND-000029,BID-000374,30,19,0,0,11,19,0.0,0,0,0,6,0.8097,19,1,1,1,1,0.8929,HIGH
TND-000030,BID-000437,27,18,22,3,0,2,81.48,1,0,0,0,0.8484,4,1,1,0,1,0.9583,LOW
TND-000030,BID-000984,27,18,15,10,1,1,55.56,0,0,0,0,0.8746,7,1,1,0,0,0.6429,MEDIUM
TND-000030,BID-001153,27,18,1,3,1,22,3.7,1,0,0,0,0.1959,17,1,1,1,1,0.6875,HIGH
TND-000030,BID-001901,27,18,24,1,0,2,88.89,0,0,0,0,0.7887,2,0,1,0,0,0.9583,LOW
TND-000031,BID-000248,30,20,5,5,0,20,16.67,0,0,0,0,0.3251,16,1,0,0,0,0.95,HIGH
TND-000031,BID-000180,30,20,16,9,4,1,53.33,0,0,0,0,0.8337,10,1,1,1,0,0.625,MEDIUM
TND-000031,BID-000893,30,20,23,2,1,4,76.67,0,0,0,0,0.8253,5,1,1,0,0,0.9583,LOW
TND-000031,BID-001235,30,20,26,0,0,4,86.67,0,0,0,0,0.8164,3,1,1,1,0,0.75,LOW
TND-000032,BID-001309,25,14,13,12,0,0,52.0,0,0,0,0,0.8698,6,0,0,0,0,0.875,MEDIUM
TND-000032,BID-001822,25,14,4,0,1,20,16.0,0,0,0,0,0.7132,12,0,1,1,0,0.7,HIGH
TND-000032,BID-001453,25,14,4,0,9,12,16.0,0,0,4,0,0.8589,12,0,1,1,0,0.875,HIGH
TND-000032,BID-001816,25,14,21,0,0,4,84.0,0,0,0,0,0.7581,2,0,0,0,0,0.9,LOW
TND-000033,BID-000938,30,18,21,0,0,9,70.0,0,0,0,0,0.6254,4,1,1,1,0,0.9,MEDIUM
TND-000033,BID-000102,30,18,21,1,0,8,70.0,0,0,0,0,0.6386,4,1,1,1,0,1.0,LOW
TND-000033,BID-000792,30,18,14,1,2,13,46.67,0,0,0,0,0.7182,7,1,1,1,0,0.9,MEDIUM
TND-000033,BID-000215,30,18,24,1,0,5,80.0,0,0,0,0,0.6619,2,0,0,1,0,0.65,LOW
TND-000033,BID-001410,30,18,21,1,0,8,70.0,3,0,0,0,0.6961,4,1,1,1,0,0.8333,MEDIUM
TND-000034,BID-001189,30,19,27,2,1,0,90.0,0,0,0,0,0.845,2,0,1,0,0,0.6667,LOW
TND-000034,BID-001833,30,19,29,0,0,1,96.67,0,0,0,0,0.8003,1,0,1,0,0,0.7917,LOW
TND-000034,BID-001274,30,19,20,0,6,4,66.67,0,0,0,5,0.8438,8,1,1,1,0,0.8333,MEDIUM
TND-000035,BID-000679,29,21,24,1,0,4,82.76,0,0,0,0,0.6676,3,0,1,0,0,0.8,LOW
TND-000035,BID-001526,29,21,27,0,1,1,93.1,0,0,0,0,0.9491,2,0,1,0,0,0.8333,LOW
TND-000035,BID-000907,29,21,27,1,1,0,93.1,0,0,0,0,0.8938,1,0,1,0,0,0.9167,LOW
TND-000035,BID-001665,29,21,21,2,1,5,72.41,0,0,0,0,0.7278,6,1,1,1,0,0.65,LOW
TND-000036,BID-000382,24,14,20,0,1,3,83.33,0,0,0,0,0.7841,2,0,1,0,0,0.8,LOW
TND-000036,BID-001268,24,14,16,0,1,7,66.67,0,0,0,0,0.82,4,0,1,1,0,0.8333,LOW
TND-000036,BID-000248,24,14,1,0,10,13,4.17,0,0,0,5,0.8091,13,1,1,1,0,0.7083,HIGH
TND-000037,BID-000614,30,21,21,1,4,4,70.0,1,0,0,0,0.6702,6,1,1,0,1,0.95,MEDIUM
TND-000037,BID-000709,30,21,1,1,4,24,3.33,1,0,3,0,0.3107,20,1,1,1,1,0.8,HIGH
TND-000037,BID-001120,30,21,5,0,14,11,16.67,0,0,5,0,0.7801,18,0,1,1,1,0.9643,HIGH
TND-000037,BID-001061,30,21,14,0,1,15,46.67,1,0,0,0,0.8306,11,0,1,0,1,0.75,MEDIUM
TND-000037,BID-001004,30,21,13,0,2,15,43.33,0,0,0,0,0.9159,11,1,1,1,0,0.75,MEDIUM
TND-000039,BID-001925,23,17,0,0,8,15,0.0,0,6,0,0,0.8989,17,1,1,1,1,0.8214,HIGH
TND-000039,BID-000906,23,17,18,2,0,3,78.26,1,0,0,0,0.831,5,1,1,1,1,0.6667,LOW
TND-000039,BID-000015,23,17,19,1,1,2,82.61,0,0,0,0,0.7023,3,0,1,1,0,0.875,LOW
TND-000039,BID-001667,23,17,11,0,1,11,47.83,1,0,0,0,0.8464,10,1,1,0,1,0.75,MEDIUM
TND-000042,BID-000500,26,17,17,0,1,8,65.38,0,0,0,0,0.8296,5,1,0,0,0,0.7917,LOW
TND-000042,BID-000165,26,17,6,0,4,16,23.08,0,0,0,0,0.3333,13,1,0,0,0,0.75,HIGH
TND-000042,BID-001789,26,17,21,4,1,0,80.77,0,0,0,0,0.8691,4,1,1,0,0,0.75,LOW
TND-000042,BID-000546,26,17,5,1,2,18,19.23,0,0,0,0,0.3301,13,1,1,1,0,1.0,HIGH
TND-000042,BID-000416,26,17,19,2,5,0,73.08,0,0,0,0,0.9307,4,1,1,0,0,1.0,LOW
TND-000044,BID-000883,28,19,22,4,1,1,78.57,0,0,0,0,0.8591,4,1,1,1,0,0.8571,LOW
TND-000044,BID-000195,28,19,22,2,1,3,78.57,0,0,0,0,0.8027,4,1,1,1,0,0.875,LOW
TND-000044,BID-000635,28,19,1,0,16,11,3.57,0,6,0,0,0.8287,18,1,1,1,0,0.7857,HIGH
TND-000044,BID-001924,28,19,25,0,1,2,89.29,0,0,0,0,0.7958,3,0,1,1,1,0.7857,LOW
TND-000047,BID-000294,29,21,15,0,4,10,51.72,0,2,0,0,0.9102,10,1,0,1,0,0.9583,MEDIUM
TND-000047,BID-000898,29,21,24,0,1,4,82.76,0,0,0,0,0.8786,4,0,1,1,0,0.7917,LOW
TND-000047,BID-000340,29,21,0,0,17,12,0.0,0,5,0,0,0.8481,21,1,1,1,0,0.9167,HIGH
TND-000048,BID-000060,23,14,15,0,1,7,65.22,0,0,0,0,0.8662,4,0,1,0,0,0.7,LOW
TND-000048,BID-001284,23,14,18,4,1,0,78.26,0,0,0,0,0.8421,4,1,1,1,0,0.75,LOW
TND-000048,BID-001710,23,14,8,4,0,11,34.78,5,0,0,0,0.6571,10,1,1,1,0,0.8333,HIGH
TND-000048,BID-001407,23,14,13,3,4,3,56.52,0,0,0,0,0.7973,6,1,1,0,0,0.95,MEDIUM
TND-000048,BID-001233,23,14,18,0,0,5,78.26,5,0,0,0,0.6023,4,1,1,1,0,0.75,MEDIUM
TND-000049,BID-000514,23,15,23,0,0,0,100.0,0,0,0,0,0.9056,0,0,0,0,0,0.875,LOW
TND-000049,BID-000285,23,15,14,0,1,8,60.87,0,0,0,0,0.8874,5,0,1,1,0,0.8333,MEDIUM
TND-000049,BID-000190,23,15,3,1,3,16,13.04,0,0,0,0,0.3147,13,1,0,1,0,0.65,HIGH
TND-000049,BID-001058,23,15,6,0,5,12,26.09,0,0,2,0,0.8877,11,0,1,1,0,0.7083,HIGH
TND-000050,BID-000110,26,19,21,3,1,1,80.77,0,0,0,0,0.9185,4,1,1,1,0,0.7857,LOW
TND-000050,BID-001156,26,19,9,15,0,2,34.62,1,0,0,0,0.8186,12,1,1,1,1,0.875,MEDIUM
TND-000050,BID-000555,26,19,8,14,3,1,30.77,0,0,0,0,0.8829,11,1,1,0,1,0.8929,MEDIUM
TND-000050,BID-000394,26,19,21,1,4,0,80.77,0,0,0,0,0.8558,3,1,1,0,0,0.7857,LOW
TND-000050,BID-001187,26,19,12,6,1,7,46.15,0,0,0,0,0.8546,10,1,1,0,0,0.9286,MEDIUM
TND-000051,BID-001666,24,17,3,1,3,17,12.5,0,0,0,0,0.391,14,1,1,0,0,0.9,HIGH
TND-000051,BID-001637,24,17,16,0,1,7,66.67,5,0,0,0,0.5683,6,1,1,0,0,0.875,MEDIUM
TND-000051,BID-001969,24,17,10,0,3,11,41.67,0,0,0,0,0.8488,10,1,1,1,0,0.85,MEDIUM
TND-000053,BID-001044,22,15,18,0,1,3,81.82,0,0,0,0,0.7782,3,0,1,0,0,0.8333,LOW
TND-000053,BID-001199,22,15,17,2,1,2,77.27,0,0,0,0,0.8553,5,0,1,1,0,0.8333,LOW
TND-000053,BID-001220,22,15,9,9,0,4,40.91,0,0,0,0,0.712,9,1,1,1,0,1.0,MEDIUM
TND-000053,BID-001937,22,15,15,1,2,4,68.18,0,0,0,0,0.7253,6,1,1,1,0,0.9,MEDIUM
TND-000053,BID-001137,22,15,1,1,2,18,4.55,0,0,2,0,0.2147,14,1,1,1,0,0.875,HIGH
TND-000054,BID-000774,22,14,16,0,0,6,72.73,0,0,0,0,0.8801,4,0,1,0,1,0.9643,LOW
TND-000054,BID-001619,22,14,15,1,3,3,68.18,0,0,0,0,0.8272,5,1,0,1,1,0.9286,MEDIUM
TND-000054,BID-000754,22,14,10,1,3,8,45.45,0,0,0,0,0.7781,9,1,0,1,0,0.875,MEDIUM
TND-000054,BID-000198,22,14,4,0,4,14,18.18,0,3,0,0,0.3802,11,1,1,1,0,0.7917,HIGH
TND-000055,BID-001813,23,15,0,0,12,11,0.0,0,0,6,0,0.8407,15,1,1,1,0,0.8333,HIGH
TND-000055,BID-000847,23,15,17,1,4,1,73.91,0,0,0,0,0.7743,5,1,1,1,0,0.7917,LOW
TND-000055,BID-000578,23,15,2,0,6,15,8.7,0,0,5,0,0.8392,13,1,1,1,0,0.875,HIGH
TND-000055,BID-001319,23,15,11,1,3,8,47.83,0,0,0,0,0.7974,8,1,0,1,0,0.85,MEDIUM
TND-000057,BID-000907,26,19,18,7,1,0,69.23,0,0,0,0,0.8575,4,0,1,0,0,0.75,LOW
TND-000057,BID-000262,26,19,19,1,1,5,73.08,0,0,0,0,0.7057,6,1,1,1,0,0.75,LOW
TND-000057,BID-000063,26,19,17,1,5,3,65.38,0,0,0,0,0.85,7,1,1,1,0,0.8,MEDIUM
TND-000057,BID-000283,26,19,1,0,9,16,3.85,0,0,3,0,0.7615,18,1,1,1,0,0.75,HIGH
TND-000057,BID-000294,26,19,20,3,3,0,76.92,0,0,0,0,0.8599,4,1,1,1,0,0.7917,LOW
TND-000060,BID-000007,24,13,9,11,4,0,37.5,0,0,0,0,0.8556,7,1,1,0,0,0.75,MEDIUM
TND-000060,BID-000626,24,13,11,0,6,7,45.83,0,0,0,0,0.9207,6,1,1,1,0,0.9167,MEDIUM
TND-000060,BID-000188,24,13,17,2,1,4,70.83,0,0,0,0,0.8319,3,1,1,0,0,0.875,LOW
TND-000062,BID-001598,22,16,18,3,0,1,81.82,0,0,0,0,0.8656,3,0,0,1,0,0.7857,LOW
TND-000062,BID-001316,22,16,19,0,1,2,86.36,0,0,0,0,0.7641,2,1,0,0,0,0.625,LOW
TND-000062,BID-000201,22,16,1,0,5,16,4.55,0,4,0,0,0.8474,15,1,1,1,0,0.7083,HIGH
TND-000062,BID-000988,22,16,19,1,1,1,86.36,1,0,0,0,0.825,3,1,1,0,1,0.875,LOW
TND-000064,BID-000996,27,19,7,1,0,19,25.93,0,0,0,0,0.2939,13,1,0,0,0,0.9,HIGH
TND-000064,BID-001445,27,19,7,17,2,1,25.93,0,0,0,0,0.8636,12,1,0,1,0,0.7917,MEDIUM
TND-000064,BID-000882,27,19,10,0,1,16,37.04,0,0,0,0,0.7275,13,1,0,1,0,0.7,MEDIUM
TND-000064,BID-000769,27,19,23,0,2,2,85.19,0,0,0,0,0.7542,3,1,0,0,0,0.875,LOW
TND-000065,BID-001140,24,16,5,0,3,16,20.83,0,0,0,0,0.2933,11,1,1,0,0,0.9167,HIGH
TND-000065,BID-000306,24,16,9,0,3,12,37.5,0,0,0,0,0.8242,10,1,1,0,1,0.9167,MEDIUM
TND-000065,BID-001892,24,16,20,1,3,0,83.33,0,0,0,0,0.7795,3,1,1,1,0,0.8929,LOW
TND-000065,BID-000817,24,16,13,7,3,1,54.17,0,0,0,0,0.8794,7,1,1,0,0,0.8333,MEDIUM
TND-000066,BID-001829,22,15,12,9,0,1,54.55,0,0,0,0,0.8918,7,1,1,0,0,0.875,MEDIUM
TND-000066,BID-001447,22,15,12,6,3,1,54.55,0,0,0,0,0.8824,9,1,0,1,0,0.6667,MEDIUM
TND-000066,BID-000523,22,15,20,2,0,0,90.91,0,0,0,0,0.9171,2,0,1,1,0,0.875,LOW
TND-000067,BID-000067,24,18,19,2,2,1,79.17,0,0,0,0,0.9384,5,1,1,1,0,0.9167,LOW
TND-000067,BID-001652,24,18,10,0,1,13,41.67,0,0,0,0,0.7664,9,0,1,1,0,0.75,MEDIUM
TND-000067,BID-000888,24,18,20,0,1,3,83.33,0,0,0,0,0.736,2,0,1,0,0,0.75,LOW
TND-000067,BID-001813,24,18,20,0,2,2,83.33,0,0,0,0,0.8005,4,1,1,0,0,0.7917,LOW
TND-000067,BID-000471,24,18,4,0,0,20,16.67,5,0,0,0,0.1777,16,1,1,1,0,0.5,HIGH
TND-000069,BID-000619,26,16,23,1,1,1,88.46,0,0,0,0,0.9057,2,1,0,1,0,0.9583,LOW
TND-000069,BID-000992,26,16,21,3,0,2,80.77,0,0,0,0,0.863,3,1,1,1,0,0.9583,LOW
TND-000069,BID-001653,26,16,21,3,1,1,80.77,0,0,0,0,0.9436,3,1,1,1,0,0.7917,LOW
TND-000069,BID-001938,26,16,21,0,3,2,80.77,0,0,0,0,0.8427,3,1,1,1,0,0.75,LOW
TND-000069,BID-000867,26,16,12,4,3,7,46.15,0,0,0,0,0.8554,9,1,1,1,0,0.7917,MEDIUM
TND-000070,BID-001593,26,17,21,1,0,4,80.77,0,0,0,0,0.7402,4,1,1,1,0,0.9167,LOW
TND-000070,BID-000988,26,17,14,9,3,0,53.85,0,0,0,0,0.8734,8,1,1,0,0,0.9286,MEDIUM
TND-000070,BID-001316,26,17,18,1,2,5,69.23,0,0,3,0,0.8482,6,1,1,1,1,0.875,MEDIUM
TND-000070,BID-000430,26,17,20,0,2,4,76.92,1,0,0,0,0.8233,5,1,1,0,1,0.65,LOW
TND-000072,BID-000219,27,19,5,0,0,22,18.52,2,0,0,0,0.1863,14,0,1,1,0,0.8333,HIGH
TND-000072,BID-001837,27,19,12,7,2,6,44.44,0,0,0,0,0.8301,10,1,1,1,0,0.7,MEDIUM
TND-000072,BID-001957,27,19,9,16,1,1,33.33,0,0,0,0,0.8894,12,0,1,0,0,0.875,MEDIUM
TND-000075,BID-001239,22,14,16,1,2,3,72.73,0,0,0,0,0.7211,4,1,1,0,0,0.95,LOW
TND-000075,BID-001544,22,14,19,1,2,0,86.36,0,0,0,0,0.8234,3,1,0,1,0,0.8333,LOW
TND-000075,BID-000420,22,14,20,0,2,0,90.91,0,0,0,0,0.8307,2,1,0,0,0,0.6667,LOW
TND-000075,BID-000419,22,14,3,0,3,16,13.64,0,3,0,0,0.8673,12,1,1,1,0,0.7917,HIGH
TND-000077,BID-001151,28,21,8,1,2,17,28.57,0,0,0,0,0.7449,15,1,1,0,1,0.9167,HIGH
TND-000077,BID-000754,28,21,13,0,3,12,46.43,0,0,0,0,0.7736,11,1,1,0,0,0.75,MEDIUM
TND-000077,BID-000605,28,21,11,14,1,2,39.29,1,0,0,0,0.7985,14,1,1,0,1,0.6667,MEDIUM
TND-000078,BID-001086,28,17,14,2,2,10,50.0,0,0,0,0,0.8536,7,1,1,0,0,0.8571,MEDIUM
TND-000078,BID-000577,28,17,21,0,6,1,75.0,0,0,0,0,0.9101,5,1,1,1,0,0.8929,LOW
TND-000078,BID-001871,28,17,19,1,5,3,67.86,0,0,0,0,0.8373,6,1,1,1,0,0.7917,MEDIUM
TND-000078,BID-001846,28,17,11,4,2,11,39.29,0,0,4,0,0.8305,13,1,1,1,1,0.8214,HIGH
TND-000078,BID-001128,28,17,25,1,2,0,89.29,0,0,0,0,0.8261,3,1,1,0,0,0.8929,LOW
TND-000081,BID-000057,27,15,13,6,2,6,48.15,0,0,0,0,0.838,8,1,1,1,0,0.8571,MEDIUM
TND-000081,BID-001877,27,15,7,0,2,18,25.93,0,0,0,0,0.2864,11,1,1,0,0,0.85,HIGH
TND-000081,BID-000274,27,15,21,1,3,2,77.78,1,0,0,0,0.867,3,1,1,0,1,0.9167,LOW
TND-000082,BID-001402,22,12,4,1,1,16,18.18,1,0,0,0,0.259,8,1,1,0,1,0.85,HIGH
TND-000082,BID-000975,22,12,16,0,1,5,72.73,0,0,0,0,0.9558,3,0,1,0,0,0.8929,LOW
TND-000082,BID-001169,22,12,17,1,1,3,77.27,0,0,0,0,0.8017,5,1,1,1,0,0.7917,MEDIUM
TND-000083,BID-001762,25,14,14,9,0,2,56.0,0,0,0,0,0.8489,5,0,1,0,0,0.8,MEDIUM
TND-000083,BID-001648,25,14,3,1,4,17,12.0,0,0,0,0,0.2942,11,1,1,0,0,0.8,HIGH
TND-000083,BID-000959,25,14,4,0,1,20,16.0,0,0,0,0,0.2173,11,1,1,0,0,0.625,HIGH
TND-000083,BID-001903,25,14,20,2,1,2,80.0,0,0,0,0,0.7205,4,1,1,0,0,0.85,LOW
TND-000083,BID-001703,25,14,24,0,1,0,96.0,0,0,0,0,0.877,1,0,1,0,0,0.875,LOW
TND-000084,BID-000200,25,14,17,1,4,3,68.0,0,0,0,0,0.7495,5,1,1,1,0,0.7,MEDIUM
TND-000084,BID-000911,25,14,24,0,1,0,96.0,0,0,0,0,0.9485,1,0,1,0,0,0.875,LOW
TND-000084,BID-001091,25,14,15,1,0,9,60.0,0,0,0,0,0.8405,4,0,1,0,0,0.8333,MEDIUM
TND-000084,BID-000679,25,14,13,8,1,3,52.0,0,0,0,0,0.8616,5,1,1,0,0,0.7,MEDIUM
TND-000084,BID-000440,25,14,19,1,2,3,76.0,0,0,0,0,0.8479,5,1,1,1,0,0.7083,MEDIUM
TND-000086,BID-000270,24,15,2,0,9,13,8.33,1,0,0,4,0.8529,13,1,0,1,1,0.9167,HIGH
TND-000086,BID-001444,24,15,20,1,1,2,83.33,0,0,0,0,0.7699,3,0,1,1,0,0.7917,LOW
TND-000086,BID-001119,24,15,13,9,0,2,54.17,0,0,0,0,0.8738,7,0,1,1,1,0.6786,MEDIUM
TND-000086,BID-000329,24,15,22,0,1,1,91.67,1,0,0,0,0.7522,2,0,1,0,1,0.75,LOW
TND-000086,BID-000202,24,15,22,0,1,1,91.67,0,0,0,0,0.8975,2,0,1,1,0,0.8214,LOW
TND-000088,BID-001576,22,16,17,0,4,1,77.27,0,3,0,0,0.9532,5,1,1,1,0,0.8333,MEDIUM
TND-000088,BID-000435,22,16,10,10,0,2,45.45,0,0,0,0,0.8482,10,1,1,0,0,0.9167,MEDIUM
TND-000088,BID-001208,22,16,2,0,3,17,9.09,1,0,0,0,0.2045,14,1,1,1,0,0.875,HIGH
TND-000088,BID-000231,22,16,18,0,2,2,81.82,0,0,0,0,0.7863,4,1,1,0,0,0.75,LOW
TND-000090,BID-000987,25,17,19,3,1,2,76.0,1,0,0,0,0.8509,5,1,1,1,1,1.0,LOW
TND-000090,BID-001873,25,17,17,0,4,4,68.0,0,0,0,5,0.8207,7,1,1,1,1,0.875,MEDIUM
TND-000090,BID-000863,25,17,16,7,1,1,64.0,0,0,0,0,0.8403,6,0,1,0,0,0.8333,LOW
TND-000090,BID-000700,25,17,1,0,7,17,4.0,1,4,0,0,0.8329,16,1,1,1,1,0.85,HIGH
TND-000090,BID-000343,25,17,23,0,1,1,92.0,0,0,0,0,0.805,2,0,1,0,0,0.625,LOW
TND-000091,BID-001133,28,19,5,0,2,21,17.86,0,0,0,0,0.2476,15,1,0,0,0,0.75,HIGH
TND-000091,BID-000763,28,19,22,0,5,1,78.57,0,0,0,0,0.7916,4,1,1,0,0,0.9167,LOW
TND-000091,BID-001124,28,19,25,1,2,0,89.29,0,0,0,0,0.7914,3,1,1,0,0,0.8333,LOW
TND-000091,BID-000074,28,19,19,3,4,2,67.86,0,0,0,0,0.8929,7,1,1,1,0,0.875,MEDIUM
TND-000091,BID-000235,28,19,27,1,0,0,96.43,0,0,0,0,0.7946,1,1,0,0,0,0.75,LOW
TND-000093,BID-000731,23,17,11,5,3,4,47.83,0,0,3,0,0.8655,8,1,1,1,0,0.9167,MEDIUM
TND-000093,BID-001387,23,17,20,0,2,1,86.96,0,0,0,0,0.8211,3,1,1,0,0,0.75,LOW
TND-000093,BID-000192,23,17,13,3,1,6,56.52,0,0,0,0,0.8452,6,0,1,1,0,0.75,MEDIUM
TND-000095,BID-001130,22,14,19,3,0,0,86.36,0,0,0,0,0.9031,2,1,1,0,0,0.7857,LOW
TND-000095,BID-002000,22,14,13,7,1,1,59.09,1,0,0,0,0.7864,7,1,1,0,1,0.7917,MEDIUM
TND-000095,BID-001617,22,14,3,0,1,18,13.64,2,0,0,0,0.179,12,0,1,1,1,0.8333,HIGH
TND-000095,BID-001135,22,14,11,8,1,2,50.0,1,0,0,0,0.7759,7,1,1,0,1,0.7917,MEDIUM
TND-000097,BID-001663,24,17,13,0,2,9,54.17,0,0,0,0,0.8309,9,1,1,1,0,0.8333,MEDIUM
TND-000097,BID-000899,24,17,17,0,3,4,70.83,0,0,0,0,0.8393,7,1,1,1,0,0.8333,MEDIUM
TND-000097,BID-001715,24,17,8,4,1,11,33.33,0,0,0,0,0.7783,12,1,1,1,0,0.8333,MEDIUM
TND-000097,BID-001616,24,17,10,7,2,5,41.67,0,0,0,0,0.8425,9,1,1,0,0,0.9167,MEDIUM
TND-000097,BID-000956,24,17,21,0,1,2,87.5,0,0,0,0,0.7244,2,0,1,0,0,0.75,LOW
TND-000098,BID-001625,29,21,24,0,1,4,82.76,0,0,0,0,0.7045,4,0,1,0,0,0.8,LOW
TND-000098,BID-001431,29,21,6,2,1,20,20.69,0,0,0,0,0.2896,16,1,1,0,0,0.95,HIGH
TND-000098,BID-001591,29,21,26,1,0,2,89.66,0,0,0,0,0.9021,3,1,1,0,0,0.9167,LOW
TND-000098,BID-001291,29,21,0,1,16,12,0.0,0,4,0,0,0.7838,21,1,1,1,0,0.875,HIGH
TND-000101,BID-000193,30,22,0,0,17,13,0.0,0,7,0,0,0.9411,22,1,1,1,1,0.8214,HIGH
TND-000101,BID-000184,30,22,11,0,1,18,36.67,1,0,0,0,0.7531,14,1,1,0,1,0.9583,HIGH
TND-000101,BID-001730,30,22,16,3,0,11,53.33,0,0,0,0,0.7667,11,0,1,0,1,0.75,MEDIUM
TND-000101,BID-001856,30,22,17,2,1,10,56.67,1,0,0,0,0.7489,7,1,1,0,1,0.6,MEDIUM
TND-000103,BID-001470,25,16,6,13,1,5,24.0,0,0,0,0,0.7864,13,1,0,1,0,1.0,HIGH
TND-000103,BID-000462,25,16,12,2,0,11,48.0,0,0,0,0,0.7444,8,0,1,1,0,0.75,MEDIUM
TND-000103,BID-000188,25,16,0,5,6,14,0.0,0,0,3,0,0.8962,16,1,1,1,0,0.8333,HIGH
TND-000103,BID-001718,25,16,0,0,11,14,0.0,0,0,5,0,0.8666,16,1,1,1,0,0.8333,HIGH
TND-000103,BID-000932,25,16,21,1,1,2,84.0,0,0,0,0,0.846,3,1,1,0,0,0.85,LOW
TND-000104,BID-000447,24,18,13,11,0,0,54.17,0,0,0,0,0.8657,8,1,0,0,0,0.8214,MEDIUM
TND-000104,BID-000349,24,18,10,5,0,9,41.67,3,0,0,0,0.6734,9,1,1,1,1,0.9167,MEDIUM
TND-000104,BID-000655,24,18,11,0,4,9,45.83,0,3,0,0,0.8288,9,1,1,0,1,0.7083,MEDIUM
TND-000106,BID-001668,29,20,24,0,2,3,82.76,0,0,0,0,0.841,4,1,1,0,0,0.8333,LOW
TND-000106,BID-001581,29,20,14,4,1,10,48.28,0,0,0,0,0.83,12,0,1,0,0,0.9583,MEDIUM
TND-000106,BID-000830,29,20,25,0,1,3,86.21,0,0,0,0,0.701,2,0,1,0,0,0.8,LOW
TND-000107,BID-000666,26,19,25,0,1,0,96.15,0,0,0,0,0.8047,1,0,1,0,0,0.7917,LOW
TND-000107,BID-000888,26,19,4,0,1,21,15.38,0,0,0,0,0.1796,15,0,1,0,0,0.75,HIGH
TND-000107,BID-001336,26,19,25,0,1,0,96.15,0,0,0,0,0.8743,1,0,1,0,0,0.7083,LOW
TND-000108,BID-001189,26,15,23,0,1,2,88.46,0,0,0,0,0.8255,2,0,1,0,0,0.85,LOW
TND-000108,BID-000474,26,15,23,1,2,0,88.46,0,0,0,0,0.9225,2,1,1,0,0,0.7917,LOW
TND-000108,BID-001771,26,15,15,1,0,10,57.69,0,0,0,0,0.8053,8,1,0,1,0,0.8333,MEDIUM
TND-000108,BID-000769,26,15,19,0,5,2,73.08,0,0,0,5,0.8898,5,1,1,1,0,0.7917,MEDIUM
TND-000108,BID-001116,26,15,8,7,2,9,30.77,0,0,0,0,0.8029,10,1,0,0,0,0.875,MEDIUM
TND-000111,BID-001737,27,16,22,2,1,2,81.48,0,0,0,0,0.948,3,1,1,1,0,0.75,LOW
TND-000111,BID-000959,27,16,16,0,4,7,59.26,0,0,0,0,0.8269,6,1,1,1,0,0.65,MEDIUM
TND-000111,BID-000896,27,16,25,0,1,1,92.59,0,0,0,0,0.9158,2,0,1,0,0,0.6667,LOW
TND-000111,BID-001018,27,16,1,0,16,10,3.7,0,0,0,4,0.8007,15,1,1,1,0,0.9583,HIGH
TND-000113,BID-001835,28,21,26,1,0,1,92.86,0,0,0,0,0.8106,2,0,1,1,0,0.7857,LOW
TND-000113,BID-001958,28,21,1,1,5,21,3.57,1,2,0,0,0.3007,20,1,1,1,1,0.9375,HIGH
TND-000113,BID-001680,28,21,0,0,17,11,0.0,0,0,0,5,0.7721,21,1,1,1,1,0.8333,HIGH
TND-000114,BID-000115,30,19,6,0,3,21,20.0,2,0,0,0,0.725,14,1,1,1,0,0.75,HIGH
TND-000114,BID-000579,30,19,26,0,1,3,86.67,0,0,0,0,0.8609,4,1,1,0,0,0.625,LOW
TND-000114,BID-001478,30,19,23,0,3,4,76.67,0,0,0,0,0.7776,5,1,0,0,0,0.7,LOW
TND-000114,BID-001744,30,19,12,9,0,9,40.0,4,0,0,0,0.5951,14,1,1,1,0,0.75,HIGH
TND-000115,BID-000183,25,17,24,0,1,0,96.0,0,0,0,0,0.8075,1,0,1,0,0,0.875,LOW
TND-000115,BID-000309,25,17,21,2,2,0,84.0,0,0,0,0,0.8907,2,1,1,0,0,0.7917,LOW
TND-000115,BID-001731,25,17,17,0,2,6,68.0,0,0,3,0,0.6972,5,1,1,1,0,0.75,MEDIUM
TND-000115,BID-000790,25,17,12,10,2,1,48.0,0,0,0,0,0.8844,10,1,1,1,0,0.875,MEDIUM
TND-000116,BID-000708,26,17,20,1,2,3,76.92,0,0,0,0,0.7592,4,1,1,0,0,0.8333,LOW
TND-000116,BID-001580,26,17,20,0,2,4,76.92,1,0,0,0,0.8022,5,1,1,0,1,0.7917,LOW
TND-000116,BID-000668,26,17,22,1,3,0,84.62,0,0,0,0,0.8233,4,1,1,1,0,0.6429,LOW
TND-000116,BID-000370,26,17,19,0,2,5,73.08,1,0,0,0,0.6871,5,1,0,1,1,0.8,MEDIUM
TND-000117,BID-001329,23,16,20,1,2,0,86.96,0,0,0,0,0.8447,3,1,1,0,0,0.7857,LOW
TND-000117,BID-000917,23,16,13,0,1,9,56.52,0,0,0,0,0.8785,6,1,0,0,0,0.7857,MEDIUM
TND-000117,BID-001846,23,16,12,1,0,10,52.17,0,0,0,0,0.8073,7,0,0,1,0,0.8929,MEDIUM
TND-000117,BID-000718,23,16,2,0,8,13,8.7,0,5,0,0,0.793,15,1,1,1,0,0.75,HIGH
TND-000117,BID-001635,23,16,17,0,0,6,73.91,1,1,0,0,0.7733,5,1,0,1,1,0.9,MEDIUM
TND-000118,BID-001741,23,15,19,0,2,2,82.61,0,0,0,0,0.7977,3,1,1,0,0,0.8333,LOW
TND-000118,BID-000640,23,15,5,0,1,17,21.74,1,0,0,0,0.3381,11,1,1,1,1,0.75,HIGH
TND-000118,BID-001052,23,15,5,3,4,11,21.74,1,0,0,0,0.817,12,1,1,1,1,0.875,HIGH
TND-000118,BID-000328,23,15,19,0,1,3,82.61,0,0,0,0,0.9097,3,1,1,0,0,0.7857,LOW
TND-000119,BID-001060,27,17,6,0,13,8,22.22,0,0,0,4,0.9026,12,1,1,1,0,0.75,HIGH
TND-000119,BID-001396,27,17,17,6,0,4,62.96,0,0,0,0,0.8226,6,1,0,0,0,0.9167,MEDIUM
TND-000119,BID-000694,27,17,3,5,0,19,11.11,0,0,0,0,0.3724,14,1,0,0,0,0.8,HIGH
TND-000119,BID-000268,27,17,23,0,1,3,85.19,0,0,0,0,0.6971,4,0,1,0,0,0.8,LOW
TND-000119,BID-001634,27,17,5,1,1,20,18.52,0,0,0,0,0.3841,12,1,1,1,0,0.85,HIGH
TND-000121,BID-000311,23,13,15,3,3,2,65.22,0,0,0,0,0.8598,6,1,1,1,0,0.8,MEDIUM
TND-000121,BID-001621,23,13,22,0,0,1,95.65,0,0,0,0,0.7159,0,0,0,0,0,0.95,LOW
TND-000121,BID-001492,23,13,22,1,0,0,95.65,0,0,0,0,0.7742,1,0,0,1,0,0.8333,LOW
TND-000122,BID-001506,23,15,20,1,1,1,86.96,0,0,0,0,0.9186,3,0,1,1,0,0.9167,LOW
TND-000122,BID-000894,23,15,20,1,2,0,86.96,0,0,0,0,0.853,2,1,1,0,0,0.8333,LOW
TND-000122,BID-001939,23,15,0,0,6,17,0.0,0,4,0,0,0.2964,15,1,1,1,0,1.0,HIGH
TND-000122,BID-000809,23,15,2,0,8,13,8.7,0,0,3,0,0.8717,13,1,1,0,0,0.75,HIGH
TND-000122,BID-001152,23,15,1,0,1,21,4.35,5,0,0,0,0.1072,14,1,1,1,0,0.75,HIGH
TND-000124,BID-001689,26,16,0,0,13,13,0.0,0,0,7,0,0.8593,16,1,1,1,1,0.9286,HIGH
TND-000124,BID-000913,26,16,3,1,1,21,11.54,0,0,0,0,0.2572,14,1,1,1,0,0.8,HIGH
TND-000124,BID-000640,26,16,18,4,0,4,69.23,0,0,0,0,0.866,7,1,1,1,1,0.8571,MEDIUM
TND-000125,BID-000416,25,18,12,2,3,8,48.0,0,0,0,0,0.9326,9,1,1,1,0,0.875,MEDIUM
TND-000125,BID-001605,25,18,11,0,1,13,44.0,0,0,0,0,0.8648,10,1,1,0,0,0.7917,MEDIUM
TND-000125,BID-000612,25,18,3,0,0,22,12.0,0,0,0,0,0.1958,15,0,1,1,0,0.9375,HIGH
TND-000126,BID-000090,30,22,30,0,0,0,100.0,0,0,0,0,0.8648,0,0,0,0,0,0.7917,LOW
TND-000126,BID-001648,30,22,2,2,6,20,6.67,0,0,0,3,0.8267,21,1,1,1,0,0.9167,HIGH
TND-000126,BID-000678,30,22,14,14,0,2,46.67,0,0,0,0,0.8797,11,1,0,0,0,0.875,MEDIUM
TND-000126,BID-001573,30,22,17,11,0,2,56.67,0,0,0,0,0.778,7,0,0,0,0,0.8,LOW
TND-000126,BID-000646,30,22,21,0,2,7,70.0,0,0,0,0,0.7949,4,1,0,0,0,0.875,LOW
TND-000127,BID-000270,25,17,1,2,2,20,4.0,1,2,0,0,0.3134,16,1,1,1,1,0.9,HIGH
TND-000127,BID-001741,25,17,19,0,2,4,76.0,1,0,0,0,0.7332,4,1,0,1,1,0.95,LOW
TND-000127,BID-001954,25,17,20,1,1,3,80.0,1,0,0,0,0.8318,4,1,1,1,1,0.875,LOW
TND-000129,BID-000934,24,15,15,6,2,1,62.5,0,0,0,0,0.9275,5,1,1,0,0,0.7083,LOW
TND-000129,BID-001172,24,15,10,9,2,3,41.67,0,0,0,0,0.8964,8,1,1,0,0,0.9167,MEDIUM
TND-000129,BID-000875,24,15,13,10,1,0,54.17,0,0,0,0,0.8441,6,0,1,0,0,0.8333,MEDIUM
TND-000129,BID-001643,24,15,19,1,3,1,79.17,0,0,0,0,0.9678,3,1,1,1,0,0.7917,LOW
TND-000130,BID-000496,23,15,9,6,2,6,39.13,2,0,0,0,0.8038,11,1,1,1,0,0.875,HIGH
TND-000130,BID-001112,23,15,18,2,1,2,78.26,0,0,0,0,0.8173,3,1,1,1,0,0.7,LOW
TND-000130,BID-001818,23,15,1,1,1,20,4.35,0,0,0,0,0.3068,14,1,1,1,0,0.9,HIGH
TND-000130,BID-001410,23,15,13,1,2,7,56.52,0,0,0,0,0.8324,7,1,1,1,0,0.9583,MEDIUM
TND-000130,BID-000938,23,15,10,8,3,2,43.48,0,0,0,0,0.7778,9,1,1,0,0,0.8,MEDIUM
TND-000133,BID-000038,29,16,26,1,1,1,89.66,0,0,0,0,0.8498,3,0,1,1,0,0.7917,LOW
TND-000133,BID-000675,29,16,6,0,1,22,20.69,0,0,0,0,0.2289,12,0,1,0,0,1.0,HIGH
TND-000133,BID-001965,29,16,6,0,1,22,20.69,0,0,0,0,0.2248,12,0,1,0,0,1.0,HIGH
TND-000133,BID-000136,29,16,23,1,1,4,79.31,0,0,0,0,0.9024,4,1,1,0,0,0.875,LOW
TND-000133,BID-001237,29,16,25,3,1,0,86.21,0,0,0,0,0.8474,3,1,1,0,0,0.8333,LOW
TND-000134,BID-001716,29,20,2,0,12,15,6.9,0,5,0,0,0.8649,18,1,1,1,0,0.9167,HIGH
TND-000134,BID-001964,29,20,18,10,0,1,62.07,0,0,0,0,0.8259,8,1,1,0,0,0.75,MEDIUM
TND-000134,BID-001914,29,20,16,0,2,11,55.17,0,0,0,0,0.8957,7,1,1,0,0,0.875,MEDIUM
TND-000135,BID-000752,25,14,16,1,2,6,64.0,1,0,0,0,0.7147,5,1,1,0,1,0.9,MEDIUM
TND-000135,BID-001302,25,14,18,0,1,6,72.0,0,0,0,0,0.7798,4,1,1,1,1,0.75,LOW
TND-000135,BID-000168,25,14,20,1,1,3,80.0,0,0,0,0,0.7627,2,1,1,0,0,0.8333,LOW
TND-000135,BID-001852,25,14,3,0,1,21,12.0,0,0,0,0,0.2192,11,1,1,1,0,0.65,HIGH
TND-000135,BID-000250,25,14,14,9,1,1,56.0,0,0,0,0,0.9141,7,0,1,1,0,0.7857,MEDIUM
TND-000136,BID-001600,22,13,19,1,1,1,86.36,0,0,0,0,0.7992,3,0,1,1,0,0.8333,LOW
TND-000136,BID-000205,22,13,13,0,1,8,59.09,0,0,0,0,0.8004,5,0,1,1,0,0.95,MEDIUM
TND-000136,BID-000185,22,13,17,0,5,0,77.27,0,0,0,0,0.8435,4,1,1,0,0,0.9583,LOW
TND-000136,BID-000519,22,13,7,14,1,0,31.82,0,0,0,0,0.8726,10,1,1,0,0,0.9583,MEDIUM
TND-000137,BID-000049,28,17,24,1,1,2,85.71,0,0,0,0,0.8137,4,1,1,1,0,1.0,LOW
TND-000137,BID-001731,28,17,20,1,3,4,71.43,0,0,0,0,0.7127,6,1,1,1,0,0.9,MEDIUM
TND-000137,BID-000592,28,17,25,1,1,1,89.29,0,0,0,0,0.9024,2,1,1,0,0,0.7917,LOW
TND-000137,BID-001311,28,17,8,0,1,19,28.57,0,0,0,0,0.2884,11,0,1,0,0,0.75,HIGH
TND-000138,BID-000437,22,15,11,8,1,2,50.0,1,0,0,0,0.7773,7,1,1,0,1,0.7917,MEDIUM
TND-000138,BID-000403,22,15,19,0,1,2,86.36,0,0,0,0,0.7589,2,0,1,0,0,0.9583,LOW
TND-000138,BID-000917,22,15,11,7,3,1,50.0,0,0,0,0,0.8374,9,1,0,0,0,0.8929,MEDIUM
TND-000138,BID-000207,22,15,3,2,4,13,13.64,0,0,0,0,0.3975,12,1,1,1,0,0.8333,HIGH
TND-000138,BID-000321,22,15,18,0,0,4,81.82,1,0,0,0,0.6476,3,0,0,1,1,0.85,LOW
TND-000139,BID-001298,22,16,19,1,1,1,86.36,0,0,0,0,0.91,3,1,0,1,0,0.875,LOW
TND-000139,BID-001771,22,16,20,0,2,0,90.91,0,0,0,0,0.9181,2,1,1,0,0,0.9167,LOW
TND-000139,BID-001819,22,16,18,0,0,4,81.82,0,0,0,0,0.807,3,0,1,1,0,0.8,LOW
TND-000139,BID-000417,22,16,19,0,1,2,86.36,0,0,0,0,0.8821,3,1,0,1,0,0.9167,LOW
TND-000140,BID-001038,28,19,18,0,1,9,64.29,6,0,0,0,0.5847,8,1,1,1,0,0.75,MEDIUM
TND-000140,BID-001610,28,19,9,0,6,13,32.14,0,3,0,0,0.856,14,1,1,1,0,0.7917,HIGH
TND-000140,BID-001692,28,19,25,0,3,0,89.29,0,0,0,0,0.8828,3,1,1,0,0,0.6667,LOW
TND-000143,BID-001166,27,17,5,0,12,10,18.52,0,0,2,0,0.8064,14,1,1,1,0,0.75,HIGH
TND-000143,BID-001503,27,17,2,1,1,23,7.41,0,0,0,0,0.2141,16,1,1,1,0,0.9375,HIGH
TND-000143,BID-000532,27,17,24,0,2,1,88.89,0,0,0,0,0.7905,3,1,1,1,0,0.875,LOW
TND-000143,BID-001779,27,17,7,10,1,9,25.93,0,0,0,0,0.7672,13,1,1,1,0,0.75,HIGH
TND-000143,BID-001701,27,17,19,1,3,4,70.37,0,0,0,0,0.7633,4,1,1,0,0,0.8,LOW
TND-000144,BID-001696,30,20,16,1,0,13,53.33,0,0,0,0,0.8895,10,1,1,1,0,0.9286,MEDIUM
TND-000144,BID-001615,30,20,20,7,1,2,66.67,0,0,0,0,0.7955,7,0,1,0,0,0.75,LOW
TND-000144,BID-001705,30,20,0,0,16,14,0.0,1,0,0,6,0.8206,20,1,1,1,1,0.7917,HIGH
TND-000145,BID-001216,30,22,3,0,8,19,10.0,0,0,0,0,0.3249,19,1,1,0,0,0.8,HIGH
TND-000145,BID-001644,30,22,12,0,5,13,40.0,0,0,0,0,0.8421,15,1,1,1,0,0.85,MEDIUM
TND-000145,BID-000221,30,22,23,4,3,0,76.67,0,0,0,0,0.855,6,1,1,0,0,0.75,LOW
TND-000146,BID-001327,26,19,20,4,2,0,76.92,0,0,0,0,0.7826,4,1,1,0,0,0.7083,LOW
TND-000146,BID-001918,26,19,13,11,1,1,50.0,0,0,0,0,0.85,9,1,1,1,0,0.9167,MEDIUM
TND-000146,BID-000985,26,19,5,1,4,16,19.23,0,0,0,0,0.3837,15,1,1,0,0,0.85,HIGH
TND-000146,BID-000357,26,19,22,0,4,0,84.62,0,0,0,0,0.916,3,1,1,0,0,0.8333,LOW
TND-000147,BID-001041,27,20,7,15,5,0,25.93,0,0,0,0,0.8687,13,1,1,0,0,0.8571,MEDIUM
TND-000147,BID-002000,27,20,12,0,2,13,44.44,1,0,0,0,0.811,12,1,1,1,1,0.7917,MEDIUM
TND-000147,BID-001028,27,20,3,0,5,19,11.11,1,0,0,0,0.3252,17,1,1,0,1,0.75,HIGH
TND-000147,BID-000425,27,20,23,0,2,2,85.19,1,0,0,0,0.7267,4,1,1,0,1,0.95,LOW
TND-000148,BID-001661,26,15,15,8,0,3,57.69,0,0,0,0,0.8222,5,1,0,0,0,0.875,MEDIUM
TND-000148,BID-000269,26,15,21,1,0,4,80.77,0,0,0,0,0.7115,4,0,0,1,0,0.95,LOW
TND-000148,BID-001423,26,15,21,0,0,5,80.77,0,0,0,0,0.7967,2,1,0,1,0,0.75,LOW
TND-000148,BID-001829,26,15,5,0,1,20,19.23,1,0,0,0,0.3323,11,1,1,1,0,0.625,HIGH
TND-000148,BID-001664,26,15,18,2,0,6,69.23,1,0,0,0,0.7007,4,1,1,0,0,0.875,MEDIUM
TND-000149,BID-001447,29,21,24,0,4,1,82.76,0,0,0,0,0.8471,5,1,1,0,0,0.9167,LOW
TND-000149,BID-000826,29,21,2,0,2,25,6.9,3,0,0,0,0.145,19,1,1,1,0,0.75,HIGH
TND-000149,BID-001829,29,21,19,0,1,9,65.52,0,0,0,0,0.8378,7,0,1,0,0,0.8333,MEDIUM
TND-000149,BID-000946,29,21,0,1,6,22,0.0,0,4,0,0,0.3336,21,1,1,1,0,0.85,HIGH
TND-000149,BID-001760,29,21,22,0,2,5,75.86,0,0,0,0,0.689,6,1,1,0,0,0.7,LOW
TND-000150,BID-000643,28,18,1,2,12,13,3.57,0,0,0,4,0.8057,17,1,1,1,0,0.9167,HIGH
TND-000150,BID-001825,28,18,24,1,1,2,85.71,0,0,0,0,0.9206,4,0,1,1,0,0.8333,LOW
TND-000150,BID-000155,28,18,3,2,2,21,10.71,0,0,0,0,0.3061,15,1,1,0,0,0.6,HIGH
TND-000150,BID-000066,28,18,15,0,1,12,53.57,0,0,0,0,0.8768,8,0,1,0,0,0.7917,MEDIUM
TND-000151,BID-001177,22,15,22,0,0,0,100.0,0,0,0,0,0.8228,0,0,0,0,0,0.9286,LOW
TND-000151,BID-000655,22,15,20,0,2,0,90.91,0,0,0,0,0.8168,2,1,0,0,0,0.8929,LOW
TND-000151,BID-001617,22,15,17,0,1,4,77.27,0,0,0,0,0.8439,4,1,1,0,0,0.75,LOW
TND-000151,BID-000181,22,15,11,9,1,1,50.0,0,0,0,0,0.8276,6,1,0,0,0,0.75,MEDIUM
TND-000151,BID-000272,22,15,21,0,0,1,95.45,1,0,0,0,0.8416,1,0,0,0,1,0.75,LOW
TND-000152,BID-001826,25,18,14,6,1,4,56.0,1,0,0,0,0.8005,6,1,1,0,1,0.85,MEDIUM
TND-000152,BID-000132,25,18,9,7,5,4,36.0,0,5,0,0,0.8443,13,1,1,1,1,0.8929,HIGH
TND-000152,BID-001090,25,18,21,2,1,1,84.0,0,0,0,0,0.8591,2,1,1,0,1,0.8214,LOW
TND-000152,BID-000287,25,18,1,0,10,14,4.0,0,0,0,6,0.842,17,1,1,1,1,0.75,HIGH
TND-000152,BID-000586,25,18,18,2,3,2,72.0,0,0,0,0,0.8818,5,1,1,1,0,0.875,LOW
TND-000153,BID-001697,28,16,14,1,3,10,50.0,0,0,0,0,0.7348,7,1,1,0,0,0.75,MEDIUM
TND-000153,BID-000071,28,16,24,0,3,1,85.71,0,0,0,0,0.8369,2,1,0,0,0,0.9583,LOW
TND-000153,BID-000194,28,16,23,0,2,3,82.14,0,0,0,0,0.8893,4,1,0,1,0,0.7917,LOW
TND-000153,BID-001866,28,16,23,1,4,0,82.14,0,0,0,0,0.7784,4,1,0,1,0,0.7917,LOW
TND-000153,BID-000364,28,16,21,0,3,4,75.0,0,0,0,0,0.8013,6,1,1,0,0,0.7,LOW
TND-000156,BID-001517,29,18,23,2,1,3,79.31,0,0,0,0,0.7879,4,1,1,1,0,0.6,LOW
TND-000156,BID-001506,29,18,23,3,1,2,79.31,0,0,0,0,0.9305,4,1,1,1,0,0.7083,LOW
TND-000156,BID-001089,29,18,18,9,2,0,62.07,0,0,0,0,0.8558,8,1,1,1,0,0.9583,MEDIUM
TND-000156,BID-000968,29,18,14,4,1,10,48.28,0,0,0,0,0.7713,9,0,1,0,0,0.95,MEDIUM
TND-000156,BID-000541,29,18,25,1,3,0,86.21,0,0,0,0,0.8268,3,1,1,1,0,0.7083,LOW
TND-000157,BID-001874,28,16,7,0,2,19,25.0,1,0,0,0,0.3405,12,1,1,0,1,0.85,HIGH
TND-000157,BID-001196,28,16,23,0,4,1,82.14,1,0,0,0,0.866,4,1,1,0,1,0.875,LOW
TND-000157,BID-000788,28,16,10,14,3,1,35.71,1,0,0,0,0.7864,10,1,1,1,1,0.875,MEDIUM
TND-000160,BID-000047,27,16,10,0,2,15,37.04,1,4,0,0,0.8292,10,1,1,1,1,0.7083,HIGH
TND-000160,BID-001801,27,16,13,10,1,3,48.15,0,0,0,0,0.8484,6,1,1,0,1,0.9286,MEDIUM
TND-000160,BID-000042,27,16,24,0,3,0,88.89,0,0,0,0,0.855,2,1,0,0,0,0.7143,LOW
TND-000160,BID-000021,27,16,22,3,2,0,81.48,0,0,0,0,0.8084,3,1,1,0,0,0.7143,LOW
TND-000160,BID-001393,27,16,22,2,0,3,81.48,1,0,0,0,0.7369,5,0,1,1,1,0.95,MEDIUM
TND-000164,BID-001906,28,16,3,1,4,20,10.71,1,0,0,0,0.2445,13,1,0,1,1,0.875,HIGH
TND-000164,BID-000484,28,16,1,0,1,26,3.57,7,0,0,0,0.0836,15,1,1,1,1,1.0,HIGH
TND-000164,BID-000072,28,16,13,11,1,3,46.43,0,0,0,0,0.8055,7,1,0,0,0,0.7917,MEDIUM
TND-000164,BID-001207,28,16,11,3,1,13,39.29,1,0,0,0,0.8179,9,1,1,1,1,0.9167,MEDIUM
TND-000164,BID-000020,28,16,12,6,6,4,42.86,1,0,0,0,0.8227,10,1,1,0,1,0.8333,MEDIUM
TND-000165,BID-001035,30,19,14,11,2,3,46.67,0,0,1,0,0.877,10,1,1,1,0,0.875,MEDIUM
TND-000165,BID-000854,30,19,20,0,0,10,66.67,0,0,0,0,0.8049,6,0,1,1,0,0.8333,MEDIUM
TND-000165,BID-000283,30,19,10,3,4,13,33.33,0,0,0,3,0.7105,13,1,1,1,0,0.85,HIGH
TND-000166,BID-000783,22,16,14,1,1,6,63.64,0,0,0,0,0.8276,6,1,0,1,0,0.7083,MEDIUM
TND-000166,BID-001911,22,16,20,1,0,1,90.91,0,0,0,0,0.8586,2,1,1,0,0,0.9167,LOW
TND-000166,BID-000870,22,16,10,6,1,5,45.45,0,0,0,0,0.886,9,1,0,0,0,0.8333,MEDIUM
TND-000168,BID-001867,29,20,24,0,2,3,82.76,0,0,0,0,0.8119,5,1,1,0,0,0.875,LOW
TND-000168,BID-000027,29,20,24,0,3,2,82.76,0,0,0,0,0.8308,5,1,1,0,0,0.9167,LOW
TND-000168,BID-000870,29,20,21,4,2,2,72.41,0,0,0,0,0.795,7,1,1,1,0,0.6667,MEDIUM
TND-000169,BID-000424,26,19,18,3,1,4,69.23,1,0,0,0,0.7668,7,1,1,1,1,0.8333,MEDIUM
TND-000169,BID-000477,26,19,1,0,14,11,3.85,0,6,0,0,0.776,18,1,1,1,0,0.8571,HIGH
TND-000169,BID-000817,26,19,20,0,2,4,76.92,0,0,0,0,0.7914,5,1,1,0,0,0.875,LOW
TND-000170,BID-000269,26,16,23,0,1,2,88.46,0,0,0,0,0.7978,2,0,1,0,0,0.7,LOW
TND-000170,BID-000550,26,16,20,2,3,1,76.92,0,0,0,0,0.8208,6,1,1,1,0,0.75,LOW
TND-000170,BID-001975,26,16,25,0,0,1,96.15,0,0,0,0,0.8088,1,0,1,0,0,0.7083,LOW
TND-000170,BID-000445,26,16,12,6,2,6,46.15,0,0,0,0,0.8337,8,1,1,0,0,0.85,MEDIUM
TND-000171,BID-001279,26,15,25,1,0,0,96.15,0,0,0,0,0.795,1,0,0,0,1,0.75,LOW
TND-000171,BID-000786,26,15,18,0,3,5,69.23,0,0,0,0,0.8628,5,1,0,1,0,0.7857,LOW
TND-000171,BID-000919,26,15,22,1,2,1,84.62,1,0,0,0,0.8074,4,1,1,1,1,0.7917,LOW
TND-000171,BID-000143,26,15,6,12,1,7,23.08,0,0,0,0,0.8225,12,1,1,0,1,0.8929,HIGH
TND-000173,BID-001801,29,19,7,0,14,8,24.14,0,0,0,3,0.8891,13,0,0,1,0,0.8214,HIGH
TND-000173,BID-000510,29,19,24,0,4,1,82.76,0,0,0,0,0.8198,4,1,0,0,0,0.6429,LOW
TND-000173,BID-001230,29,19,26,0,2,1,89.66,0,0,0,0,0.8028,3,1,0,0,1,0.9286,LOW
TND-000173,BID-001956,29,19,29,0,0,0,100.0,0,0,0,0,0.829,0,0,0,0,0,0.7857,LOW
TND-000175,BID-000727,22,16,13,6,1,2,59.09,0,0,0,0,0.737,7,1,0,0,0,0.6,MEDIUM
TND-000175,BID-001283,22,16,17,5,0,0,77.27,0,0,0,0,0.87,4,1,0,0,0,0.7083,LOW
TND-000175,BID-000100,22,16,20,0,0,2,90.91,0,0,0,0,0.8782,2,0,0,0,0,0.9583,LOW
TND-000176,BID-001045,24,18,20,0,3,1,83.33,0,0,0,0,0.9099,3,1,1,0,0,0.7917,LOW
TND-000176,BID-000761,24,18,1,2,0,21,4.17,0,0,0,0,0.2445,17,1,1,1,0,0.5625,HIGH
TND-000176,BID-001918,24,18,16,3,1,4,66.67,0,0,0,0,0.872,6,1,1,1,0,0.875,MEDIUM
TND-000176,BID-001833,24,18,21,1,2,0,87.5,0,0,0,0,0.8976,2,1,1,0,0,0.9583,LOW
TND-000176,BID-001415,24,18,15,1,0,8,62.5,0,0,0,0,0.8337,7,1,1,0,0,0.7083,MEDIUM
TND-000177,BID-001243,25,18,23,0,1,1,92.0,0,0,0,0,0.8165,2,0,1,1,0,0.7917,LOW
TND-000177,BID-000579,25,18,19,0,2,4,76.0,0,0,0,0,0.7826,6,1,0,1,0,0.625,LOW
TND-000177,BID-000480,25,18,1,0,13,11,4.0,0,5,0,0,0.7734,17,1,1,1,0,0.8333,HIGH
TND-000179,BID-001523,29,18,20,0,4,5,68.97,0,0,0,3,0.7876,6,1,1,1,0,0.9,MEDIUM
TND-000179,BID-000678,29,18,12,3,1,13,41.38,0,0,0,0,0.8124,10,1,1,0,0,0.8333,MEDIUM
TND-000179,BID-000090,29,18,26,2,1,0,89.66,0,0,0,0,0.83,2,0,1,0,0,0.875,LOW
TND-000179,BID-001442,29,18,15,7,2,5,51.72,0,0,0,0,0.7443,8,1,1,1,0,0.95,MEDIUM
TND-000179,BID-000800,29,18,23,1,0,5,79.31,0,0,0,0,0.7203,4,0,0,1,0,0.85,LOW
TND-000181,BID-001605,25,17,23,1,1,0,92.0,0,0,0,0,0.8049,1,1,0,0,0,0.75,LOW
TND-000181,BID-001312,25,17,17,0,0,8,68.0,0,0,0,0,0.8087,4,1,1,0,0,0.8333,LOW
TND-000181,BID-000546,25,17,23,0,2,0,92.0,0,0,0,0,0.7716,1,1,1,0,0,0.875,LOW
TND-000181,BID-000288,25,17,18,0,2,5,72.0,0,0,0,0,0.7209,4,1,1,1,0,0.7,LOW
TND-000181,BID-000849,25,17,16,3,1,5,64.0,0,0,0,0,0.8153,5,1,1,0,0,0.9167,LOW
TND-000183,BID-001287,26,19,22,0,2,2,84.62,0,0,0,0,0.7743,2,1,0,0,0,0.8333,LOW
TND-000183,BID-001886,26,19,11,6,1,8,42.31,0,0,0,0,0.8052,10,1,0,0,0,0.625,MEDIUM
TND-000183,BID-000228,26,19,6,1,1,18,23.08,0,0,0,0,0.2804,15,1,1,0,0,0.75,HIGH
TND-000184,BID-001526,29,16,22,0,0,7,75.86,0,0,0,0,0.9089,5,0,1,0,0,0.8333,LOW
TND-000184,BID-001523,29,16,13,11,1,4,44.83,0,0,0,0,0.8059,7,1,1,1,0,0.9,MEDIUM
TND-000184,BID-000898,29,16,18,1,0,10,62.07,0,0,0,0,0.8372,7,0,0,1,0,0.7917,MEDIUM
TND-000184,BID-000852,29,16,0,0,9,20,0.0,0,5,0,0,0.8387,16,1,1,1,0,0.95,HIGH
TND-000185,BID-001311,30,21,14,0,1,15,46.67,0,0,3,0,0.9,12,1,1,1,0,0.75,MEDIUM
TND-000185,BID-000797,30,21,12,2,0,16,40.0,0,0,0,0,0.8463,11,1,1,0,0,0.65,MEDIUM
TND-000185,BID-000583,30,21,10,12,0,8,33.33,4,0,0,0,0.6081,17,1,1,1,0,0.875,HIGH
TND-000185,BID-001339,30,21,25,2,3,0,83.33,0,0,0,0,0.909,5,1,1,1,0,0.8333,LOW
TND-000185,BID-001291,30,21,12,13,1,4,40.0,2,0,0,0,0.8301,14,1,1,1,0,0.625,MEDIUM
TND-000187,BID-000836,24,15,3,0,11,10,12.5,0,0,3,0,0.8455,12,1,1,1,0,0.8,HIGH
TND-000187,BID-001030,24,15,16,7,0,1,66.67,0,0,0,0,0.7872,6,0,1,0,0,0.9,MEDIUM
TND-000187,BID-000870,24,15,17,0,6,1,70.83,0,0,0,0,0.8431,6,1,0,1,0,0.9167,LOW
TND-000188,BID-000990,28,20,21,6,1,0,75.0,0,0,0,0,0.8263,5,0,1,0,0,0.8571,LOW
TND-000188,BID-002000,28,20,10,10,4,4,35.71,0,0,0,0,0.8885,15,1,1,1,1,0.9286,MEDIUM
TND-000188,BID-001441,28,20,20,0,4,4,71.43,0,0,0,3,0.8377,7,1,1,1,0,0.8333,MEDIUM
TND-000188,BID-001024,28,20,25,1,2,0,89.29,0,0,0,0,0.8405,3,1,1,0,1,0.7857,LOW
TND-000188,BID-001985,28,20,22,0,6,0,78.57,0,0,0,0,0.7928,5,1,1,0,0,0.75,LOW
TND-000190,BID-000743,27,20,17,8,0,2,62.96,0,0,0,0,0.8762,8,1,1,0,0,0.8333,MEDIUM
TND-000190,BID-001887,27,20,23,0,1,3,85.19,0,0,0,0,0.8569,4,0,1,1,0,0.95,LOW
TND-000190,BID-001536,27,20,23,1,3,0,85.19,0,0,0,0,0.8725,2,1,1,0,0,0.875,LOW
TND-000190,BID-000797,27,20,0,1,8,18,0.0,0,0,0,3,0.817,20,1,1,1,0,0.9,HIGH
TND-000194,BID-001993,27,18,22,0,4,1,81.48,0,0,0,0,0.7356,4,1,0,0,0,0.75,LOW
TND-000194,BID-000478,27,18,22,0,2,3,81.48,0,0,0,0,0.7913,4,1,1,0,0,0.95,LOW
TND-000194,BID-000970,27,18,3,0,1,23,11.11,0,0,0,0,0.2781,15,1,1,0,0,0.9,HIGH
TND-000195,BID-001325,28,19,20,0,3,5,71.43,0,4,0,0,0.7741,7,1,1,1,0,0.9583,MEDIUM
TND-000195,BID-000884,28,19,2,0,4,22,7.14,0,0,3,0,0.2963,17,1,1,0,0,0.9,HIGH
TND-000195,BID-000735,28,19,24,0,1,3,85.71,0,0,0,0,0.781,3,1,0,0,0,0.85,LOW
TND-000196,BID-000505,22,12,13,5,1,3,59.09,0,0,0,0,0.8186,5,1,1,0,0,0.625,MEDIUM
TND-000196,BID-001531,22,12,15,0,1,6,68.18,0,0,0,0,0.9118,4,0,1,1,0,0.7857,MEDIUM
TND-000196,BID-000151,22,12,18,0,0,4,81.82,0,0,0,0,0.8219,4,1,1,0,0,0.7857,LOW
TND-000199,BID-001808,26,15,23,2,0,1,88.46,0,0,0,0,0.7994,2,1,0,0,0,0.75,LOW
TND-000199,BID-000696,26,15,17,0,0,9,65.38,0,0,0,0,0.8195,5,1,0,0,0,0.9,MEDIUM
TND-000199,BID-000999,26,15,23,0,3,0,88.46,0,0,0,0,0.7891,3,1,1,0,0,0.9583,LOW
TND-000199,BID-001567,26,15,10,1,3,12,38.46,0,0,0,0,0.813,9,1,1,1,0,0.95,MEDIUM
TND-000200,BID-001265,28,19,8,1,2,17,28.57,0,0,0,0,0.8139,12,1,1,1,0,0.85,MEDIUM
TND-000200,BID-000588,28,19,10,7,1,10,35.71,0,0,0,0,0.8747,13,1,0,0,0,0.875,MEDIUM
TND-000200,BID-001603,28,19,0,0,15,13,0.0,0,6,0,0,0.9008,19,1,1,1,0,0.75,HIGH
TND-000200,BID-001010,28,19,1,0,13,14,3.57,0,0,3,0,0.885,18,1,1,1,0,0.85,HIGH
TND-000201,BID-001213,27,15,18,2,4,3,66.67,0,4,0,0,0.8035,5,1,1,1,0,0.8333,MEDIUM
TND-000201,BID-001341,27,15,13,1,0,13,48.15,0,0,0,0,0.8729,8,0,1,1,0,0.6667,MEDIUM
TND-000201,BID-000316,27,15,15,3,4,5,55.56,0,0,3,0,0.9203,7,1,1,1,0,0.9583,MEDIUM
TND-000201,BID-001604,27,15,22,0,0,5,81.48,0,0,0,0,0.8545,3,0,0,1,0,0.8333,LOW
TND-000201,BID-001995,27,15,13,11,0,3,48.15,0,0,0,0,0.8467,7,1,0,1,0,0.875,MEDIUM
TND-000202,BID-000968,28,20,4,1,3,20,14.29,0,0,0,0,0.2921,18,1,1,1,0,0.6875,HIGH
TND-000202,BID-001920,28,20,23,2,2,1,82.14,0,0,0,0,0.8302,5,1,1,1,0,0.7917,LOW
TND-000202,BID-000642,28,20,17,0,1,10,60.71,0,0,0,0,0.6959,9,1,1,1,0,0.85,MEDIUM
TND-000203,BID-001261,23,13,17,0,3,3,73.91,0,4,0,0,0.7773,5,1,1,1,0,0.9583,MEDIUM
TND-000203,BID-000365,23,13,2,0,6,15,8.7,0,3,0,0,0.873,11,1,1,0,0,0.875,HIGH
TND-000203,BID-000696,23,13,17,4,1,1,73.91,0,0,0,0,0.7854,5,1,1,1,0,0.85,MEDIUM
TND-000203,BID-000264,23,13,12,8,2,1,52.17,0,0,0,0,0.8717,8,1,1,1,0,0.75,MEDIUM
TND-000203,BID-000532,23,13,20,0,3,0,86.96,0,0,0,0,0.9253,3,1,1,0,0,0.7917,LOW
TND-000206,BID-001436,25,18,3,1,0,21,12.0,1,0,0,0,0.1617,15,0,1,1,0,1.0,HIGH
TND-000206,BID-000135,25,18,0,1,0,24,0.0,3,0,0,0,0.0947,18,1,1,1,0,0.625,HIGH
TND-000206,BID-000657,25,18,18,2,2,3,72.0,0,2,0,0,0.6939,7,1,1,1,0,0.85,MEDIUM
TND-000208,BID-000300,29,18,15,0,1,13,51.72,0,0,0,0,0.8396,8,0,1,0,0,0.75,MEDIUM
TND-000208,BID-000878,29,18,1,0,0,28,3.45,4,0,0,0,0.0886,17,1,1,1,0,1.0,HIGH
TND-000208,BID-000365,29,18,22,1,3,3,75.86,0,0,3,0,0.849,5,1,1,1,0,0.8333,MEDIUM
TND-000208,BID-000836,29,18,26,0,0,3,89.66,0,0,0,0,0.8198,2,1,0,0,0,0.9,LOW
TND-000208,BID-001589,29,18,22,0,2,5,75.86,0,0,0,0,0.7733,5,1,1,1,0,0.875,LOW
TND-000209,BID-000297,25,14,20,3,1,1,80.0,0,0,0,0,0.901,4,1,1,1,0,0.9643,LOW
TND-000209,BID-001847,25,14,16,1,1,7,64.0,0,0,0,0,0.8479,5,1,0,0,1,0.7917,MEDIUM
TND-000209,BID-001321,25,14,13,0,2,10,52.0,0,0,0,0,0.7851,5,1,0,1,0,0.7083,MEDIUM
TND-000209,BID-000940,25,14,22,2,0,1,88.0,1,0,0,0,0.7618,2,1,0,0,1,0.8333,LOW
TND-000209,BID-000846,25,14,19,0,0,6,76.0,1,0,0,0,0.9062,5,1,1,1,1,0.8333,MEDIUM
TND-000210,BID-000739,24,16,11,8,5,0,45.83,0,0,0,0,0.8148,8,1,1,0,0,0.8571,MEDIUM
TND-000210,BID-000232,24,16,20,1,1,2,83.33,0,0,0,0,0.8239,3,1,1,0,0,0.7143,LOW
TND-000210,BID-001869,24,16,18,0,1,5,75.0,1,0,0,0,0.7466,5,1,1,0,1,0.875,MEDIUM
TND-000212,BID-001252,27,19,0,0,1,26,0.0,0,0,0,0,0.1794,19,1,1,1,0,0.875,HIGH
TND-000212,BID-001951,27,19,1,0,13,13,3.7,0,5,0,0,0.9465,18,1,1,1,0,0.7083,HIGH
TND-000212,BID-001512,27,19,23,1,2,1,85.19,0,0,0,0,0.9567,4,1,1,0,0,0.875,LOW
TND-000212,BID-001012,27,19,25,1,1,0,92.59,0,0,0,0,0.8644,1,0,1,0,0,0.9167,LOW
TND-000212,BID-001469,27,19,1,0,18,8,3.7,0,3,0,0,0.9475,18,1,1,1,0,0.7917,HIGH
TND-000213,BID-000574,23,17,14,7,1,1,60.87,0,0,0,0,0.777,6,1,1,1,0,0.7917,MEDIUM
TND-000213,BID-001808,23,17,19,0,1,3,82.61,0,0,0,0,0.9132,2,1,1,0,0,0.9167,LOW
TND-000213,BID-001265,23,17,17,2,0,4,73.91,0,0,0,0,0.8288,4,1,1,0,0,0.65,LOW
TND-000213,BID-001904,23,17,7,0,0,16,30.43,0,0,0,0,0.3249,12,0,1,0,0,0.95,HIGH
TND-000215,BID-001536,29,19,17,0,4,8,58.62,0,0,0,0,0.8132,9,1,1,0,0,0.75,MEDIUM
TND-000215,BID-001611,29,19,26,1,0,2,89.66,0,0,0,0,0.7279,2,0,1,0,0,0.7,LOW
TND-000215,BID-000519,29,19,25,0,2,2,86.21,0,3,0,0,0.7654,3,0,1,1,0,0.875,LOW
TND-000215,BID-000238,29,19,1,0,5,23,3.45,0,4,0,0,0.866,18,1,1,1,0,0.95,HIGH
TND-000216,BID-001028,22,15,10,8,2,2,45.45,1,0,0,0,0.8451,8,1,0,1,1,0.7083,MEDIUM
TND-000216,BID-000402,22,15,5,1,5,11,22.73,1,0,0,2,0.8507,11,0,1,1,1,0.875,HIGH
TND-000216,BID-000425,22,15,16,1,2,3,72.73,0,0,0,0,0.8417,5,1,1,1,0,0.7917,LOW
TND-000217,BID-000352,29,19,23,2,2,2,79.31,0,0,0,0,0.7634,5,1,1,0,0,0.75,LOW
TND-000217,BID-001711,29,19,21,5,1,2,72.41,0,0,0,0,0.7807,6,0,1,0,0,0.8,LOW
TND-000217,BID-000876,29,19,13,9,1,6,44.83,0,0,0,0,0.7663,8,1,1,1,0,0.9,MEDIUM
TND-000217,BID-001864,29,19,10,6,0,13,34.48,0,0,0,0,0.7772,13,1,1,1,0,0.875,MEDIUM
TND-000217,BID-001308,29,19,24,3,1,1,82.76,0,0,0,0,0.7982,4,1,1,0,0,0.875,LOW
TND-000219,BID-001406,29,17,12,2,2,13,41.38,0,0,0,0,0.8212,9,1,1,1,0,0.7917,MEDIUM
TND-000219,BID-001112,29,17,23,0,1,5,79.31,0,0,0,0,0.7096,4,1,1,0,0,0.9,LOW
TND-000219,BID-000956,29,17,3,1,1,24,10.34,0,0,0,0,0.2123,15,1,1,1,0,0.875,HIGH
TND-000219,BID-001759,29,17,25,1,3,0,86.21,0,0,0,0,0.915,4,1,1,1,0,0.9167,LOW
TND-000220,BID-000595,28,19,24,2,1,1,85.71,0,0,0,0,0.874,3,1,1,0,0,0.8333,LOW
TND-000220,BID-001195,28,19,23,3,1,1,82.14,0,0,0,0,0.8048,3,1,1,1,0,0.9167,LOW
TND-000220,BID-001312,28,19,16,11,1,0,57.14,0,0,0,0,0.8374,7,1,1,0,0,0.875,MEDIUM
TND-000220,BID-001267,28,19,18,1,2,7,64.29,0,3,0,0,0.764,7,1,1,1,0,0.85,MEDIUM
TND-000220,BID-000179,28,19,11,10,0,7,39.29,0,0,0,0,0.8221,13,1,1,0,0,0.95,MEDIUM
TND-000222,BID-001065,27,18,6,0,0,21,22.22,0,0,0,0,0.3049,13,1,1,0,0,1.0,HIGH
TND-000222,BID-000594,27,18,18,2,5,2,66.67,0,4,0,0,0.8513,8,1,1,1,0,0.9167,MEDIUM
TND-000222,BID-001641,27,18,21,0,3,3,77.78,0,0,0,0,0.6917,5,1,1,0,0,0.9,LOW
TND-000222,BID-001767,27,18,20,0,3,4,74.07,0,0,0,0,0.7079,6,1,1,0,0,0.85,LOW
TND-000222,BID-000211,27,18,1,0,14,12,3.7,0,0,0,5,0.8906,17,1,1,1,0,0.7917,HIGH
TND-000223,BID-001875,27,15,9,14,1,3,33.33,0,0,0,0,0.6962,9,1,1,0,0,0.85,MEDIUM
TND-000223,BID-000062,27,15,23,1,3,0,85.19,0,0,0,0,0.8005,3,1,1,0,0,0.875,LOW
TND-000223,BID-001825,27,15,12,1,1,13,44.44,3,0,0,0,0.749,9,1,1,1,0,0.7,HIGH
TND-000223,BID-001564,27,15,14,10,3,0,51.85,0,0,0,0,0.7961,8,1,0,1,0,0.75,MEDIUM
TND-000224,BID-000288,29,21,3,3,0,23,10.34,0,0,0,0,0.1967,18,1,1,0,0,0.625,HIGH
TND-000224,BID-000327,29,21,18,1,0,10,62.07,0,0,0,0,0.8582,7,1,0,0,0,0.8333,MEDIUM
TND-000224,BID-001842,29,21,26,0,1,2,89.66,0,0,0,0,0.8985,3,1,1,0,0,0.8333,LOW
TND-000224,BID-001335,29,21,24,0,1,4,82.76,0,0,0,0,0.8088,5,1,1,1,0,0.75,LOW
TND-000225,BID-001814,26,15,19,0,0,7,73.08,5,0,0,0,0.6682,4,1,1,0,1,0.75,MEDIUM
TND-000225,BID-001077,26,15,11,8,0,7,42.31,1,3,0,0,0.8369,10,1,0,1,1,0.7917,HIGH
TND-000225,BID-000745,26,15,10,0,2,14,38.46,0,0,0,0,0.8867,9,1,0,1,0,0.8571,MEDIUM
TND-000226,BID-001161,23,17,17,2,2,2,73.91,0,0,0,0,0.8283,5,1,1,1,0,0.9583,LOW
TND-000226,BID-001452,23,17,9,8,0,6,39.13,0,0,0,0,0.8497,10,1,1,1,0,0.875,MEDIUM
TND-000226,BID-001343,23,17,22,0,1,0,95.65,0,0,0,0,0.8992,1,0,1,0,0,0.875,LOW
TND-000227,BID-001622,25,16,11,13,1,0,44.0,0,0,0,0,0.8547,8,0,1,0,0,0.9167,MEDIUM
TND-000227,BID-001688,25,16,15,9,0,1,60.0,0,0,0,0,0.9059,6,1,1,1,0,0.8333,MEDIUM
TND-000227,BID-001664,25,16,2,0,16,7,8.0,0,0,0,3,0.8029,14,1,0,1,0,0.75,HIGH
TND-000227,BID-000278,25,16,1,3,2,19,4.0,0,0,0,0,0.2291,15,1,1,1,0,1.0,HIGH
TND-000227,BID-001546,25,16,22,2,0,1,88.0,0,0,0,0,0.9445,3,1,0,1,0,0.7083,LOW
TND-000228,BID-000698,23,14,18,0,0,5,78.26,0,0,4,0,0.7708,5,1,1,1,0,0.6667,MEDIUM
TND-000228,BID-000932,23,14,20,0,1,2,86.96,0,0,0,0,0.7236,3,1,1,0,0,0.9,LOW
TND-000228,BID-001143,23,14,21,2,0,0,91.3,0,0,0,0,0.9149,2,1,0,0,0,0.8333,LOW
TND-000228,BID-001701,23,14,0,0,9,14,0.0,0,0,5,0,0.8373,14,1,1,1,0,0.7,HIGH
TND-000229,BID-000609,25,17,20,4,0,1,80.0,0,0,0,0,0.8049,5,1,1,1,0,0.9,LOW
TND-000229,BID-000561,25,17,0,0,14,11,0.0,0,0,6,0,0.9054,17,1,1,1,0,0.75,HIGH
TND-000229,BID-001870,25,17,11,11,3,0,44.0,0,0,0,0,0.8947,10,1,1,0,0,0.8333,MEDIUM
TND-000229,BID-001548,25,17,21,1,3,0,84.0,0,0,0,0,0.76,4,1,1,0,0,0.875,LOW
TND-000229,BID-000808,25,17,12,13,0,0,48.0,0,0,0,0,0.8097,10,1,1,1,0,0.875,MEDIUM
TND-000230,BID-001149,22,16,21,0,0,1,95.45,0,0,0,0,0.7985,1,0,0,0,0,0.9643,LOW
TND-000230,BID-001790,22,16,11,3,0,8,50.0,0,0,0,0,0.8607,6,1,1,0,0,0.8571,MEDIUM
TND-000230,BID-000940,22,16,18,1,2,1,81.82,0,0,0,0,0.8797,4,1,1,0,1,0.5714,LOW
TND-000230,BID-000585,22,16,5,0,0,17,22.73,0,0,0,0,0.363,12,0,0,1,1,0.8333,HIGH
TND-000231,BID-000963,28,17,9,17,1,1,32.14,0,0,0,0,0.8055,9,1,1,1,0,0.7083,MEDIUM
TND-000231,BID-001725,28,17,2,0,13,13,7.14,0,0,0,3,0.7783,15,0,1,1,0,0.8,HIGH
TND-000231,BID-001213,28,17,25,1,1,1,89.29,0,0,0,0,0.8965,2,0,1,1,0,0.7917,LOW
TND-000232,BID-001326,24,14,9,4,0,11,37.5,0,0,0,0,0.836,7,0,0,1,0,0.9167,MEDIUM
TND-000232,BID-000507,24,14,14,0,1,9,58.33,0,0,0,0,0.8501,9,1,1,0,0,0.7917,MEDIUM
TND-000232,BID-000805,24,14,20,0,1,3,83.33,0,0,0,0,0.8331,2,0,1,0,0,1.0,LOW
TND-000232,BID-001632,24,14,11,13,0,0,45.83,0,0,0,0,0.85,6,1,0,0,0,0.9583,MEDIUM
TND-000233,BID-000774,22,14,20,1,1,0,90.91,0,0,0,0,0.848,2,0,1,1,0,0.6786,LOW
TND-000233,BID-001210,22,14,4,0,5,13,18.18,1,0,0,0,0.375,11,1,1,0,1,0.8,HIGH
TND-000233,BID-000324,22,14,19,1,1,1,86.36,1,0,0,0,0.858,3,0,1,1,1,0.75,LOW
TND-000234,BID-001856,22,12,17,0,3,2,77.27,0,0,0,0,0.9005,3,1,1,1,0,0.7857,LOW
TND-000234,BID-000005,22,12,4,0,0,18,18.18,1,0,0,0,0.3101,10,1,1,0,1,0.55,HIGH
TND-000234,BID-001120,22,12,12,1,1,8,54.55,1,0,0,0,0.7919,6,1,1,1,1,0.875,MEDIUM
TND-000234,BID-000213,22,12,19,0,2,1,86.36,0,0,0,0,0.7974,2,1,0,1,0,0.9643,LOW
TND-000235,BID-000730,23,17,9,9,1,4,39.13,0,0,0,0,0.8008,9,1,1,1,0,0.8,MEDIUM
TND-000235,BID-001588,23,17,0,0,12,11,0.0,0,0,0,5,0.84,17,1,1,1,0,0.7,HIGH
TND-000235,BID-001038,23,17,1,0,12,10,4.35,0,5,0,0,0.9299,16,1,1,1,0,0.875,HIGH
TND-000235,BID-001887,23,17,21,1,0,1,91.3,0,0,0,0,0.8524,2,0,1,1,0,0.7917,LOW
TND-000235,BID-000211,23,17,12,8,0,3,52.17,0,0,0,0,0.8611,8,1,0,1,0,0.75,MEDIUM
TND-000236,BID-001106,24,13,8,3,3,10,33.33,0,0,0,0,0.8672,8,1,1,0,0,0.7917,MEDIUM
TND-000236,BID-000882,24,13,20,0,2,2,83.33,0,0,0,0,0.7407,2,1,1,0,0,0.8,LOW
TND-000236,BID-000246,24,13,21,0,3,0,87.5,0,0,0,0,0.8175,2,1,1,0,0,0.9167,LOW
TND-000237,BID-000214,30,20,25,0,3,2,83.33,0,2,0,0,0.7654,4,1,1,0,0,0.75,LOW
TND-000237,BID-001838,30,20,26,3,1,0,86.67,0,0,0,0,0.8715,3,1,1,0,0,0.8214,LOW
TND-000237,BID-001490,30,20,5,2,1,22,16.67,0,0,0,0,0.2543,15,1,1,0,0,0.7083,HIGH
TND-000237,BID-001437,30,20,13,0,4,13,43.33,0,0,0,0,0.8295,12,1,1,0,0,0.8571,MEDIUM
TND-000237,BID-000872,30,20,13,0,4,13,43.33,0,0,0,0,0.77,11,1,1,1,0,0.7857,MEDIUM
TND-000238,BID-001847,26,15,24,0,0,2,92.31,0,0,0,0,0.7419,1,0,0,0,0,0.7083,LOW
TND-000238,BID-000872,26,15,16,2,8,0,61.54,0,0,0,0,0.8348,6,1,1,1,1,0.8571,MEDIUM
TND-000238,BID-001206,26,15,14,7,2,3,53.85,0,0,0,0,0.8119,7,1,1,0,0,0.7917,MEDIUM
TND-000238,BID-001085,26,15,19,5,0,2,73.08,0,0,0,0,0.7418,3,1,0,0,0,0.7083,LOW
TND-000238,BID-000456,26,15,7,0,7,12,26.92,1,0,0,0,0.7613,11,1,1,1,1,0.6667,HIGH
TND-000239,BID-001585,23,17,22,0,0,1,95.65,0,0,0,0,0.804,1,0,1,0,0,0.5833,LOW
TND-000239,BID-000419,23,17,11,1,3,8,47.83,0,0,0,0,0.7933,7,1,1,0,0,0.7917,MEDIUM
TND-000239,BID-001811,23,17,2,2,9,10,8.7,0,0,2,0,0.8059,15,1,1,1,0,0.7083,HIGH
TND-000240,BID-001934,27,15,14,0,0,13,51.85,0,0,0,0,0.8693,8,0,1,1,0,0.95,MEDIUM
TND-000240,BID-001071,27,15,26,0,1,0,96.3,0,0,0,0,0.9176,1,0,1,0,0,0.6667,LOW
TND-000240,BID-000684,27,15,24,0,1,2,88.89,0,0,0,0,0.8079,2,1,1,1,0,0.75,LOW
TND-000240,BID-001668,27,15,25,0,2,0,92.59,0,0,0,0,0.8762,2,1,1,0,0,0.75,LOW
TND-000240,BID-000908,27,15,13,2,1,11,48.15,0,0,0,0,0.8172,11,1,1,1,0,0.875,MEDIUM
TND-000241,BID-000790,25,15,11,6,2,6,44.0,0,0,0,0,0.8639,10,1,1,0,0,0.75,MEDIUM
TND-000241,BID-000937,25,15,2,3,2,18,8.0,0,0,0,0,0.3844,13,1,1,0,0,0.8,HIGH
TND-000241,BID-001308,25,15,9,1,1,14,36.0,0,0,0,0,0.398,9,1,0,0,0,0.65,MEDIUM
TND-000241,BID-000205,25,15,14,2,1,8,56.0,0,0,0,0,0.6675,6,1,0,0,0,0.95,MEDIUM
TND-000242,BID-000912,28,18,14,1,0,13,50.0,0,0,0,0,0.8015,9,1,1,0,1,0.7857,MEDIUM
TND-000242,BID-001856,28,18,23,0,2,3,82.14,0,0,0,0,0.8792,4,1,1,0,1,0.8333,LOW
TND-000242,BID-001488,28,18,6,1,1,20,21.43,0,0,0,0,0.277,13,0,1,0,0,0.625,HIGH
TND-000244,BID-000468,26,19,20,4,0,2,76.92,1,0,0,0,0.772,5,1,1,0,1,0.7083,LOW
TND-000244,BID-000003,26,19,14,1,0,11,53.85,7,0,0,0,0.6012,7,1,1,1,1,0.875,MEDIUM
TND-000244,BID-001240,26,19,3,3,3,17,11.54,1,0,0,0,0.3077,17,1,1,0,1,0.875,HIGH
TND-000244,BID-000708,26,19,14,4,2,6,53.85,0,0,0,0,0.7973,7,1,1,1,0,0.75,MEDIUM
TND-000244,BID-001945,26,19,1,0,14,11,3.85,0,0,0,5,0.8567,18,1,1,1,0,0.6071,HIGH
TND-000247,BID-000857,27,15,22,1,3,1,81.48,1,0,0,0,0.855,3,1,1,0,1,0.875,LOW
TND-000247,BID-000404,27,15,21,0,1,5,77.78,1,0,0,0,0.679,3,0,1,0,1,0.8,LOW
TND-000247,BID-000023,27,15,0,0,17,10,0.0,0,0,6,0,0.9249,15,1,1,1,1,0.8929,HIGH
TND-000247,BID-000499,27,15,16,0,2,9,59.26,0,4,0,0,0.8052,6,1,1,1,1,0.6667,MEDIUM
TND-000249,BID-000220,23,13,1,0,6,16,4.35,0,0,4,0,0.817,12,1,1,1,0,0.8,HIGH
TND-000249,BID-001249,23,13,5,0,0,18,21.74,0,0,0,0,0.3047,10,0,1,1,0,0.8125,HIGH
TND-000249,BID-001787,23,13,18,0,2,3,78.26,0,0,0,0,0.8396,4,1,1,0,0,0.8,LOW
TND-000250,BID-001619,28,16,20,1,6,1,71.43,1,0,0,0,0.8417,7,1,1,1,1,0.875,MEDIUM
TND-000250,BID-000803,28,16,8,2,1,17,28.57,0,0,0,0,0.3883,11,1,1,1,0,0.9167,HIGH
TND-000250,BID-001580,28,16,13,6,6,3,46.43,0,0,0,0,0.7268,7,1,1,0,0,0.625,MEDIUM
TND-000250,BID-000850,28,16,22,0,6,0,78.57,0,0,0,0,0.8794,5,1,1,0,0,0.8571,LOW
TND-000250,BID-000721,28,16,14,5,1,8,50.0,1,0,0,0,0.8359,8,1,1,0,1,0.875,MEDIUM
TND-000251,BID-000936,28,20,7,0,2,19,25.0,0,0,0,0,0.3116,16,1,1,0,0,0.95,HIGH
TND-000251,BID-001809,28,20,26,0,2,0,92.86,0,0,0,0,0.8982,2,1,1,0,0,0.9167,LOW
TND-000251,BID-001022,28,20,14,6,3,5,50.0,0,0,0,0,0.8509,11,1,1,0,0,0.875,MEDIUM
TND-000251,BID-001510,28,20,23,0,1,4,82.14,0,0,0,0,0.8184,4,0,1,1,0,0.9,LOW
TND-000252,BID-000474,29,19,2,3,2,22,6.9,0,0,0,0,0.2472,17,1,1,1,0,0.75,HIGH
TND-000252,BID-001597,29,19,9,0,2,18,31.03,0,0,0,0,0.8319,11,1,0,0,0,0.95,MEDIUM
TND-000252,BID-000180,29,19,0,0,16,13,0.0,0,0,0,6,0.9054,19,1,1,1,0,0.8333,HIGH
TND-000252,BID-000993,29,19,25,0,1,3,86.21,0,0,0,0,0.8307,3,1,1,0,0,0.95,LOW
TND-000252,BID-001045,29,19,22,1,4,2,75.86,0,0,0,0,0.8452,6,1,1,1,0,0.875,LOW
TND-000254,BID-001826,29,16,15,9,2,3,51.72,0,0,0,0,0.8197,9,1,1,0,0,0.875,MEDIUM
TND-000254,BID-000390,29,16,20,1,2,6,68.97,1,0,0,0,0.7712,7,1,1,1,1,0.8,MEDIUM
TND-000254,BID-001119,29,16,27,0,1,1,93.1,0,0,0,0,0.8703,2,0,1,0,1,0.8214,LOW
TND-000254,BID-000955,29,16,23,1,4,1,79.31,0,0,0,0,0.7888,4,1,1,1,0,0.8214,LOW
TND-000254,BID-001988,29,16,18,0,2,9,62.07,1,0,0,0,0.875,9,1,1,0,1,0.9167,MEDIUM
TND-000256,BID-001734,27,19,3,0,12,12,11.11,0,0,3,0,0.7433,17,0,1,1,0,0.75,HIGH
TND-000256,BID-000890,27,19,26,1,0,0,96.3,0,0,0,0,0.858,1,0,1,0,0,0.9167,LOW
TND-000256,BID-001455,27,19,7,2,1,17,25.93,0,0,0,0,0.327,14,1,1,0,0,0.8,HIGH
TND-000258,BID-000244,22,15,7,8,3,4,31.82,0,0,0,0,0.7671,9,1,1,0,0,0.6,MEDIUM
TND-000258,BID-001656,22,15,19,0,3,0,86.36,0,0,0,0,0.8076,2,1,0,0,0,0.625,LOW
TND-000258,BID-000725,22,15,22,0,0,0,100.0,0,0,0,0,0.8265,0,0,0,0,0,0.8333,LOW
TND-000259,BID-000624,25,16,9,10,1,5,36.0,0,0,0,0,0.7439,9,1,1,0,0,0.8,MEDIUM
TND-000259,BID-000766,25,16,2,0,1,22,8.0,0,0,0,0,0.1992,14,1,1,0,0,0.875,HIGH
TND-000259,BID-000395,25,16,19,0,1,5,76.0,0,0,0,0,0.7963,3,1,1,0,0,0.8,LOW
TND-000259,BID-001575,25,16,6,2,1,16,24.0,0,0,0,0,0.3367,13,1,1,1,0,0.65,HIGH
TND-000260,BID-001943,25,14,12,1,0,12,48.0,1,0,0,0,0.7523,7,0,1,0,1,0.85,MEDIUM
TND-000260,BID-001225,25,14,22,1,1,1,88.0,1,0,0,0,0.7822,3,0,1,1,1,0.6667,LOW
TND-000260,BID-001670,25,14,9,0,0,16,36.0,0,0,0,0,0.3726,7,0,1,0,1,0.7083,MEDIUM
TND-000260,BID-001132,25,14,2,5,3,15,8.0,1,0,0,0,0.3589,12,1,1,0,1,0.8,HIGH
TND-000260,BID-001115,25,14,21,0,1,3,84.0,0,0,0,0,0.7681,3,0,1,0,0,0.7917,LOW
TND-000261,BID-000698,30,21,4,0,12,14,13.33,0,0,5,0,0.9081,19,0,1,1,0,0.8333,HIGH
TND-000261,BID-001283,30,21,29,0,1,0,96.67,0,0,0,0,0.9105,1,0,1,0,0,0.7917,LOW
TND-000261,BID-000755,30,21,21,0,0,9,70.0,0,0,0,0,0.9157,5,1,1,0,0,0.9167,LOW
TND-000261,BID-001776,30,21,25,2,0,3,83.33,0,0,0,0,0.9156,5,1,1,0,0,0.6667,LOW
TND-000261,BID-000299,30,21,28,2,0,0,93.33,0,0,0,0,0.8733,1,0,0,0,0,0.75,LOW
TND-000262,BID-000094,29,21,24,0,1,4,82.76,0,0,0,0,0.8272,4,0,1,1,0,0.7083,LOW
TND-000262,BID-000623,29,21,11,7,0,11,37.93,0,0,0,0,0.8636,11,0,1,0,0,0.875,MEDIUM
TND-000262,BID-000259,29,21,15,10,1,3,51.72,0,0,0,0,0.7866,10,0,1,1,0,0.8,MEDIUM
TND-000262,BID-000938,29,21,26,0,1,2,89.66,0,0,0,0,0.7708,2,0,1,0,0,0.8,LOW
TND-000263,BID-000877,25,14,2,0,13,10,8.0,0,4,0,0,0.8074,12,1,1,0,0,0.75,HIGH
TND-000263,BID-001014,25,14,0,0,5,20,0.0,0,0,0,6,0.8179,14,1,1,1,0,0.75,HIGH
TND-000263,BID-000033,25,14,21,1,1,2,84.0,0,0,0,0,0.792,4,0,1,1,0,0.9167,LOW
TND-000263,BID-001733,25,14,3,0,4,18,12.0,0,2,0,0,0.2997,12,1,0,1,0,0.9,HIGH
TND-000263,BID-001189,25,14,20,2,1,2,80.0,0,0,0,0,0.8278,4,1,1,1,0,0.7917,LOW
TND-000265,BID-000194,30,22,12,14,4,0,40.0,0,0,0,0,0.8087,13,1,1,0,0,0.6667,MEDIUM
TND-000265,BID-001996,30,22,18,0,1,11,60.0,0,0,0,0,0.7724,7,0,1,1,0,0.8333,MEDIUM
TND-000265,BID-001719,30,22,14,12,1,3,46.67,0,0,0,0,0.7296,11,1,1,0,0,0.8,MEDIUM
TND-000265,BID-000876,30,22,26,0,1,3,86.67,0,0,0,0,0.7832,3,0,1,0,0,0.8,LOW
TND-000266,BID-000342,29,16,18,0,4,7,62.07,0,0,0,0,0.8995,4,1,1,0,0,0.75,LOW
TND-000266,BID-001024,29,16,1,0,20,8,3.45,0,5,0,0,0.8971,15,1,1,1,1,0.6071,HIGH
TND-000266,BID-000828,29,16,25,1,3,0,86.21,0,0,0,0,0.8809,3,1,1,0,0,0.8929,LOW
TND-000267,BID-000872,30,20,25,1,4,0,83.33,0,0,0,0,0.7784,4,1,1,0,1,0.75,LOW
TND-000267,BID-001190,30,20,16,2,1,11,53.33,1,0,0,0,0.7528,11,0,1,1,1,0.6,MEDIUM
TND-000267,BID-000297,30,20,23,3,1,3,76.67,1,0,0,0,0.8018,5,1,1,0,1,0.7,LOW
TND-000268,BID-000635,28,17,13,3,1,11,46.43,0,0,0,0,0.7789,7,1,1,0,1,0.7917,MEDIUM
TND-000268,BID-001511,28,17,13,0,3,12,46.43,0,0,0,0,0.8116,8,1,0,0,0,0.9583,MEDIUM
TND-000268,BID-000672,28,17,2,2,9,15,7.14,0,4,0,0,0.7375,16,1,1,1,0,0.875,HIGH
TND-000268,BID-000522,28,17,23,0,0,5,82.14,1,0,0,0,0.7128,3,1,0,1,1,0.9,LOW
TND-000270,BID-001255,28,19,17,5,2,4,60.71,0,0,0,0,0.9131,7,1,1,0,0,0.9583,MEDIUM
TND-000270,BID-000684,28,19,23,4,1,0,82.14,0,0,0,0,0.8054,3,1,1,0,0,0.875,LOW
TND-000270,BID-000281,28,19,15,8,0,5,53.57,0,0,0,0,0.83,9,1,1,1,0,0.875,MEDIUM
TND-000274,BID-001749,22,16,20,0,1,1,90.91,0,0,0,0,0.803,2,1,1,0,0,0.9583,LOW
TND-000274,BID-000579,22,16,19,0,2,1,86.36,0,0,0,0,0.9233,3,1,1,1,0,0.875,LOW
TND-000274,BID-001456,22,16,18,0,3,1,81.82,0,0,0,0,0.8231,4,1,1,1,0,0.9167,LOW
TND-000274,BID-000379,22,16,4,1,2,15,18.18,0,0,0,0,0.3044,14,1,1,0,0,0.9,HIGH
TND-000278,BID-000933,22,15,12,4,1,5,54.55,0,0,0,0,0.7232,6,1,1,0,0,0.85,MEDIUM
TND-000278,BID-000770,22,15,8,3,1,10,36.36,0,0,0,0,0.8375,10,0,1,1,0,0.7917,MEDIUM
TND-000278,BID-000743,22,15,17,3,2,0,77.27,0,0,0,0,0.8858,4,1,1,1,0,0.875,LOW
TND-000278,BID-001625,22,15,18,2,1,1,81.82,0,0,0,0,0.8826,3,0,1,1,0,0.8333,LOW
TND-000280,BID-001931,23,14,4,2,10,7,17.39,0,3,0,0,0.9294,11,1,0,1,0,0.9167,HIGH
TND-000280,BID-001030,23,14,16,0,2,5,69.57,0,3,0,0,0.7877,5,1,1,1,0,0.75,MEDIUM
TND-000280,BID-000727,23,14,18,0,1,4,78.26,0,0,0,0,0.8737,3,1,0,0,0,0.7,LOW
TND-000280,BID-001742,23,14,20,0,3,0,86.96,0,0,0,0,0.8933,1,1,0,0,0,0.875,LOW
TND-000280,BID-000264,23,14,17,0,1,5,73.91,0,0,0,0,0.8904,2,1,0,0,0,0.75,LOW
TND-000281,BID-000007,28,17,25,1,2,0,89.29,0,0,0,0,0.8113,2,1,0,1,0,0.7917,LOW
TND-000281,BID-000335,28,17,22,4,1,1,78.57,0,0,0,0,0.8125,2,1,1,0,0,0.875,LOW
TND-000281,BID-000264,28,17,16,1,1,10,57.14,0,0,0,0,0.8465,8,1,0,0,0,0.9583,MEDIUM
TND-000281,BID-000365,28,17,11,16,0,1,39.29,0,0,0,0,0.8029,11,0,1,1,0,0.8333,MEDIUM
TND-000282,BID-000401,25,14,6,1,0,18,24.0,0,0,0,0,0.2604,8,0,1,0,0,0.75,HIGH
TND-000282,BID-001196,25,14,1,0,9,15,4.0,0,5,0,0,0.8531,13,1,1,1,1,0.8571,HIGH
TND-000282,BID-001883,25,14,17,4,1,3,68.0,0,0,0,0,0.7743,6,0,1,0,1,1.0,MEDIUM
TND-000282,BID-001440,25,14,22,0,3,0,88.0,0,0,0,0,0.7787,3,1,1,0,0,0.7143,LOW
TND-000282,BID-001775,25,14,15,0,1,9,60.0,0,0,0,0,0.8747,5,0,1,1,0,0.8571,MEDIUM
TND-000283,BID-000639,24,14,9,8,3,4,37.5,0,0,0,0,0.7529,9,1,1,1,1,0.875,MEDIUM
TND-000283,BID-000110,24,14,4,1,3,16,16.67,1,0,0,0,0.3872,10,1,1,0,1,0.85,HIGH
TND-000283,BID-001513,24,14,11,0,2,11,45.83,0,0,0,0,0.8727,7,1,1,0,0,0.7857,MEDIUM
TND-000283,BID-000779,24,14,9,0,1,14,37.5,0,0,0,0,0.4218,8,0,1,1,0,0.875,MEDIUM
TND-000283,BID-001244,24,14,12,7,1,4,50.0,0,0,0,0,0.8034,8,1,1,0,1,0.7857,MEDIUM
TND-000284,BID-000800,30,21,4,0,13,13,13.33,0,0,3,0,0.8126,18,0,1,1,0,0.9,HIGH
TND-000284,BID-000827,30,21,12,14,2,2,40.0,0,0,0,0,0.7759,12,1,1,1,0,0.75,MEDIUM
TND-000284,BID-001396,30,21,16,0,1,13,53.33,0,0,0,0,0.8501,8,0,1,0,0,0.8333,MEDIUM
TND-000285,BID-001870,25,15,3,2,1,19,12.0,0,0,0,0,0.2262,12,1,1,0,0,0.8,HIGH
TND-000285,BID-000652,25,15,20,0,2,3,80.0,0,0,0,0,0.863,4,1,1,1,0,0.7,LOW
TND-000285,BID-000538,25,15,22,0,2,1,88.0,0,0,0,0,0.7402,3,1,1,0,0,0.85,LOW
TND-000287,BID-001603,28,21,24,3,1,0,85.71,0,0,0,0,0.7865,3,1,1,1,0,0.7917,LOW
TND-000287,BID-001937,28,21,17,4,3,4,60.71,0,0,0,0,0.7163,8,1,1,1,0,0.9,MEDIUM
TND-000287,BID-001742,28,21,15,1,5,7,53.57,0,0,0,0,0.882,11,1,1,1,0,0.8333,MEDIUM
TND-000287,BID-000851,28,21,22,4,1,1,78.57,0,0,0,0,0.7729,5,1,1,0,0,0.7083,LOW
TND-000287,BID-000258,28,21,19,0,7,2,67.86,0,0,0,0,0.7378,6,1,1,0,0,0.85,LOW
TND-000288,BID-000729,26,15,24,0,1,1,92.31,0,0,0,0,0.9142,2,1,0,0,0,0.8214,LOW
TND-000288,BID-001187,26,15,23,0,0,3,88.46,0,0,0,0,0.6685,1,0,0,0,0,0.9167,LOW
TND-000288,BID-001280,26,15,19,6,0,1,73.08,0,0,0,0,0.8549,3,0,0,0,1,0.75,LOW
TND-000288,BID-000374,26,15,7,5,6,8,26.92,0,5,0,0,0.8914,10,1,1,1,1,0.8214,HIGH
TND-000288,BID-001254,26,15,6,0,1,19,23.08,1,0,0,0,0.3814,9,1,0,0,1,0.75,HIGH
TND-000290,BID-001555,30,17,29,0,1,0,96.67,0,0,0,0,0.9286,1,0,1,0,0,0.8571,LOW
TND-000290,BID-000276,30,17,23,4,2,1,76.67,1,0,0,0,0.7528,4,1,1,0,1,0.75,LOW
TND-000290,BID-000892,30,17,21,0,3,6,70.0,0,0,5,0,0.8332,6,1,1,1,1,0.8571,MEDIUM
TND-000291,BID-001533,23,17,15,4,0,4,65.22,0,0,0,0,0.8064,6,1,0,0,0,0.875,MEDIUM
TND-000291,BID-000449,23,17,21,0,1,1,91.3,0,0,0,0,0.9379,2,0,1,1,0,0.75,LOW
TND-000291,BID-001920,23,17,21,1,1,0,91.3,0,0,0,0,0.887,1,1,0,0,0,0.6667,LOW
TND-000291,BID-000795,23,17,3,1,3,16,13.04,0,0,0,0,0.3213,15,1,1,1,0,0.75,HIGH
TND-000291,BID-001114,23,17,18,4,1,0,78.26,0,0,0,0,0.8602,4,1,0,0,0,0.7917,LOW
TND-000292,BID-001382,22,16,13,6,1,2,59.09,0,0,0,0,0.7157,5,1,0,0,0,0.75,LOW
TND-000292,BID-001849,22,16,19,2,1,0,86.36,0,0,0,0,0.903,3,1,0,1,1,0.7857,LOW
TND-000292,BID-001879,22,16,19,1,1,1,86.36,0,0,0,0,0.8722,3,1,0,0,1,0.8929,LOW
TND-000292,BID-001136,22,16,12,0,1,9,54.55,0,0,0,0,0.838,8,1,1,0,0,0.8929,MEDIUM
TND-000292,BID-000670,22,16,6,6,0,10,27.27,1,0,0,0,0.8313,12,1,0,1,1,0.9167,HIGH
TND-000293,BID-001797,29,18,24,1,2,2,82.76,0,0,0,0,0.8808,4,1,1,1,0,1.0,LOW
TND-000293,BID-001542,29,18,16,11,1,1,55.17,0,0,0,0,0.838,8,1,1,1,0,0.875,MEDIUM
TND-000293,BID-000320,29,18,9,12,4,4,31.03,0,0,4,0,0.8562,12,1,1,1,0,0.9167,HIGH
TND-000293,BID-000204,29,18,24,0,5,0,82.76,0,0,0,0,0.9041,4,1,1,0,0,0.7083,LOW
TND-000294,BID-001160,30,19,15,0,1,14,50.0,0,0,0,0,0.7967,9,0,1,0,0,0.7083,MEDIUM
TND-000294,BID-000995,30,19,1,1,0,28,3.33,4,0,0,0,0.0898,18,1,1,1,0,0.875,HIGH
TND-000294,BID-000526,30,19,12,12,0,6,40.0,0,0,0,0,0.7688,11,1,1,1,0,0.7,MEDIUM
TND-000294,BID-000604,30,19,13,15,1,1,43.33,0,0,0,0,0.8356,12,1,1,1,0,0.6667,MEDIUM
TND-000296,BID-000179,27,19,4,1,1,21,14.81,0,0,0,0,0.2175,15,1,1,0,0,1.0,HIGH
TND-000296,BID-000225,27,19,12,10,2,3,44.44,0,0,0,0,0.8187,11,1,1,0,0,0.85,MEDIUM
TND-000296,BID-000612,27,19,15,1,0,11,55.56,0,0,0,0,0.701,8,1,0,0,0,0.85,MEDIUM
TND-000298,BID-000188,29,21,27,2,0,0,93.1,0,0,0,0,0.8869,1,1,0,0,0,0.75,LOW
TND-000298,BID-000532,29,21,4,0,11,14,13.79,0,0,4,0,0.794,18,1,1,1,0,0.9167,HIGH
TND-000298,BID-001603,29,21,28,0,0,1,96.55,0,0,0,0,0.8278,1,0,0,1,0,0.9167,LOW
TND-000298,BID-001589,29,21,25,2,1,1,86.21,0,0,0,0,0.9389,1,1,0,0,0,0.875,LOW
TND-000300,BID-001384,22,16,14,2,2,4,63.64,0,0,0,0,0.9006,6,1,1,0,0,0.9583,MEDIUM
TND-000300,BID-001108,22,16,14,1,1,6,63.64,0,0,0,0,0.8421,7,0,1,1,0,0.9167,MEDIUM
TND-000300,BID-001306,22,16,4,3,1,14,18.18,0,0,0,0,0.406,13,1,1,1,0,0.65,HIGH
TND-000300,BID-001797,22,16,13,0,1,8,59.09,0,0,0,0,0.8041,7,0,1,0,0,0.875,MEDIUM
TND-000301,BID-000436,29,20,24,1,3,1,82.76,0,0,0,0,0.9425,2,1,1,0,1,0.7857,LOW
TND-000301,BID-001207,29,20,20,0,1,8,68.97,0,0,0,0,0.9083,8,0,1,0,0,0.9286,MEDIUM
TND-000301,BID-000821,29,20,8,13,1,7,27.59,0,0,0,0,0.74,13,1,0,0,1,0.7917,MEDIUM
TND-000301,BID-000925,29,20,19,0,0,10,65.52,1,0,0,0,0.8086,8,0,0,1,1,0.75,MEDIUM
TND-000302,BID-001131,30,19,23,2,2,3,76.67,0,0,0,0,0.7174,5,1,0,1,0,0.9167,LOW
TND-000302,BID-001953,30,19,22,0,4,4,73.33,0,4,0,0,0.9176,6,1,1,1,1,0.8929,MEDIUM
TND-000302,BID-000189,30,19,20,0,6,4,66.67,0,5,0,0,0.7966,8,1,1,1,1,0.8214,MEDIUM
TND-000302,BID-001976,30,19,21,2,3,4,70.0,0,0,0,0,0.7428,7,1,1,1,0,0.8333,MEDIUM
TND-000305,BID-000104,26,19,22,0,1,3,84.62,2,0,0,0,0.7173,4,1,1,0,0,0.75,LOW
TND-000305,BID-000610,26,19,13,12,1,0,50.0,0,0,0,0,0.8715,8,1,1,1,0,0.8333,MEDIUM
TND-000305,BID-000595,26,19,23,0,2,1,88.46,0,0,0,0,0.7416,3,1,1,0,0,0.625,LOW
TND-000305,BID-001394,26,19,25,0,1,0,96.15,0,0,0,0,0.8149,1,0,1,0,0,0.875,LOW
TND-000306,BID-000546,27,17,9,12,1,5,33.33,0,0,0,0,0.8336,10,1,1,1,0,0.4583,MEDIUM
TND-000306,BID-001881,27,17,14,10,2,1,51.85,0,0,0,0,0.8384,9,1,1,1,0,0.9,MEDIUM
TND-000306,BID-000022,27,17,21,0,2,4,77.78,0,0,0,0,0.8887,6,1,1,1,0,0.8333,LOW
TND-000306,BID-001026,27,17,4,0,1,22,14.81,0,0,0,0,0.2091,14,0,1,1,0,0.8125,HIGH
TND-000308,BID-000015,22,14,11,4,0,7,50.0,0,0,0,0,0.773,5,0,1,1,0,0.875,MEDIUM
TND-000308,BID-001157,22,14,12,8,1,1,54.55,1,0,0,0,0.8065,5,0,1,0,1,0.7083,MEDIUM
TND-000308,BID-000498,22,14,20,0,1,1,90.91,0,0,0,0,0.8495,2,0,1,1,0,0.9286,LOW
TND-000309,BID-001245,29,18,7,0,0,22,24.14,1,0,0,0,0.2436,12,0,0,0,1,0.8125,HIGH
TND-000309,BID-001595,29,18,21,3,1,4,72.41,0,0,0,0,0.8405,7,1,1,1,1,0.7917,MEDIUM
TND-000309,BID-000109,29,18,22,2,1,4,75.86,0,0,0,0,0.7984,6,1,1,1,1,0.8929,MEDIUM
TND-000310,BID-001709,22,13,9,7,2,4,40.91,0,0,0,0,0.8462,7,1,0,0,1,0.7857,MEDIUM
TND-000310,BID-000739,22,13,19,0,3,0,86.36,0,0,0,0,0.788,2,1,1,0,0,0.75,LOW
TND-000310,BID-000256,22,13,12,6,1,3,54.55,0,0,0,0,0.7772,6,1,1,0,1,0.8333,MEDIUM
TND-000310,BID-001154,22,13,12,0,1,9,54.55,0,0,0,0,0.8316,5,1,1,0,0,0.7143,MEDIUM
TND-000311,BID-000991,24,13,7,7,0,10,29.17,1,0,3,0,0.8112,10,0,1,1,1,0.9167,HIGH
TND-000311,BID-001880,24,13,23,0,0,1,95.83,0,0,0,0,0.8675,1,0,0,0,0,0.9167,LOW
TND-000311,BID-001221,24,13,23,0,1,0,95.83,0,0,0,0,0.8388,1,0,1,0,0,0.8214,LOW
TND-000311,BID-000686,24,13,1,0,13,10,4.17,0,0,0,6,0.7925,12,1,0,1,1,0.7857,HIGH
TND-000312,BID-001341,30,20,7,0,1,22,23.33,0,0,0,0,0.3315,13,1,1,0,0,0.8,HIGH
TND-000312,BID-001003,30,20,27,2,0,1,90.0,0,0,0,0,0.8311,3,0,0,1,0,0.8333,LOW
TND-000312,BID-001604,30,20,25,4,0,1,83.33,0,0,0,0,0.8283,5,1,0,1,0,0.9583,LOW
TND-000312,BID-000167,30,20,3,0,15,12,10.0,0,0,0,4,0.9174,17,1,1,1,0,0.9583,HIGH
TND-000312,BID-001841,30,20,1,0,13,16,3.33,0,0,0,4,0.7655,19,1,1,1,0,0.85,HIGH
TND-000314,BID-001770,24,14,18,0,4,2,75.0,0,0,0,0,0.8423,3,1,1,0,0,0.95,LOW
TND-000314,BID-000461,24,14,10,2,1,11,41.67,0,0,0,0,0.8892,9,1,1,1,0,0.7917,MEDIUM
TND-000314,BID-000675,24,14,21,1,0,2,87.5,0,0,0,0,0.8574,2,0,0,1,0,0.7,LOW
TND-000315,BID-000721,30,18,4,2,13,11,13.33,0,4,0,0,0.837,15,1,1,1,1,0.9286,HIGH
TND-000315,BID-001982,30,18,24,0,0,6,80.0,2,0,0,0,0.7551,4,0,1,1,1,0.75,MEDIUM
TND-000315,BID-001732,30,18,3,0,14,13,10.0,0,0,0,3,0.7686,15,1,1,0,0,0.75,HIGH
TND-000317,BID-000986,29,21,19,0,1,9,65.52,0,0,0,0,0.8289,7,0,1,0,0,0.875,MEDIUM
TND-000317,BID-001290,29,21,28,0,1,0,96.55,0,0,0,0,0.8374,1,0,1,0,0,0.8214,LOW
TND-000317,BID-001241,29,21,18,0,4,7,62.07,0,0,0,0,0.8594,7,1,1,0,0,0.7143,MEDIUM
TND-000318,BID-000613,24,16,1,0,14,9,4.17,0,0,6,0,0.9092,15,1,1,1,0,0.9286,HIGH
TND-000318,BID-000655,24,16,18,0,3,3,75.0,0,0,0,0,0.7418,4,1,1,0,1,0.875,LOW
TND-000318,BID-000123,24,16,1,6,2,15,4.17,0,0,1,0,0.3419,15,1,1,1,0,0.9583,HIGH
TND-000318,BID-000178,24,16,6,0,1,17,25.0,2,0,0,0,0.2843,13,1,1,0,1,1.0,HIGH
TND-000318,BID-000015,24,16,14,0,1,9,58.33,0,0,0,0,0.7588,6,0,1,0,0,0.7917,MEDIUM
TND-000320,BID-000680,26,15,20,0,2,4,76.92,1,0,0,0,0.8415,5,1,1,1,1,0.7917,MEDIUM
TND-000320,BID-000213,26,15,5,0,2,19,19.23,1,0,0,0,0.2492,12,1,0,0,1,0.9375,HIGH
TND-000320,BID-000736,26,15,24,0,1,1,92.31,1,0,0,0,0.7693,2,0,1,0,1,0.9167,LOW
TND-000320,BID-000499,26,15,21,0,3,2,80.77,0,0,0,0,0.7814,5,1,1,0,0,0.7083,LOW
TND-000321,BID-001262,28,21,23,1,0,4,82.14,0,0,0,0,0.8181,4,0,0,0,1,0.7917,LOW
TND-000321,BID-001946,28,21,11,0,0,17,39.29,2,0,0,0,0.6648,12,0,1,0,1,0.875,HIGH
TND-000321,BID-001944,28,21,26,1,0,1,92.86,0,0,0,0,0.78,2,0,1,0,1,0.8214,LOW
TND-000322,BID-000402,24,13,8,1,0,15,33.33,0,0,0,0,0.3322,7,0,0,1,0,0.8333,MEDIUM
TND-000322,BID-001016,24,13,0,1,10,13,0.0,0,0,5,0,0.7239,13,1,1,1,1,0.9167,HIGH
TND-000322,BID-000272,24,13,23,0,0,1,95.83,0,0,0,0,0.8885,0,1,0,0,0,0.8929,LOW
TND-000323,BID-000362,25,17,15,7,0,3,60.0,0,0,0,0,0.7588,7,0,0,1,0,1.0,MEDIUM
TND-000323,BID-001094,25,17,13,7,3,2,52.0,0,0,0,0,0.8324,7,1,0,0,0,0.7,MEDIUM
TND-000323,BID-000373,25,17,19,1,2,3,76.0,0,0,0,0,0.8286,5,1,1,1,0,0.65,LOW
TND-000323,BID-001318,25,17,20,0,0,5,80.0,3,0,0,0,0.7806,5,0,1,1,0,0.875,MEDIUM
TND-000323,BID-000567,25,17,5,0,2,18,20.0,1,0,0,0,0.2591,12,1,1,0,0,0.875,HIGH
TND-000324,BID-000551,29,19,21,1,4,3,72.41,0,0,0,0,0.8369,6,1,1,0,0,0.85,LOW
TND-000324,BID-000962,29,19,24,3,1,1,82.76,0,0,0,0,0.7678,4,1,1,1,0,0.75,LOW
TND-000324,BID-000578,29,19,4,0,5,20,13.79,0,0,0,0,0.3101,16,1,1,1,0,0.75,HIGH
TND-000325,BID-000063,27,15,21,1,2,3,77.78,0,0,0,0,0.8403,5,1,1,1,0,0.8,LOW
TND-000325,BID-001171,27,15,21,0,3,3,77.78,0,0,0,4,0.9271,5,1,1,1,0,0.9583,MEDIUM
TND-000325,BID-000087,27,15,25,2,0,0,92.59,0,0,0,0,0.8784,2,0,1,1,0,0.8333,LOW
TND-000326,BID-000829,28,19,0,0,11,17,0.0,0,4,0,0,0.796,19,1,1,1,1,0.9583,HIGH
TND-000326,BID-001773,28,19,4,0,3,21,14.29,0,0,0,0,0.287,15,1,1,0,0,0.75,HIGH
TND-000326,BID-001451,28,19,8,0,1,19,28.57,1,0,0,0,0.3436,14,0,1,1,1,0.9,HIGH
TND-000326,BID-000739,28,19,20,2,3,3,71.43,0,0,0,0,0.8471,6,1,1,1,0,0.8214,LOW
TND-000326,BID-000953,28,19,7,0,4,17,25.0,0,0,0,0,0.3532,13,1,1,1,0,0.9167,HIGH
TND-000328,BID-000820,26,18,18,0,3,5,69.23,0,0,0,0,0.8384,6,1,1,0,0,0.875,LOW
TND-000328,BID-000958,26,18,22,0,1,3,84.62,0,0,2,0,0.8603,3,1,1,1,0,0.6667,LOW
TND-000328,BID-001250,26,18,11,9,2,4,42.31,0,0,0,0,0.7153,10,1,1,0,0,0.8,MEDIUM
TND-000329,BID-001419,29,17,18,3,0,8,62.07,0,0,0,0,0.8196,5,1,0,1,0,0.7917,MEDIUM
TND-000329,BID-001648,29,17,22,1,3,3,75.86,0,0,0,0,0.7762,4,1,1,1,0,0.75,LOW
TND-000329,BID-000127,29,17,28,0,1,0,96.55,0,0,0,0,0.834,1,0,1,0,0,0.875,LOW
TND-000329,BID-001035,29,17,27,2,0,0,93.1,0,0,0,0,0.8361,0,1,0,0,0,0.8333,LOW
TND-000331,BID-000981,23,15,8,6,2,7,34.78,0,0,0,0,0.8293,8,1,1,0,0,0.8333,MEDIUM
TND-000331,BID-001354,23,15,5,0,1,17,21.74,0,0,0,0,0.2393,10,0,1,0,0,0.9375,HIGH
TND-000331,BID-001474,23,15,12,0,3,8,52.17,0,0,0,0,0.8639,6,1,1,0,0,0.8333,MEDIUM
TND-000331,BID-000426,23,15,17,1,0,5,73.91,0,0,0,0,0.9278,6,1,1,0,0,0.9167,LOW
TND-000332,BID-000419,24,18,11,0,1,12,45.83,0,0,0,0,0.924,10,1,1,0,0,0.875,MEDIUM
TND-000332,BID-001757,24,18,6,0,2,16,25.0,0,0,0,0,0.3019,12,1,1,0,0,0.85,HIGH
TND-000332,BID-001420,24,18,1,0,9,14,4.17,0,0,5,0,0.8933,17,1,0,1,0,0.7917,HIGH
TND-000334,BID-001459,30,21,14,7,0,9,46.67,1,0,0,0,0.6744,13,1,0,1,1,0.6,MEDIUM
TND-000334,BID-000166,30,21,3,0,14,13,10.0,0,0,0,5,0.6909,19,1,1,1,1,0.7917,HIGH
TND-000334,BID-001879,30,21,15,2,0,13,50.0,0,0,0,0,0.8478,9,1,0,1,0,0.7857,MEDIUM
TND-000334,BID-000292,30,21,23,0,5,2,76.67,0,0,0,0,0.8797,5,1,0,1,0,0.7857,LOW
TND-000334,BID-001877,30,21,13,0,0,17,43.33,1,0,0,0,0.6611,13,1,0,0,1,0.85,MEDIUM
TND-000336,BID-001157,26,18,15,5,2,4,57.69,0,0,0,0,0.8168,8,1,1,1,1,0.8571,MEDIUM
TND-000336,BID-000178,26,18,2,0,14,10,7.69,0,0,4,0,0.9634,16,1,1,1,0,0.8214,HIGH
TND-000336,BID-001005,26,18,1,1,15,9,3.85,0,5,0,0,0.8895,17,1,1,1,1,0.8571,HIGH
TND-000336,BID-001844,26,18,19,5,1,1,73.08,1,0,0,0,0.8405,6,1,1,0,1,0.8333,MEDIUM
TND-000338,BID-000946,22,15,14,1,0,7,63.64,0,0,0,0,0.8055,6,1,1,0,0,0.7917,MEDIUM
TND-000338,BID-001395,22,15,18,1,2,1,81.82,0,0,0,0,0.8683,3,1,1,0,0,0.8333,LOW
TND-000338,BID-000725,22,15,16,4,1,1,72.73,0,0,0,0,0.7938,5,1,1,1,0,0.8333,LOW
TND-000340,BID-001424,25,16,0,1,10,14,0.0,0,0,0,5,0.9026,16,1,1,1,1,0.8571,HIGH
TND-000340,BID-000859,25,16,23,1,1,0,92.0,0,0,0,0,0.8585,2,1,1,0,0,0.8571,LOW
TND-000340,BID-001497,25,16,12,9,4,0,48.0,0,0,0,0,0.8898,6,1,1,0,0,0.9286,MEDIUM
TND-000343,BID-001844,27,18,1,0,12,14,3.7,0,5,0,0,0.9112,17,1,1,1,1,0.8571,HIGH
TND-000343,BID-000015,27,18,4,1,10,12,14.81,0,0,0,4,0.729,15,1,1,1,0,0.8333,HIGH
TND-000343,BID-000539,27,18,16,10,0,1,59.26,0,0,0,0,0.8057,8,0,1,0,0,0.8214,MEDIUM
TND-000344,BID-000012,26,19,3,1,3,19,11.54,0,0,0,0,0.2822,17,1,0,1,0,0.6875,HIGH
TND-000344,BID-000549,26,19,11,12,0,3,42.31,0,0,0,0,0.7905,11,1,0,1,0,0.8,MEDIUM
TND-000344,BID-001337,26,19,20,1,3,2,76.92,0,0,0,0,0.7222,4,1,0,1,0,0.9,LOW
TND-000344,BID-000624,26,19,15,0,0,11,57.69,0,0,0,0,0.8173,8,0,0,0,0,0.7,MEDIUM
TND-000344,BID-000352,26,19,21,0,3,2,80.77,0,0,0,0,0.803,3,1,0,0,0,0.85,LOW
TND-000346,BID-001377,29,18,4,2,1,22,13.79,0,0,0,0,0.2425,15,1,1,0,0,0.9,HIGH
TND-000346,BID-001843,29,18,3,1,1,24,10.34,0,0,0,0,0.1719,15,1,1,0,0,0.9375,HIGH
TND-000346,BID-000311,29,18,12,13,2,2,41.38,0,0,0,0,0.7595,10,1,1,1,0,0.7,MEDIUM
TND-000346,BID-001264,29,18,16,0,2,11,55.17,0,0,0,0,0.9046,7,1,1,0,0,0.75,MEDIUM
TND-000348,BID-000705,27,17,23,0,1,3,85.19,3,0,0,0,0.8325,4,1,1,1,0,0.9,LOW
TND-000348,BID-001687,27,17,24,1,1,1,88.89,0,0,0,0,0.8696,3,0,1,1,1,0.75,LOW
TND-000348,BID-001021,27,17,24,3,0,0,88.89,0,0,0,0,0.7917,3,1,0,0,0,0.8214,LOW
TND-000348,BID-000975,27,17,8,0,0,19,29.63,0,0,0,0,0.325,10,0,0,0,0,0.5833,HIGH
TND-000348,BID-000005,27,17,15,8,1,3,55.56,0,0,0,0,0.7893,8,1,1,0,0,0.8929,MEDIUM
TND-000349,BID-000527,30,17,4,1,17,8,13.33,0,0,0,5,0.7553,16,1,1,1,1,0.6071,HIGH
TND-000349,BID-001434,30,17,26,0,2,2,86.67,1,0,0,0,0.7998,3,1,0,0,1,0.7917,LOW
TND-000349,BID-000951,30,17,24,2,4,0,80.0,0,0,0,0,0.9039,4,1,1,1,0,0.9643,LOW
TND-000349,BID-001444,30,17,26,3,1,0,86.67,0,0,0,0,0.9308,3,1,1,0,0,0.6786,LOW
TND-000353,BID-001140,30,22,4,3,1,22,13.33,1,0,0,0,0.2609,20,1,1,1,1,0.9,HIGH
TND-000353,BID-001781,30,22,13,2,1,14,43.33,0,0,0,0,0.7968,13,1,1,1,0,0.9583,MEDIUM
TND-000353,BID-001338,30,22,26,3,1,0,86.67,0,0,0,0,0.8871,4,1,1,0,0,0.7857,LOW
TND-000353,BID-000209,30,22,22,3,3,2,73.33,1,0,0,0,0.7942,6,1,0,1,1,0.9167,LOW
TND-000353,BID-001892,30,22,21,0,2,7,70.0,1,0,0,0,0.8434,8,1,1,1,1,0.7917,MEDIUM
TND-000355,BID-001890,28,21,27,0,0,1,96.43,0,0,0,0,0.8127,1,0,0,1,0,0.9583,LOW
TND-000355,BID-001109,28,21,27,1,0,0,96.43,0,0,0,0,0.9345,1,1,0,0,0,0.9167,LOW
TND-000355,BID-001651,28,21,19,0,4,5,67.86,0,0,0,4,0.8414,8,1,1,1,0,0.5833,MEDIUM
TND-000355,BID-000490,28,21,11,11,1,5,39.29,0,0,0,0,0.895,13,0,1,0,0,0.7917,MEDIUM
TND-000356,BID-000843,27,19,1,0,8,18,3.7,0,0,0,5,0.7327,18,1,0,1,1,0.75,HIGH
TND-000356,BID-000121,27,19,9,0,0,18,33.33,0,0,0,0,0.3292,12,0,0,1,0,0.9167,HIGH
TND-000356,BID-001900,27,19,15,5,2,5,55.56,1,0,0,0,0.8225,10,1,1,0,1,0.875,MEDIUM
TND-000356,BID-000651,27,19,23,0,4,0,85.19,0,0,0,0,0.8741,4,1,1,0,0,0.8571,LOW
TND-000356,BID-000358,27,19,13,3,1,10,48.15,0,0,0,0,0.7414,9,0,1,0,0,0.7917,MEDIUM
TND-000357,BID-000203,30,20,26,1,1,2,86.67,0,0,0,0,0.8417,2,1,1,0,1,0.9286,LOW
TND-000357,BID-001954,30,20,25,3,2,0,83.33,0,0,0,0,0.7913,3,1,1,0,0,0.9286,LOW
TND-000357,BID-000677,30,20,16,11,1,2,53.33,0,0,0,0,0.8095,11,1,1,1,1,0.75,MEDIUM
TND-000357,BID-001516,30,20,29,0,1,0,96.67,0,0,0,0,0.8947,1,0,1,0,0,0.8214,LOW
TND-000358,BID-000095,29,19,13,4,5,7,44.83,0,0,0,0,0.7786,9,1,1,1,0,0.7857,MEDIUM
TND-000358,BID-000764,29,19,9,0,11,9,31.03,0,0,0,5,0.8679,15,1,1,1,1,0.75,HIGH
TND-000358,BID-000662,29,19,21,0,2,6,72.41,0,0,0,0,0.8772,7,1,1,0,0,0.8571,LOW
TND-000358,BID-000941,29,19,27,0,1,1,93.1,1,0,0,0,0.7675,2,0,1,0,1,0.8333,LOW
TND-000358,BID-001403,29,19,15,4,1,9,51.72,0,0,0,0,0.8309,7,1,1,1,1,0.8214,MEDIUM
TND-000360,BID-001861,29,16,23,1,3,2,79.31,0,0,0,0,0.7557,4,1,1,1,0,0.9,LOW
TND-000360,BID-000323,29,16,15,11,2,1,51.72,0,0,0,0,0.8698,10,1,0,0,0,0.7917,MEDIUM
TND-000360,BID-000681,29,16,2,2,4,21,6.9,0,0,0,0,0.2365,15,1,1,1,0,0.75,HIGH
TND-000360,BID-000219,29,16,19,3,0,7,65.52,0,0,0,0,0.8841,3,1,1,0,0,0.7083,LOW
TND-000361,BID-000418,28,20,22,3,1,2,78.57,0,0,0,0,0.8315,5,1,1,1,0,0.85,LOW
TND-000361,BID-000929,28,20,1,0,12,15,3.57,0,0,0,4,0.8913,19,1,0,1,0,0.9,HIGH
TND-000361,BID-001089,28,20,13,0,4,11,46.43,0,0,0,0,0.8176,13,1,1,1,0,0.9167,MEDIUM
TND-000361,BID-001661,28,20,3,0,14,11,10.71,0,4,0,0,0.9302,18,1,1,1,0,0.875,HIGH
TND-000366,BID-001028,28,18,17,6,3,2,60.71,0,0,0,0,0.8389,8,1,0,0,0,0.9286,MEDIUM
TND-000366,BID-000433,28,18,0,0,13,15,0.0,0,0,6,0,0.8661,18,1,1,1,1,0.9286,HIGH
TND-000366,BID-001303,28,18,9,3,1,15,32.14,1,0,0,0,0.7651,13,1,1,0,1,0.875,HIGH
TND-000366,BID-001667,28,18,16,8,3,1,57.14,0,0,0,0,0.8505,5,1,0,0,1,0.8929,LOW
TND-000367,BID-001291,27,20,2,0,11,14,7.41,0,4,0,0,0.8208,19,1,1,1,0,0.875,HIGH
TND-000367,BID-001887,27,20,8,6,0,13,29.63,0,0,0,0,0.7428,15,1,1,1,0,0.8,HIGH
TND-000367,BID-000475,27,20,24,0,1,2,88.89,0,0,0,0,0.8239,2,0,1,0,0,0.85,LOW
TND-000369,BID-000753,26,18,22,0,1,3,84.62,0,0,0,0,0.8986,4,1,1,0,0,0.8,LOW
TND-000369,BID-001112,26,18,22,0,1,3,84.62,0,0,0,0,0.8446,3,1,1,0,0,0.75,LOW
TND-000369,BID-001647,26,18,12,1,1,12,46.15,0,0,0,0,0.812,11,0,1,1,0,1.0,MEDIUM
TND-000369,BID-000106,26,18,6,0,2,18,23.08,0,0,0,0,0.2905,13,1,1,0,0,0.65,HIGH
TND-000370,BID-001361,25,18,13,2,0,10,52.0,0,0,0,0,0.8212,8,0,0,1,0,0.875,MEDIUM
TND-000370,BID-001353,25,18,21,1,0,3,84.0,0,0,0,0,0.8352,4,1,1,0,0,0.7083,LOW
TND-000370,BID-001209,25,18,3,0,2,20,12.0,0,0,0,0,0.2962,15,1,1,0,0,0.65,HIGH
TND-000374,BID-000579,23,16,3,0,11,9,13.04,0,0,0,3,0.8803,13,1,0,0,0,1.0,HIGH
TND-000374,BID-001584,23,16,19,0,4,0,82.61,0,1,0,0,0.7645,4,1,1,1,0,0.875,LOW
TND-000374,BID-001478,23,16,17,3,0,3,73.91,0,0,0,0,0.7293,4,1,0,1,0,0.9,LOW
TND-000374,BID-000847,23,16,21,0,2,0,91.3,0,0,0,0,0.893,2,1,0,0,0,0.9167,LOW
TND-000374,BID-000524,23,16,6,0,0,17,26.09,0,0,0,0,0.3396,12,0,0,1,0,0.85,HIGH
TND-000375,BID-000142,23,15,18,1,4,0,78.26,0,0,0,0,0.887,4,1,1,1,0,0.9583,LOW
TND-000375,BID-000994,23,15,9,5,4,5,39.13,0,0,0,0,0.852,10,1,1,0,0,0.9583,MEDIUM
TND-000375,BID-000977,23,15,23,0,0,0,100.0,0,0,0,0,0.8989,0,0,0,0,0,0.7917,LOW
TND-000375,BID-000396,23,15,2,1,1,19,8.7,0,0,0,0,0.2856,13,1,1,1,0,0.8,HIGH
TND-000376,BID-001986,23,15,19,0,1,3,82.61,0,0,0,0,0.9363,3,1,0,1,0,0.8333,LOW
TND-000376,BID-000907,23,15,22,1,0,0,95.65,0,0,0,0,0.929,1,0,1,0,0,0.8333,LOW
TND-000376,BID-000559,23,15,17,0,3,3,73.91,0,0,0,0,0.8708,4,1,0,1,0,0.875,LOW
TND-000378,BID-001397,25,17,21,1,1,2,84.0,0,0,0,0,0.7923,3,1,0,1,0,0.8333,LOW
TND-000378,BID-001146,25,17,3,0,2,20,12.0,2,0,0,0,0.2015,14,1,1,1,0,1.0,HIGH
TND-000378,BID-001889,25,17,9,10,1,5,36.0,1,0,0,0,0.7459,12,1,1,0,1,0.9,MEDIUM
TND-000378,BID-000701,25,17,4,1,2,18,16.0,1,0,0,0,0.3116,13,1,1,1,1,0.75,HIGH
TND-000378,BID-001639,25,17,4,4,1,16,16.0,0,0,0,0,0.3419,14,1,1,1,0,0.9167,HIGH
TND-000379,BID-001514,30,17,15,9,1,5,50.0,0,0,0,0,0.7192,9,1,1,0,0,0.8,MEDIUM
TND-000379,BID-001843,30,17,24,0,2,4,80.0,0,0,0,0,0.7159,3,1,1,0,0,0.85,LOW
TND-000379,BID-000661,30,17,12,13,1,4,40.0,0,0,0,0,0.7143,9,0,1,0,0,0.9,MEDIUM
TND-000379,BID-000170,30,17,16,0,1,13,53.33,0,0,0,0,0.8788,9,0,1,1,0,0.875,MEDIUM
TND-000380,BID-000990,24,16,20,2,1,1,83.33,1,0,0,0,0.8416,4,1,1,0,1,0.8333,LOW
TND-000380,BID-000502,24,16,17,1,1,5,70.83,0,3,0,0,0.8962,6,1,1,1,0,0.7143,MEDIUM
TND-000380,BID-000201,24,16,9,0,1,14,37.5,0,0,0,0,0.7035,10,1,1,0,0,0.7917,MEDIUM
TND-000381,BID-001640,25,14,17,6,1,1,68.0,0,0,0,0,0.8816,4,0,1,1,0,0.8333,LOW
TND-000381,BID-000688,25,14,15,0,2,8,60.0,0,0,0,0,0.8869,6,1,1,0,0,0.9167,MEDIUM
TND-000381,BID-000090,25,14,24,0,0,1,96.0,0,0,0,0,0.8658,1,0,1,0,0,0.875,LOW
TND-000382,BID-001450,30,17,8,0,0,22,26.67,2,0,0,0,0.2649,11,0,1,1,0,0.9167,HIGH
TND-000382,BID-000391,30,17,11,11,6,2,36.67,0,0,0,0,0.8072,12,1,1,0,0,0.9583,MEDIUM
TND-000382,BID-000055,30,17,16,3,1,10,53.33,0,0,0,0,0.8554,7,1,1,1,0,0.9643,MEDIUM
TND-000383,BID-000906,23,14,15,5,2,1,65.22,0,0,0,0,0.8598,4,1,1,0,0,0.8929,LOW
TND-000383,BID-000613,23,14,10,0,3,10,43.48,1,0,0,0,0.7615,8,1,1,1,0,0.9583,MEDIUM
TND-000383,BID-001084,23,14,10,0,4,9,43.48,1,0,0,0,0.8409,8,1,1,0,1,0.9167,MEDIUM
TND-000383,BID-001900,23,14,11,8,1,3,47.83,0,0,0,0,0.8043,7,1,1,0,0,0.7143,MEDIUM
TND-000383,BID-000590,23,14,10,1,1,11,43.48,0,0,0,0,0.7977,8,1,1,1,0,0.875,MEDIUM
TND-000385,BID-000416,23,13,2,1,4,16,8.7,0,0,0,0,0.295,12,1,1,1,0,0.9,HIGH
TND-000385,BID-000496,23,13,4,1,1,17,17.39,0,0,0,0,0.2768,9,1,1,0,0,0.9375,HIGH
TND-000385,BID-000409,23,13,17,0,3,3,73.91,0,0,0,0,0.7046,4,1,1,0,0,0.75,LOW
TND-000385,BID-000388,23,13,7,10,2,4,30.43,0,0,0,0,0.8414,7,1,1,1,0,0.875,MEDIUM
TND-000385,BID-000386,23,13,21,0,1,1,91.3,0,0,0,0,0.8221,1,1,0,0,0,0.75,LOW
TND-000386,BID-000880,25,16,2,0,11,12,8.0,0,0,0,3,0.882,14,1,1,1,0,0.7917,HIGH
TND-000386,BID-001833,25,16,18,1,1,5,72.0,5,0,0,0,0.7108,5,1,1,1,0,0.95,MEDIUM
TND-000386,BID-001325,25,16,7,1,1,16,28.0,0,0,0,0,0.332,11,0,1,1,0,0.8,HIGH
TND-000387,BID-000784,30,20,18,11,1,0,60.0,0,0,0,0,0.8835,9,0,1,0,0,0.9583,MEDIUM
TND-000387,BID-001740,30,20,23,2,1,4,76.67,0,0,0,0,0.7716,6,1,1,1,0,0.8,LOW
TND-000387,BID-000325,30,20,10,11,1,8,33.33,0,0,0,0,0.8213,13,1,1,0,0,0.9583,MEDIUM
TND-000387,BID-001860,30,20,3,2,0,25,10.0,3,0,0,0,0.1854,18,1,1,1,0,0.8333,HIGH
TND-000388,BID-000493,22,16,17,1,1,3,77.27,0,0,0,0,0.8048,5,0,1,1,0,0.9,LOW
TND-000388,BID-000654,22,16,16,1,1,4,72.73,0,0,0,0,0.86,5,1,1,0,0,0.8,LOW
TND-000388,BID-001348,22,16,18,0,2,2,81.82,0,0,0,0,0.8212,4,1,1,0,0,0.85,LOW
TND-000388,BID-001143,22,16,5,1,1,15,22.73,0,0,0,0,0.3366,11,1,1,1,0,0.95,HIGH
TND-000388,BID-001984,22,16,14,1,1,6,63.64,0,0,0,0,0.8706,6,0,1,1,0,0.875,MEDIUM
TND-000389,BID-001803,24,15,16,0,5,3,66.67,1,3,0,0,0.8045,6,1,0,1,1,0.75,MEDIUM
TND-000389,BID-001764,24,15,13,8,0,3,54.17,0,0,0,0,0.8045,8,1,0,1,0,0.8214,MEDIUM
TND-000389,BID-000232,24,15,20,1,1,2,83.33,0,0,0,0,0.8903,2,0,1,1,0,0.8571,LOW
TND-000389,BID-001262,24,15,11,4,2,7,45.83,1,0,0,0,0.7952,7,1,0,0,1,0.875,MEDIUM
TND-000392,BID-001434,22,14,13,0,1,8,59.09,0,0,0,0,0.7914,6,1,0,0,1,0.7857,MEDIUM
TND-000392,BID-001444,22,14,10,0,1,11,45.45,1,0,0,0,0.7319,6,0,1,0,1,0.95,MEDIUM
TND-000392,BID-000039,22,14,14,4,1,3,63.64,0,0,0,0,0.8304,6,1,1,0,0,0.6786,MEDIUM
TND-000392,BID-001187,22,14,13,0,0,9,59.09,1,0,0,0,0.8025,4,0,0,0,1,0.9,MEDIUM
TND-000393,BID-001765,27,19,22,1,4,0,81.48,0,0,0,0,0.7861,3,1,1,0,0,0.8929,LOW
TND-000393,BID-000886,27,19,10,4,1,12,37.04,0,0,0,0,0.789,9,1,1,0,0,0.9167,MEDIUM
TND-000393,BID-000134,27,19,8,1,1,17,29.63,0,0,0,0,0.3388,14,0,1,1,0,0.625,HIGH
TND-000396,BID-000982,27,18,2,0,0,25,7.41,6,0,0,0,0.0894,16,1,1,0,1,0.875,HIGH
TND-000396,BID-000368,27,18,8,1,1,17,29.63,0,0,0,0,0.3374,11,1,1,0,0,0.875,HIGH
TND-000396,BID-000015,27,18,18,6,1,2,66.67,0,0,0,0,0.8281,5,0,1,0,0,0.75,LOW
TND-000396,BID-000181,27,18,25,0,1,1,92.59,0,2,0,0,0.8236,2,0,1,1,0,0.75,LOW
TND-000397,BID-001133,28,17,15,10,2,1,53.57,0,0,0,0,0.8373,9,1,1,0,0,0.7083,MEDIUM
TND-000397,BID-001599,28,17,22,0,1,5,78.57,0,0,0,0,0.8693,3,1,1,0,0,0.9583,LOW
TND-000397,BID-001159,28,17,0,0,13,15,0.0,0,0,0,5,0.8549,17,1,1,1,0,0.875,HIGH
TND-000400,BID-001274,27,16,21,0,0,6,77.78,3,0,0,0,0.7118,5,1,1,0,0,0.75,MEDIUM
TND-000400,BID-001960,27,16,1,0,4,22,3.7,0,0,2,0,0.7377,15,1,1,1,0,0.95,HIGH
TND-000400,BID-000313,27,16,23,0,0,4,85.19,0,0,0,0,0.7087,3,0,1,0,0,0.7,LOW
TND-000401,BID-000698,30,17,16,11,2,1,53.33,0,0,0,0,0.8386,8,1,1,1,0,0.7917,MEDIUM
TND-000401,BID-001193,30,17,26,3,1,0,86.67,0,0,0,0,0.8854,4,1,1,0,0,0.75,LOW
TND-000401,BID-000783,30,17,23,0,1,6,76.67,2,0,0,0,0.7771,6,1,1,1,0,0.8333,MEDIUM
TND-000401,BID-000851,30,17,20,1,1,8,66.67,0,0,0,0,0.8559,5,0,1,1,0,0.7917,MEDIUM
TND-000401,BID-000144,30,17,28,1,1,0,93.33,0,0,0,0,0.7986,2,1,1,0,0,0.875,LOW
TND-000402,BID-000869,23,15,13,9,1,0,56.52,0,0,0,0,0.8731,5,1,1,0,0,0.9286,MEDIUM
TND-000402,BID-000371,23,15,3,0,1,19,13.04,0,0,0,4,0.336,13,1,1,1,1,0.8333,HIGH
TND-000402,BID-000257,23,15,8,0,1,14,34.78,0,0,0,0,0.8287,9,1,1,0,1,0.75,MEDIUM
TND-000403,BID-000374,28,17,17,0,1,10,60.71,1,0,0,0,0.8501,6,1,0,0,1,0.6667,MEDIUM
TND-000403,BID-000527,28,17,28,0,0,0,100.0,0,0,0,0,0.7876,0,0,0,0,0,0.8929,LOW
TND-000403,BID-001804,28,17,26,1,0,1,92.86,1,0,0,0,0.7831,2,1,0,0,1,0.8333,LOW
TND-000404,BID-001285,26,16,14,8,4,0,53.85,0,0,0,0,0.8268,8,1,1,0,0,0.9167,MEDIUM
TND-000404,BID-000636,26,16,20,4,2,0,76.92,0,0,0,0,0.834,5,1,1,1,0,0.7917,LOW
TND-000404,BID-001494,26,16,22,1,1,2,84.62,0,0,0,0,0.7423,3,0,1,1,0,0.75,LOW
TND-000404,BID-001141,26,16,22,0,2,2,84.62,0,0,0,0,0.8458,4,1,1,0,0,0.75,LOW
TND-000404,BID-000781,26,16,4,1,1,20,15.38,0,0,0,0,0.2899,13,1,1,1,0,0.85,HIGH
TND-000405,BID-000113,25,16,13,7,1,4,52.0,0,0,4,0,0.8641,8,1,1,1,0,0.7917,MEDIUM
TND-000405,BID-001003,25,16,16,8,1,0,64.0,0,0,0,0,0.8843,4,0,1,0,0,0.625,LOW
TND-000405,BID-000327,25,16,22,0,0,3,88.0,0,0,0,0,0.8527,3,1,1,1,0,0.8333,LOW
TND-000406,BID-001807,29,19,25,0,0,4,86.21,0,0,0,0,0.8891,3,1,1,1,0,0.75,LOW
TND-000406,BID-001897,29,19,23,0,0,6,79.31,0,0,0,0,0.7933,4,0,1,1,0,0.8333,LOW
TND-000406,BID-000235,29,19,8,0,1,20,27.59,0,0,0,0,0.6993,14,1,1,0,0,0.75,HIGH
TND-000406,BID-000877,29,19,27,1,1,0,93.1,0,0,0,0,0.8921,2,0,1,1,0,0.875,LOW
TND-000407,BID-000854,29,17,27,1,0,1,93.1,1,0,0,0,0.7281,2,0,1,1,0,0.85,LOW
TND-000407,BID-001523,29,17,24,0,0,5,82.76,0,0,0,0,0.7299,3,1,0,0,0,0.85,LOW
TND-000407,BID-000440,29,17,25,0,2,2,86.21,0,0,0,0,0.9449,3,1,1,1,0,0.7917,LOW
TND-000408,BID-001100,25,16,22,0,3,0,88.0,0,0,0,0,0.8317,3,1,1,0,0,0.7857,LOW
TND-000408,BID-000976,25,16,23,1,0,1,92.0,0,0,0,0,0.7291,2,0,0,1,0,0.9583,LOW
TND-000408,BID-000059,25,16,1,0,10,14,4.0,0,0,5,0,0.7785,15,1,1,1,1,0.9167,HIGH
TND-000409,BID-000643,26,15,19,2,1,4,73.08,0,0,0,0,0.735,4,1,1,1,0,0.8,LOW
TND-000409,BID-001668,26,15,20,3,0,3,76.92,3,0,0,0,0.8147,4,1,1,0,0,0.6875,MEDIUM
TND-000409,BID-000939,26,15,1,0,11,14,3.85,0,0,0,5,0.8998,14,1,1,1,0,0.875,HIGH
TND-000409,BID-001957,26,15,23,2,0,1,88.46,0,0,0,0,0.8082,3,1,1,1,0,0.875,LOW
TND-000410,BID-001413,24,15,13,0,0,11,54.17,3,0,0,0,0.7498,7,1,0,1,0,0.85,MEDIUM
TND-000410,BID-000048,24,15,6,1,1,16,25.0,0,0,0,0,0.3398,10,1,0,1,0,0.7,HIGH
TND-000410,BID-000552,24,15,22,1,0,1,91.67,0,0,0,0,0.8008,2,1,1,0,0,0.8333,LOW
TND-000412,BID-000669,27,17,12,9,2,4,44.44,0,0,0,0,0.7249,7,1,1,0,0,0.8,MEDIUM
TND-000412,BID-000526,27,17,18,2,2,5,66.67,0,0,0,0,0.6903,5,1,1,0,0,0.65,MEDIUM
TND-000412,BID-001572,27,17,7,1,1,18,25.93,0,0,0,0,0.3425,12,1,1,0,0,0.9,HIGH
TND-000412,BID-001620,27,17,21,0,1,5,77.78,0,0,0,0,0.6842,4,1,1,0,0,0.85,LOW
TND-000413,BID-001458,24,13,15,3,4,2,62.5,1,0,0,0,0.7759,5,1,1,0,1,0.875,MEDIUM
TND-000413,BID-001840,24,13,11,0,0,13,45.83,0,0,0,0,0.4185,6,0,1,0,0,0.7083,MEDIUM
TND-000413,BID-000506,24,13,9,10,5,0,37.5,0,0,0,0,0.7696,7,1,1,0,0,0.9643,MEDIUM
TND-000413,BID-000344,24,13,20,2,2,0,83.33,0,0,0,0,0.8462,2,1,1,0,0,0.6786,LOW
TND-000416,BID-001646,28,16,21,0,1,6,75.0,0,0,0,0,0.9208,4,1,1,0,0,0.75,LOW
TND-000416,BID-000578,28,16,12,7,4,5,42.86,0,0,0,0,0.8539,9,1,0,0,0,0.7083,MEDIUM
TND-000416,BID-000758,28,16,27,0,0,1,96.43,0,0,0,0,0.8965,1,0,1,0,0,0.9167,LOW
TND-000416,BID-001652,28,16,21,0,1,6,75.0,0,0,0,0,0.7276,4,0,1,0,0,0.95,LOW
TND-000416,BID-000031,28,16,19,0,1,8,67.86,1,0,0,0,0.6354,6,1,1,1,0,1.0,MEDIUM
TND-000417,BID-000282,23,17,16,4,2,1,69.57,0,0,0,0,0.853,5,1,1,0,0,0.9583,LOW
TND-000417,BID-001257,23,17,16,0,5,2,69.57,0,0,0,0,0.8713,6,1,1,1,0,0.85,LOW
TND-000417,BID-000566,23,17,9,10,0,4,39.13,0,0,0,0,0.8381,10,1,1,0,0,0.75,MEDIUM
TND-000417,BID-000720,23,17,19,1,1,2,82.61,0,0,0,0,0.9365,3,1,1,0,0,0.875,LOW
TND-000418,BID-001099,26,17,12,12,2,0,46.15,0,0,0,0,0.8635,10,1,1,0,0,0.8214,MEDIUM
TND-000418,BID-001191,26,17,1,0,10,15,3.85,1,5,0,0,0.7801,16,1,1,1,1,0.875,HIGH
TND-000418,BID-001540,26,17,22,3,1,0,84.62,0,0,0,0,0.8038,4,1,1,0,0,0.75,LOW
TND-000418,BID-000312,26,17,2,0,16,8,7.69,0,0,6,0,0.9287,16,1,1,1,1,0.8929,HIGH
TND-000419,BID-001010,24,16,12,0,0,12,50.0,0,0,0,0,0.6348,6,0,1,0,0,0.9,MEDIUM
TND-000419,BID-000144,24,16,20,2,1,1,83.33,0,0,0,0,0.8534,4,1,1,1,0,0.8333,LOW
TND-000419,BID-001044,24,16,15,0,3,6,62.5,0,0,0,0,0.8505,6,1,1,0,0,0.7917,MEDIUM
TND-000419,BID-001470,24,16,5,0,4,15,20.83,0,0,0,0,0.5886,12,1,1,0,0,0.6,HIGH
TND-000420,BID-001903,30,20,25,0,1,4,83.33,0,0,0,0,0.7171,3,0,1,0,0,0.8,LOW
TND-000420,BID-000476,30,20,16,9,1,4,53.33,0,0,0,0,0.8896,10,1,1,0,0,0.7917,MEDIUM
TND-000420,BID-000087,30,20,13,4,0,13,43.33,0,0,0,0,0.8901,14,1,1,0,0,0.875,MEDIUM
TND-000421,BID-000549,24,14,20,1,0,3,83.33,0,0,0,0,0.784,2,0,0,1,0,0.7,LOW
TND-000421,BID-001697,24,14,15,5,1,3,62.5,0,0,0,0,0.769,6,1,0,1,0,0.7083,MEDIUM
TND-000421,BID-001291,24,14,14,7,3,0,58.33,0,0,0,0,0.8866,4,1,1,0,0,0.8333,LOW
TND-000421,BID-000347,24,14,19,4,0,1,79.17,0,0,0,0,0.8407,3,1,1,0,0,0.8333,LOW
TND-000421,BID-001201,24,14,19,2,2,1,79.17,0,0,0,0,0.8977,3,1,1,0,0,0.875,LOW
TND-000422,BID-001388,30,20,25,0,5,0,83.33,0,0,0,0,0.903,4,1,1,0,0,0.9286,LOW
TND-000422,BID-000195,30,20,11,1,0,18,36.67,1,0,0,0,0.7663,14,1,1,1,1,0.7,HIGH
TND-000422,BID-001540,30,20,18,0,2,10,60.0,0,0,0,0,0.7751,9,1,1,1,0,0.8571,MEDIUM
TND-000422,BID-000393,30,20,14,10,5,1,46.67,0,0,0,0,0.8453,11,1,1,0,0,0.875,MEDIUM
TND-000422,BID-000082,30,20,26,0,3,1,86.67,0,0,0,0,0.8156,4,1,1,0,0,0.875,LOW
TND-000423,BID-001490,29,16,26,1,1,1,89.66,1,0,0,0,0.8269,3,0,1,1,1,0.6667,LOW
TND-000423,BID-000585,29,16,27,0,1,1,93.1,0,0,0,0,0.8242,2,0,1,0,1,0.8571,LOW
TND-000423,BID-001409,29,16,22,0,6,1,75.86,1,0,0,3,0.8486,6,1,1,1,1,0.9167,MEDIUM
TND-000424,BID-001899,28,17,5,1,1,21,17.86,0,0,0,0,0.2279,14,1,0,0,0,0.75,HIGH
TND-000424,BID-001793,28,17,25,0,2,1,89.29,0,0,0,0,0.8322,3,1,0,1,0,0.9583,LOW
TND-000424,BID-001608,28,17,11,10,2,5,39.29,0,0,0,0,0.8049,11,1,1,0,0,0.55,MEDIUM
TND-000426,BID-000287,28,21,22,2,3,1,78.57,1,0,0,0,0.7518,6,1,1,1,1,0.9167,LOW
TND-000426,BID-000032,28,21,20,0,5,3,71.43,1,0,0,0,0.8053,7,1,1,0,1,0.6667,MEDIUM
TND-000426,BID-000450,28,21,1,0,14,13,3.57,0,5,0,0,0.7864,20,1,1,1,1,0.6786,HIGH
TND-000427,BID-001839,30,22,17,2,0,11,56.67,0,0,0,0,0.9117,11,1,1,0,0,0.8214,MEDIUM
TND-000427,BID-000492,30,22,4,0,16,10,13.33,0,0,5,0,0.8477,19,1,1,1,1,0.7143,HIGH
TND-000427,BID-000779,30,22,3,2,15,10,10.0,1,3,0,0,0.7465,19,1,1,0,1,0.75,HIGH
TND-000427,BID-000989,30,22,13,12,1,4,43.33,1,0,0,0,0.7427,12,0,1,0,1,0.9,MEDIUM
TND-000427,BID-001090,30,22,28,0,0,2,93.33,1,0,0,0,0.7347,2,1,0,0,1,0.8333,LOW
TND-000428,BID-001160,28,20,3,3,0,22,10.71,1,0,0,0,0.2438,17,1,1,1,0,1.0,HIGH
TND-000428,BID-001391,28,20,3,0,1,24,10.71,0,0,0,0,0.2702,17,1,1,0,0,0.85,HIGH
TND-000428,BID-000038,28,20,16,4,2,6,57.14,0,0,0,0,0.8038,9,1,1,1,0,0.7917,MEDIUM
TND-000429,BID-001996,25,16,16,8,1,0,64.0,0,0,0,0,0.8254,5,0,1,0,0,0.9583,LOW
TND-000429,BID-001887,25,16,21,0,0,4,84.0,0,0,0,0,0.741,2,0,1,0,0,0.8,LOW
TND-000429,BID-000770,25,16,24,0,1,0,96.0,0,0,0,0,0.8315,1,0,1,0,0,0.875,LOW
TND-000429,BID-000211,25,16,14,0,1,10,56.0,0,0,0,0,0.836,6,1,1,0,0,0.875,MEDIUM
TND-000430,BID-001743,24,17,20,0,1,3,83.33,1,0,0,0,0.7732,3,0,1,1,1,0.75,LOW
TND-000430,BID-001935,24,17,17,5,2,0,70.83,0,0,0,0,0.8474,3,1,1,0,0,0.7857,LOW
TND-000430,BID-001345,24,17,5,7,2,10,20.83,1,0,0,0,0.7856,14,1,1,0,1,0.85,HIGH
TND-000430,BID-001569,24,17,3,0,10,11,12.5,1,4,0,0,0.7009,15,1,1,1,1,0.6,HIGH
TND-000431,BID-000162,29,20,25,3,1,0,86.21,0,0,0,0,0.827,3,1,1,0,0,0.7083,LOW
TND-000431,BID-000158,29,20,25,0,1,3,86.21,0,0,0,0,0.8483,3,0,1,0,0,1.0,LOW
TND-000431,BID-000712,29,20,13,1,4,11,44.83,0,0,0,0,0.8451,12,1,1,1,0,0.875,MEDIUM
TND-000435,BID-001166,28,16,2,0,3,23,7.14,0,0,0,0,0.2363,14,1,1,1,0,0.65,HIGH
TND-000435,BID-001199,28,16,8,1,1,18,28.57,0,0,3,0,0.8691,11,1,0,1,0,0.9583,HIGH
TND-000435,BID-001170,28,16,22,2,2,2,78.57,0,0,0,0,0.8353,5,1,1,1,0,0.7,LOW
TND-000435,BID-001185,28,16,14,12,0,2,50.0,0,0,0,0,0.8801,6,1,0,0,0,0.8333,MEDIUM
TND-000435,BID-000916,28,16,24,3,1,0,85.71,0,0,0,0,0.8371,3,1,0,0,0,0.9583,LOW
TND-000436,BID-000948,29,19,26,0,3,0,89.66,0,0,0,0,0.8328,3,1,1,0,0,0.7083,LOW
TND-000436,BID-001785,29,19,26,2,1,0,89.66,0,0,0,0,0.882,3,1,1,0,0,0.9167,LOW
TND-000436,BID-000320,29,19,17,10,2,0,58.62,0,0,0,0,0.8503,7,1,1,0,0,0.5833,LOW
TND-000436,BID-001415,29,19,27,1,1,0,93.1,0,0,0,0,0.7761,2,0,1,0,0,0.9167,LOW
TND-000437,BID-001743,23,14,9,0,1,13,39.13,1,0,0,0,0.8319,10,0,1,1,1,0.7917,HIGH
TND-000437,BID-001119,23,14,18,0,1,4,78.26,1,0,0,0,0.797,5,1,1,1,1,0.9583,MEDIUM
TND-000437,BID-000492,23,14,16,0,1,6,69.57,0,0,0,0,0.8119,3,0,1,0,0,0.75,LOW
TND-000440,BID-001981,23,14,14,2,3,4,60.87,0,0,0,0,0.6934,7,1,1,1,1,0.8333,MEDIUM
TND-000440,BID-001188,23,14,9,11,0,3,39.13,0,0,0,0,0.8261,10,1,1,1,1,0.7857,MEDIUM
TND-000440,BID-000399,23,14,6,0,1,16,26.09,1,0,0,0,0.3542,10,0,1,1,1,0.8,HIGH
TND-000441,BID-000996,22,13,21,0,1,0,95.45,0,0,0,0,0.8265,1,0,1,0,0,0.9167,LOW
TND-000441,BID-001133,22,13,14,0,4,4,63.64,0,0,5,0,0.8746,7,1,1,1,0,0.9167,MEDIUM
TND-000441,BID-000230,22,13,2,0,1,19,9.09,0,0,0,0,0.2796,11,1,1,0,0,0.9375,HIGH
TND-000441,BID-000320,22,13,17,3,1,1,77.27,0,0,0,0,0.8746,5,1,1,1,0,0.875,LOW
TND-000442,BID-001630,28,16,0,0,13,15,0.0,0,0,0,6,0.8669,16,1,1,1,0,0.9167,HIGH
TND-000442,BID-001079,28,16,4,0,17,7,14.29,0,0,0,5,0.8975,14,0,1,1,0,0.7917,HIGH
TND-000442,BID-001006,28,16,25,1,1,1,89.29,0,0,0,0,0.8245,3,0,1,1,0,0.875,LOW
TND-000443,BID-000711,27,15,22,2,1,2,81.48,1,0,0,0,0.8711,4,1,1,0,1,0.9167,LOW
TND-000443,BID-001532,27,15,16,10,0,1,59.26,1,0,0,0,0.8581,7,0,0,1,1,0.8333,MEDIUM
TND-000443,BID-001230,27,15,12,12,2,1,44.44,0,0,0,0,0.8725,7,1,1,1,0,0.8214,MEDIUM
TND-000443,BID-000534,27,15,24,1,1,1,88.89,0,0,0,0,0.8369,3,0,1,1,0,0.8333,LOW
TND-000444,BID-000342,26,16,20,1,3,2,76.92,2,0,0,0,0.8325,4,1,1,1,0,0.7,MEDIUM
TND-000444,BID-001598,26,16,20,1,0,5,76.92,1,0,0,0,0.811,4,1,1,1,1,0.7083,LOW
TND-000444,BID-001925,26,16,18,0,1,7,69.23,0,0,0,0,0.8461,5,0,1,1,0,0.8929,LOW
TND-000445,BID-001919,28,16,24,0,2,2,85.71,0,0,0,0,0.9138,4,1,1,0,0,0.875,LOW
TND-000445,BID-001858,28,16,1,0,12,15,3.57,0,0,0,5,0.8643,15,1,1,1,0,0.7083,HIGH
TND-000445,BID-000853,28,16,1,3,1,23,3.57,0,0,0,2,0.2265,15,1,1,1,0,0.8,HIGH
TND-000445,BID-001506,28,16,17,0,1,10,60.71,0,0,0,0,0.8669,6,0,1,0,0,0.75,MEDIUM
TND-000445,BID-001829,28,16,3,0,13,12,10.71,0,0,0,3,0.8137,13,0,1,1,0,0.6667,HIGH
TND-000446,BID-001404,29,19,15,0,2,12,51.72,0,0,0,0,0.851,9,1,1,0,0,0.875,MEDIUM
TND-000446,BID-001290,29,19,6,0,1,22,20.69,1,0,0,0,0.2468,15,0,1,1,1,0.95,HIGH
TND-000446,BID-001848,29,19,18,8,2,1,62.07,0,0,0,0,0.8533,8,1,1,0,1,0.75,MEDIUM
TND-000447,BID-001509,28,17,22,0,3,3,78.57,1,3,0,0,0.7744,6,1,1,1,1,0.6,MEDIUM
TND-000447,BID-001848,28,17,16,1,1,10,57.14,0,0,0,0,0.8767,8,0,1,1,0,0.8929,MEDIUM
TND-000447,BID-000482,28,17,18,0,1,9,64.29,1,0,0,0,0.8929,4,0,1,0,1,0.8333,MEDIUM
TND-000448,BID-001254,29,21,16,5,5,3,55.17,0,0,0,0,0.812,11,1,1,0,1,0.7857,MEDIUM
TND-000448,BID-001244,29,21,25,3,0,1,86.21,1,0,0,0,0.7482,3,0,1,0,1,0.9583,LOW
TND-000448,BID-000786,29,21,3,0,7,19,10.34,0,0,5,0,0.8152,19,1,1,1,1,0.7857,HIGH
TND-000450,BID-000839,26,15,11,14,1,0,42.31,0,0,0,0,0.8118,8,1,1,1,0,0.7083,MEDIUM
TND-000450,BID-000285,26,15,2,1,1,22,7.69,2,0,0,0,0.1625,14,1,0,1,0,0.625,HIGH
TND-000450,BID-001822,26,15,15,1,1,9,57.69,0,0,0,0,0.7001,5,1,0,1,0,0.85,MEDIUM
TND-000450,BID-000845,26,15,13,1,0,12,50.0,0,0,0,0,0.7057,7,1,0,1,0,0.9,MEDIUM
TND-000450,BID-000995,26,15,21,1,0,4,80.77,0,0,0,0,0.8384,3,0,0,1,0,0.95,LOW
TND-000451,BID-001928,25,16,14,9,1,1,56.0,0,0,0,0,0.9281,7,0,1,1,0,0.875,MEDIUM
TND-000451,BID-000025,25,16,20,1,1,3,80.0,0,0,0,0,0.9579,4,0,1,1,0,0.9167,LOW
TND-000451,BID-001171,25,16,21,0,0,4,84.0,0,0,0,0,0.9091,3,1,1,0,0,0.75,LOW
TND-000452,BID-001506,22,16,6,0,0,16,27.27,0,0,0,0,0.3485,12,1,0,0,0,0.8,HIGH
TND-000452,BID-001515,22,16,10,1,0,11,45.45,1,0,0,0,0.8077,11,0,1,1,0,0.8,MEDIUM
TND-000452,BID-000088,22,16,15,1,2,4,68.18,0,0,0,0,0.8772,5,1,1,1,0,0.75,MEDIUM
TND-000452,BID-000405,22,16,1,0,11,10,4.55,0,0,5,0,0.8566,15,1,0,1,0,0.7917,HIGH
TND-000452,BID-000156,22,16,19,2,1,0,86.36,0,0,0,0,0.9572,3,1,1,1,0,0.9167,LOW
TND-000454,BID-001890,23,17,12,8,0,3,52.17,0,0,0,0,0.8392,7,0,0,1,0,0.85,MEDIUM
TND-000454,BID-000357,23,17,4,0,12,7,17.39,0,3,0,0,0.885,13,1,1,0,0,1.0,HIGH
TND-000454,BID-001106,23,17,16,1,0,6,69.57,4,0,0,0,0.6007,7,1,1,1,0,1.0,MEDIUM
TND-000457,BID-001508,22,15,10,6,2,4,45.45,0,0,0,0,0.818,9,1,1,1,1,0.8571,MEDIUM
TND-000457,BID-001338,22,15,21,0,1,0,95.45,0,0,0,0,0.9433,1,1,0,0,0,0.9286,LOW
TND-000457,BID-000862,22,15,17,1,3,1,77.27,0,0,0,0,0.7886,4,1,1,1,1,0.7857,LOW
TND-000459,BID-000509,23,15,5,1,13,4,21.74,0,0,3,0,0.8859,10,0,1,1,0,0.75,HIGH
TND-000459,BID-001407,23,15,0,0,10,13,0.0,0,3,0,0,0.7413,15,1,1,1,0,0.95,HIGH
TND-000459,BID-001855,23,15,17,3,3,0,73.91,0,0,0,0,0.8481,6,1,0,0,0,0.7917,LOW
TND-000459,BID-000619,23,15,5,0,2,16,21.74,0,0,0,0,0.3404,10,1,0,0,0,0.75,HIGH
TND-000460,BID-000207,22,15,7,9,4,2,31.82,1,0,0,0,0.7976,10,1,1,1,1,0.875,MEDIUM
TND-000460,BID-001357,22,15,18,0,2,2,81.82,1,0,0,0,0.801,4,1,1,0,1,0.7917,LOW
TND-000460,BID-001050,22,15,16,0,3,3,72.73,1,0,0,0,0.8138,5,1,1,0,1,0.95,MEDIUM
TND-000460,BID-001728,22,15,14,0,4,4,63.64,0,0,0,0,0.8766,6,1,1,1,0,0.8214,MEDIUM
TND-000461,BID-001352,28,19,8,7,1,12,28.57,0,0,0,0,0.766,12,0,1,1,1,0.9167,MEDIUM
TND-000461,BID-000015,28,19,22,2,1,3,78.57,1,0,0,0,0.6921,6,1,1,0,1,0.65,MEDIUM
TND-000461,BID-000425,28,19,24,0,2,2,85.71,0,0,0,0,0.7852,4,1,1,0,0,0.7083,LOW
TND-000461,BID-000613,28,19,24,1,1,2,85.71,0,0,0,0,0.9388,4,1,1,1,0,0.8929,LOW
TND-000461,BID-000982,28,19,12,2,1,13,42.86,1,0,0,0,0.7966,13,0,1,1,1,0.8333,HIGH
TND-000463,BID-001050,22,12,2,0,4,16,9.09,1,0,0,0,0.3138,10,1,0,1,1,0.8125,HIGH
TND-000463,BID-000464,22,12,3,0,6,13,13.64,0,0,4,0,0.8029,9,1,1,0,0,0.8214,HIGH
TND-000463,BID-001527,22,12,1,1,12,8,4.55,0,3,0,0,0.8663,11,1,1,1,1,0.8571,HIGH
TND-000463,BID-001942,22,12,16,2,2,2,72.73,0,0,0,0,0.8522,5,1,1,1,0,0.8571,MEDIUM
TND-000463,BID-001192,22,12,17,0,3,2,77.27,1,0,0,0,0.8436,4,1,1,0,1,0.7917,LOW
TND-000464,BID-000894,28,16,24,0,1,3,85.71,0,0,0,0,0.8739,4,1,1,1,0,0.625,LOW
TND-000464,BID-000296,28,16,16,1,1,10,57.14,0,0,0,0,0.8636,7,0,1,1,0,0.9167,MEDIUM
TND-000464,BID-000295,28,16,10,1,2,15,35.71,0,0,0,0,0.8505,11,1,0,1,0,0.7917,MEDIUM
TND-000466,BID-000528,25,16,22,0,2,1,88.0,0,0,0,0,0.8297,2,1,1,0,0,0.8333,LOW
TND-000466,BID-001319,25,16,1,0,3,21,4.0,0,0,2,0,0.2492,15,1,1,1,0,0.6875,HIGH
TND-000466,BID-000867,25,16,7,4,2,12,28.0,0,0,0,0,0.8296,13,1,1,1,0,0.9,HIGH
TND-000466,BID-001301,25,16,14,4,2,5,56.0,0,0,0,0,0.891,7,1,0,0,0,0.9167,MEDIUM
TND-000466,BID-001843,25,16,9,0,0,16,36.0,0,0,0,0,0.8628,11,1,0,0,0,0.8,MEDIUM
TND-000467,BID-001011,23,13,10,9,1,3,43.48,0,0,0,0,0.8703,7,1,0,1,0,0.9286,MEDIUM
TND-000467,BID-001402,23,13,5,0,0,18,21.74,1,0,0,0,0.2651,9,0,1,0,1,0.75,HIGH
TND-000467,BID-001148,23,13,5,0,2,16,21.74,0,0,0,0,0.2733,9,1,1,0,0,0.85,HIGH
TND-000467,BID-000709,23,13,8,2,0,13,34.78,0,0,0,0,0.8266,7,1,1,0,0,0.9583,MEDIUM
TND-000468,BID-000204,23,15,19,0,4,0,82.61,0,0,0,0,0.8487,3,1,1,0,0,0.875,LOW
TND-000468,BID-001124,23,15,19,0,2,2,82.61,0,0,0,0,0.8641,4,1,1,1,0,0.7917,LOW
TND-000468,BID-001353,23,15,22,0,1,0,95.65,0,0,0,0,0.8794,1,0,1,0,0,0.7917,LOW
TND-000469,BID-001031,26,18,15,2,0,9,57.69,0,0,0,0,0.8449,11,0,1,0,1,0.9286,MEDIUM
TND-000469,BID-000491,26,18,25,1,0,0,96.15,0,0,0,0,0.8283,1,0,0,0,1,0.6429,LOW
TND-000469,BID-000904,26,18,18,2,2,4,69.23,0,0,0,0,0.8433,6,1,1,1,0,0.8571,LOW
TND-000469,BID-001359,26,18,15,10,0,1,57.69,0,0,0,0,0.8576,7,0,1,1,0,0.8214,MEDIUM
TND-000469,BID-001868,26,18,11,9,4,2,42.31,1,0,0,0,0.775,10,1,1,1,1,0.8333,MEDIUM
TND-000470,BID-001834,27,15,22,1,0,4,81.48,0,0,0,0,0.8605,1,0,0,1,0,0.75,LOW
TND-000470,BID-000186,27,15,13,2,1,11,48.15,0,0,0,0,0.9573,7,1,1,0,0,0.7917,MEDIUM
TND-000470,BID-000793,27,15,20,0,3,4,74.07,0,0,0,0,0.908,3,1,1,0,0,0.7917,LOW
TND-000470,BID-001845,27,15,8,0,2,17,29.63,0,0,0,0,0.3753,12,1,1,0,0,0.85,HIGH
TND-000471,BID-001769,22,16,20,0,1,1,90.91,0,0,0,0,0.8918,2,0,1,1,0,0.9583,LOW
TND-000471,BID-000319,22,16,4,0,2,16,18.18,0,0,0,0,0.2907,13,1,1,0,0,0.75,HIGH
TND-000471,BID-000533,22,16,18,1,1,2,81.82,0,0,0,0,0.9275,3,1,1,0,0,0.7917,LOW
TND-000472,BID-000006,25,14,21,0,3,1,84.0,0,0,0,0,0.8,3,1,1,0,0,0.9167,LOW
TND-000472,BID-000443,25,14,8,14,2,1,32.0,0,0,0,0,0.9008,12,1,1,1,0,0.9167,HIGH
TND-000472,BID-000087,25,14,0,0,2,23,0.0,0,0,0,4,0.2169,14,1,1,1,0,0.75,HIGH
TND-000474,BID-001832,28,21,27,0,1,0,96.43,0,0,0,0,0.937,1,0,1,0,0,0.9167,LOW
TND-000474,BID-001006,28,21,20,0,4,4,71.43,0,0,4,0,0.7572,8,1,1,1,0,0.6667,MEDIUM
TND-000474,BID-001064,28,21,12,15,1,0,42.86,0,0,0,0,0.8872,13,1,1,0,0,0.875,MEDIUM
TND-000476,BID-001193,26,16,25,0,0,1,96.15,0,0,0,0,0.9148,1,0,1,0,0,0.875,LOW
TND-000476,BID-000070,26,16,25,0,1,0,96.15,0,0,0,0,0.7841,1,0,1,0,0,0.8333,LOW
TND-000476,BID-001701,26,16,12,2,3,9,46.15,0,0,0,0,0.7459,9,1,1,1,0,0.6,MEDIUM
TND-000479,BID-000044,22,12,11,1,1,9,50.0,0,0,0,0,0.9145,6,1,1,0,0,0.75,MEDIUM
TND-000479,BID-001374,22,12,18,1,1,2,81.82,0,0,0,0,0.8679,2,1,0,1,0,0.9167,LOW
TND-000479,BID-000259,22,12,20,1,1,0,90.91,0,0,0,0,0.7797,1,1,1,0,0,0.7917,LOW
TND-000479,BID-001973,22,12,19,0,1,2,86.36,0,0,0,0,0.7711,3,0,1,1,0,0.95,LOW
TND-000480,BID-000641,22,16,0,1,3,18,0.0,2,0,0,0,0.171,16,1,1,1,0,0.5,HIGH
TND-000480,BID-000053,22,16,2,0,4,16,9.09,0,0,0,0,0.3016,14,1,1,0,0,0.8,HIGH
TND-000480,BID-000379,22,16,2,0,4,16,9.09,0,0,0,0,0.2806,14,1,1,0,0,0.85,HIGH
TND-000481,BID-001449,24,18,12,1,0,11,50.0,1,0,0,0,0.8546,8,0,1,1,1,0.8333,MEDIUM
TND-000481,BID-001753,24,18,9,7,2,6,37.5,0,0,4,0,0.7433,12,1,1,1,1,0.7917,HIGH
TND-000481,BID-001781,24,18,9,0,0,15,37.5,2,0,0,0,0.694,12,1,1,0,1,0.5,HIGH
TND-000482,BID-001183,22,14,12,1,1,8,54.55,0,0,0,0,0.8288,7,0,1,1,0,0.875,MEDIUM
TND-000482,BID-000469,22,14,1,0,0,21,4.55,0,0,0,3,0.2175,13,1,1,1,0,0.9375,HIGH
TND-000482,BID-001317,22,14,19,0,2,1,86.36,0,0,0,0,0.822,3,1,1,0,0,0.8333,LOW
TND-000482,BID-000959,22,14,16,2,1,3,72.73,0,0,0,0,0.7556,4,1,1,0,0,0.8,LOW
TND-000482,BID-000678,22,14,7,0,1,14,31.82,0,0,0,0,0.3385,9,0,1,0,0,0.95,HIGH
TND-000483,BID-001911,26,16,22,1,0,3,84.62,0,0,0,0,0.7436,3,1,1,0,0,0.7,LOW
TND-000483,BID-000903,26,16,24,0,1,1,92.31,0,0,0,0,0.8976,2,0,1,1,0,0.8333,LOW
TND-000483,BID-001281,26,16,23,1,1,1,88.46,0,0,0,0,0.7613,3,1,1,0,0,0.7917,LOW
TND-000483,BID-000478,26,16,19,2,0,5,73.08,2,0,0,0,0.8093,6,1,1,1,0,0.8333,MEDIUM
TND-000484,BID-000539,25,18,19,2,3,1,76.0,0,0,0,0,0.8895,4,1,1,1,1,0.9286,LOW
TND-000484,BID-000590,25,18,15,4,2,4,60.0,1,0,0,0,0.7226,7,1,1,0,1,0.9,MEDIUM
TND-000484,BID-000915,25,18,19,0,6,0,76.0,0,0,0,0,0.8992,3,1,1,0,0,0.9286,LOW
TND-000485,BID-000398,29,19,11,11,1,6,37.93,0,0,0,0,0.8085,12,1,1,0,0,0.7,MEDIUM
TND-000485,BID-000455,29,19,28,0,1,0,96.55,0,0,0,0,0.8173,1,0,1,0,0,0.75,LOW
TND-000485,BID-000763,29,19,10,0,8,11,34.48,0,0,0,0,0.7947,13,1,1,1,0,0.8333,MEDIUM
TND-000485,BID-000598,29,19,2,4,5,18,6.9,0,0,0,0,0.351,17,1,1,0,0,0.9,HIGH
TND-000486,BID-001995,28,20,26,1,1,0,92.86,0,0,0,0,0.902,2,0,1,1,0,1.0,LOW
TND-000486,BID-001216,28,20,9,8,4,7,32.14,0,0,0,0,0.865,16,1,1,1,0,0.9167,MEDIUM
TND-000486,BID-001618,28,20,2,0,9,17,7.14,0,3,0,0,0.9159,18,1,1,0,0,0.7083,HIGH
TND-000488,BID-000648,24,13,10,6,1,7,41.67,1,0,0,0,0.845,7,1,0,1,1,0.8333,MEDIUM
TND-000488,BID-000904,24,13,5,6,0,13,20.83,0,0,0,0,0.4492,11,1,1,1,1,0.7917,HIGH
TND-000488,BID-001978,24,13,0,4,8,12,0.0,0,0,0,5,0.6862,13,1,1,1,1,0.9583,HIGH
TND-000488,BID-001078,24,13,21,1,2,0,87.5,0,0,0,0,0.8149,2,1,1,0,0,0.8571,LOW
TND-000488,BID-001211,24,13,12,5,2,5,50.0,0,0,0,0,0.8614,6,1,1,1,1,0.75,MEDIUM
TND-000489,BID-000163,24,14,22,0,1,1,91.67,0,0,0,0,0.8524,2,0,1,1,0,0.875,LOW
TND-000489,BID-001825,24,14,14,1,1,8,58.33,0,0,0,0,0.9217,5,1,1,1,0,0.75,MEDIUM
TND-000489,BID-000186,24,14,2,3,12,7,8.33,0,0,3,0,0.8776,12,1,1,1,0,0.8333,HIGH
TND-000489,BID-000146,24,14,12,10,0,2,50.0,2,0,0,0,0.7977,9,1,1,1,0,0.9375,MEDIUM
TND-000490,BID-000913,28,20,18,3,3,4,64.29,0,0,0,0,0.7851,5,1,1,1,0,0.8333,LOW
TND-000490,BID-001921,28,20,23,2,0,3,82.14,0,0,0,0,0.9377,5,1,0,1,1,0.75,LOW
TND-000490,BID-001800,28,20,17,3,3,5,60.71,1,0,0,0,0.7393,8,1,1,0,1,0.9,MEDIUM
TND-000491,BID-001335,28,19,14,0,4,10,50.0,0,0,0,3,0.8245,10,1,0,1,0,0.9583,HIGH
TND-000491,BID-000388,28,19,0,0,12,16,0.0,0,0,0,6,0.8904,19,1,1,1,0,0.875,HIGH
TND-000491,BID-000500,28,19,4,1,2,21,14.29,0,0,0,0,0.2383,15,1,1,0,0,0.9,HIGH
TND-000491,BID-001378,28,19,25,0,3,0,89.29,0,0,0,0,0.8745,2,1,0,0,0,0.5,LOW
TND-000491,BID-000113,28,19,3,0,2,23,10.71,0,0,0,0,0.2211,16,1,1,0,0,0.8,HIGH
TND-000492,BID-001208,23,13,4,1,1,17,17.39,0,0,0,0,0.3481,11,1,1,1,0,0.95,HIGH
TND-000492,BID-001515,23,13,20,0,0,3,86.96,0,0,0,0,0.7941,1,0,0,0,0,0.9,LOW
TND-000492,BID-000037,23,13,15,0,0,8,65.22,5,0,0,0,0.5673,5,1,1,1,0,0.875,MEDIUM
TND-000492,BID-000929,23,13,17,3,0,3,73.91,0,0,0,0,0.6748,3,1,0,0,0,0.75,LOW
TND-000492,BID-000809,23,13,8,1,0,14,34.78,0,0,0,0,0.3435,7,0,0,0,0,0.75,MEDIUM
TND-000493,BID-000084,28,20,22,2,2,2,78.57,0,0,0,0,0.7728,3,1,0,1,0,0.7917,LOW
TND-000493,BID-000748,28,20,19,0,5,4,67.86,0,0,0,4,0.8383,6,1,1,1,0,0.8333,MEDIUM
TND-000493,BID-001867,28,20,2,3,1,22,7.14,0,0,0,0,0.3015,19,1,1,1,0,0.8,HIGH
TND-000493,BID-000820,28,20,23,0,4,1,82.14,0,0,0,0,0.8615,3,1,0,0,0,0.9583,LOW
TND-000493,BID-000755,28,20,20,8,0,0,71.43,0,0,0,0,0.8094,6,0,0,0,0,0.6667,LOW
TND-000494,BID-001167,28,21,5,3,11,9,17.86,0,3,0,0,0.8809,17,0,1,1,0,0.875,HIGH
TND-000494,BID-000049,28,21,23,0,0,5,82.14,4,0,0,0,0.7014,5,1,1,0,0,0.875,MEDIUM
TND-000494,BID-000238,28,21,15,2,1,10,53.57,0,0,0,0,0.7885,9,1,1,1,0,0.95,MEDIUM
TND-000494,BID-001431,28,21,3,3,2,20,10.71,0,0,0,0,0.3218,19,1,1,1,0,0.85,HIGH
TND-000495,BID-000350,22,15,8,10,2,2,36.36,1,0,0,0,0.7617,11,1,1,1,0,0.875,MEDIUM
TND-000495,BID-000553,22,15,15,0,1,6,68.18,6,0,0,0,0.6174,5,1,1,1,0,0.875,MEDIUM
TND-000495,BID-000353,22,15,7,5,1,9,31.82,0,0,0,0,0.8276,12,1,1,1,0,0.8333,HIGH
TND-000496,BID-000032,24,13,18,1,4,1,75.0,0,0,0,0,0.9022,4,1,1,1,0,0.8571,LOW
TND-000496,BID-001366,24,13,22,0,0,2,91.67,1,0,0,0,0.8351,2,0,0,1,1,0.75,LOW
TND-000496,BID-001187,24,13,17,4,0,3,70.83,1,0,0,0,0.7417,4,1,0,0,1,1.0,MEDIUM
TND-000496,BID-000701,24,13,13,2,2,7,54.17,0,0,0,0,0.8455,6,1,1,0,0,0.9286,MEDIUM
TND-000496,BID-000859,24,13,8,1,1,14,33.33,0,0,0,0,0.3682,8,1,1,0,0,0.7083,HIGH
TND-000497,BID-001754,30,17,23,2,0,5,76.67,1,0,0,0,0.7081,5,0,1,1,1,0.7,MEDIUM
TND-000497,BID-000798,30,17,23,0,1,6,76.67,0,0,0,0,0.7146,5,1,1,1,0,0.875,LOW
TND-000497,BID-001483,30,17,25,2,2,1,83.33,0,0,0,0,0.9388,5,1,1,1,0,0.8571,LOW
TND-000497,BID-000503,30,17,13,3,0,14,43.33,0,0,0,0,0.8634,10,0,1,0,1,0.8571,MEDIUM
TND-000497,BID-001197,30,17,17,1,1,11,56.67,0,0,0,0,0.8543,9,0,1,0,1,0.7857,MEDIUM
TND-000498,BID-001532,24,17,17,2,1,4,70.83,0,0,0,0,0.7766,6,0,1,0,0,0.9286,LOW
TND-000498,BID-000584,24,17,0,0,7,17,0.0,1,0,4,0,0.6507,17,1,1,1,1,0.75,HIGH
TND-000498,BID-001383,24,17,18,0,1,5,75.0,0,0,0,0,0.8125,5,1,1,0,0,0.8333,LOW
TND-000498,BID-000021,24,17,19,0,2,3,79.17,1,0,0,0,0.8284,5,1,1,1,0,0.9167,LOW
TND-000498,BID-000798,24,17,9,9,2,4,37.5,0,0,0,0,0.8149,11,1,1,0,0,0.75,MEDIUM
TND-000500,BID-001523,30,21,2,0,16,12,6.67,0,0,4,0,0.8713,20,1,1,1,0,0.8333,HIGH
TND-000500,BID-000518,30,21,24,0,1,5,80.0,0,0,0,0,0.7946,4,1,1,0,0,0.9,LOW
TND-000500,BID-000796,30,21,4,0,1,25,13.33,0,0,0,0,0.2847,17,1,1,0,0,0.5625,HIGH
TND-000500,BID-000389,30,21,22,3,1,4,73.33,0,0,0,0,0.8279,6,1,1,1,0,0.75,LOW
TND-000500,BID-000702,30,21,16,10,1,3,53.33,0,0,0,0,0.8368,12,1,1,1,0,0.7083,MEDIUM
TND-000502,BID-000656,22,13,15,0,4,3,68.18,1,0,0,0,0.7707,6,1,1,1,1,0.875,MEDIUM
TND-000502,BID-000495,22,13,17,0,1,4,77.27,1,0,0,0,0.7689,4,0,1,1,1,0.6,MEDIUM
TND-000502,BID-000005,22,13,20,0,0,2,90.91,0,0,0,0,0.8533,2,0,1,0,1,0.7857,LOW
TND-000504,BID-000508,26,18,20,1,5,0,76.92,0,0,0,0,0.8761,3,1,1,0,0,0.8333,LOW
TND-000504,BID-000445,26,18,11,0,3,12,42.31,0,0,0,0,0.8271,11,1,1,1,0,0.8,MEDIUM
TND-000504,BID-000965,26,18,4,0,4,18,15.38,0,0,0,0,0.32,16,1,1,1,0,0.6,HIGH
TND-000506,BID-001010,26,15,17,1,0,8,65.38,0,0,0,0,0.8467,6,1,0,0,0,0.8333,MEDIUM
TND-000506,BID-000588,26,15,9,5,0,12,34.62,0,0,0,0,0.8223,9,1,0,0,0,0.95,MEDIUM
TND-000506,BID-000108,26,15,5,0,1,20,19.23,2,0,0,0,0.2103,12,1,1,1,0,0.5,HIGH
TND-000507,BID-001177,22,15,11,9,1,1,50.0,0,0,0,0,0.9375,7,0,1,1,0,0.7143,MEDIUM
TND-000507,BID-001925,22,15,20,0,1,1,90.91,1,0,0,0,0.763,2,0,1,0,1,0.7083,LOW
TND-000507,BID-001534,22,15,0,0,11,11,0.0,1,0,5,0,0.8934,15,1,1,1,1,0.8333,HIGH
TND-000508,BID-000859,28,19,25,1,2,0,89.29,0,0,0,0,0.8994,3,1,1,0,0,0.8571,LOW
TND-000508,BID-001520,28,19,21,0,1,6,75.0,0,0,0,0,0.6856,5,1,1,1,0,0.8333,LOW
TND-000508,BID-000729,28,19,23,3,1,1,82.14,1,0,0,0,0.798,5,1,0,1,1,0.75,LOW
TND-000508,BID-000481,28,19,20,1,2,5,71.43,1,0,0,0,0.7121,6,1,1,0,1,0.75,MEDIUM
TND-000508,BID-001334,28,19,26,2,0,0,92.86,0,0,0,0,0.911,2,1,0,0,0,0.6786,LOW
TND-000510,BID-000502,28,20,18,10,0,0,64.29,0,0,0,0,0.8653,8,1,0,0,0,0.9286,LOW
TND-000510,BID-001684,28,20,2,0,5,21,7.14,1,4,0,0,0.8838,18,1,0,1,1,0.8333,HIGH
TND-000510,BID-001024,28,20,8,1,0,19,28.57,0,0,0,0,0.2759,14,0,0,1,0,0.6667,HIGH
TND-000510,BID-000990,28,20,15,0,0,13,53.57,0,0,0,0,0.846,8,0,0,0,0,0.7857,MEDIUM
TND-000511,BID-001002,30,18,23,1,3,3,76.67,1,0,0,0,0.766,6,1,1,1,1,0.9167,MEDIUM
TND-000511,BID-001985,30,18,27,0,3,0,90.0,0,0,0,0,0.9486,3,1,1,0,0,0.7857,LOW
TND-000511,BID-000377,30,18,27,2,1,0,90.0,0,0,0,0,0.807,2,1,1,0,0,0.75,LOW
TND-000511,BID-001165,30,18,9,1,4,16,30.0,0,0,0,4,0.8153,13,1,1,1,1,0.8929,HIGH
TND-000511,BID-001028,30,18,0,0,13,17,0.0,0,0,0,7,0.9171,18,1,1,1,1,0.8214,HIGH
TND-000514,BID-001537,23,13,12,10,0,1,52.17,0,0,0,0,0.9072,8,1,1,1,0,0.875,MEDIUM
TND-000514,BID-000476,23,13,11,11,0,1,47.83,0,0,0,0,0.7792,6,0,1,1,0,0.9167,MEDIUM
TND-000514,BID-001791,23,13,18,0,1,4,78.26,0,0,0,0,0.7898,4,1,0,1,0,0.65,LOW
TND-000514,BID-001556,23,13,3,0,3,17,13.04,0,0,0,0,0.2964,11,1,1,0,0,0.55,HIGH
TND-000515,BID-001973,25,18,10,12,0,3,40.0,0,0,0,0,0.8824,12,0,1,1,0,0.9,MEDIUM
TND-000515,BID-000307,25,18,23,1,0,1,92.0,0,0,0,0,0.9429,2,0,1,0,0,0.7917,LOW
TND-000515,BID-000956,25,18,9,11,0,5,36.0,0,0,0,0,0.9003,13,1,1,1,0,0.75,MEDIUM
TND-000515,BID-000350,25,18,21,1,1,2,84.0,0,0,0,0,0.7382,4,1,1,1,0,0.9,LOW
TND-000517,BID-000379,29,21,17,7,2,3,58.62,0,0,0,0,0.885,10,1,0,0,0,0.9583,MEDIUM
TND-000517,BID-001377,29,21,26,0,3,0,89.66,0,0,0,0,0.8388,3,1,1,0,0,0.8333,LOW
TND-000517,BID-001022,29,21,6,16,5,2,20.69,0,0,2,0,0.9031,17,1,0,1,0,0.8333,HIGH
TND-000517,BID-001793,29,21,21,0,2,6,72.41,0,0,0,0,0.8073,6,1,0,0,0,0.7917,LOW
TND-000518,BID-000840,28,19,3,2,0,23,10.71,0,0,0,0,0.3252,17,1,1,1,0,0.75,HIGH
TND-000518,BID-001124,28,19,15,11,2,0,53.57,0,0,0,0,0.9042,9,1,1,1,0,0.7917,MEDIUM
TND-000518,BID-001797,28,19,23,0,4,1,82.14,0,0,0,0,0.7988,4,1,1,1,0,0.9167,LOW
TND-000518,BID-001771,28,19,10,0,4,14,35.71,0,0,0,0,0.6852,11,1,1,0,0,0.75,MEDIUM
TND-000519,BID-001824,26,18,13,0,4,9,50.0,0,0,0,0,0.7875,9,1,1,0,0,0.9643,MEDIUM
TND-000519,BID-001908,26,18,22,0,1,3,84.62,0,0,0,0,0.8402,4,1,1,0,0,0.7143,LOW
TND-000519,BID-000633,26,18,2,0,0,24,7.69,6,0,0,0,0.1629,16,1,1,1,0,0.75,HIGH
TND-000519,BID-000984,26,18,24,1,0,1,92.31,0,0,0,0,0.8387,2,1,0,1,0,0.8571,LOW
TND-000520,BID-000457,25,14,9,1,0,15,36.0,5,0,0,0,0.6344,10,1,1,1,1,1.0,HIGH
TND-000520,BID-000430,25,14,9,0,0,16,36.0,5,0,0,0,0.6542,6,1,1,0,1,0.8333,HIGH
TND-000520,BID-000122,25,14,17,0,4,4,68.0,1,5,0,0,0.745,5,1,1,1,1,0.6667,MEDIUM
TND-000520,BID-000990,25,14,24,1,0,0,96.0,0,0,0,0,0.911,1,0,0,1,0,0.8929,LOW
TND-000520,BID-001129,25,14,9,1,0,15,36.0,1,0,0,0,0.8166,9,1,1,0,1,0.9167,HIGH
TND-000521,BID-000602,27,20,14,13,0,0,51.85,0,0,0,0,0.875,10,0,0,0,0,0.7917,MEDIUM
TND-000521,BID-001904,27,20,1,0,1,25,3.7,0,0,4,0,0.2769,19,1,1,1,0,0.9,HIGH
TND-000521,BID-001552,27,20,15,9,2,1,55.56,0,0,0,0,0.8732,10,1,1,0,0,0.8333,MEDIUM
TND-000521,BID-001185,27,20,19,0,0,8,70.37,0,0,0,0,0.7651,5,0,0,0,0,1.0,LOW
TND-000522,BID-000108,28,18,23,0,5,0,82.14,0,0,0,0,0.8856,4,1,1,0,0,0.7083,LOW
TND-000522,BID-000264,28,18,21,3,4,0,75.0,0,0,0,0,0.8244,6,1,1,0,0,0.875,LOW
TND-000522,BID-000188,28,18,4,0,10,14,14.29,0,0,0,5,0.839,15,0,1,1,0,0.9167,HIGH
TND-000522,BID-000983,28,18,12,2,4,10,42.86,0,0,3,0,0.8468,11,1,1,1,0,0.875,MEDIUM
TND-000523,BID-000076,24,13,15,0,1,8,62.5,4,0,0,0,0.5544,5,1,1,1,0,0.8125,MEDIUM
TND-000523,BID-000658,24,13,15,0,1,8,62.5,0,0,0,0,0.9018,4,1,1,0,0,0.8333,MEDIUM
TND-000523,BID-001668,24,13,22,1,1,0,91.67,0,0,0,0,0.8499,2,0,1,1,0,0.875,LOW
TND-000523,BID-001837,24,13,15,3,0,6,62.5,0,0,0,0,0.8183,5,1,1,1,0,0.85,MEDIUM
TND-000524,BID-000399,25,18,15,0,0,10,60.0,0,0,0,0,0.8858,7,0,1,1,0,0.7857,MEDIUM
TND-000524,BID-001924,25,18,21,0,2,2,84.0,0,0,0,0,0.8232,3,1,1,0,1,0.8929,LOW
TND-000524,BID-001358,25,18,1,0,4,20,4.0,2,0,0,0,0.1758,17,1,1,1,1,0.9167,HIGH
TND-000524,BID-001835,25,18,21,2,0,2,84.0,0,0,0,0,0.7801,4,1,1,1,0,0.8929,LOW
TND-000524,BID-001983,25,18,13,6,3,3,52.0,0,0,0,0,0.7945,7,1,1,1,0,0.875,MEDIUM
TND-000525,BID-000332,26,17,25,0,0,1,96.15,0,0,0,0,0.8833,1,0,1,0,0,0.8333,LOW
TND-000525,BID-000629,26,17,23,1,0,2,88.46,0,0,0,0,0.8592,2,0,0,1,0,0.7917,LOW
TND-000525,BID-000960,26,17,25,0,1,0,96.15,0,0,0,0,0.8609,1,0,1,0,0,0.9167,LOW
TND-000525,BID-000526,26,17,23,0,1,2,88.46,0,0,0,0,0.7133,2,0,1,0,0,0.9,LOW
TND-000525,BID-001822,26,17,10,12,1,3,38.46,0,0,0,0,0.7796,11,1,1,1,0,0.9,MEDIUM
TND-000527,BID-000367,24,18,16,0,2,6,66.67,0,0,0,2,0.8108,8,1,1,1,1,0.75,MEDIUM
TND-000527,BID-001080,24,18,21,2,1,0,87.5,0,0,0,0,0.8445,3,1,1,1,0,0.8214,LOW
TND-000527,BID-000368,24,18,2,0,5,17,8.33,1,5,0,0,0.8002,16,0,1,1,1,0.8333,HIGH
TND-000528,BID-001217,26,17,18,1,4,3,69.23,1,0,0,0,0.7945,7,1,0,1,1,1.0,MEDIUM
TND-000528,BID-000203,26,17,1,0,0,25,3.85,7,0,0,0,0.0609,16,1,1,1,0,0.5,HIGH
TND-000528,BID-001513,26,17,17,3,0,6,65.38,0,0,0,0,0.8075,6,0,1,0,0,0.7857,MEDIUM
TND-000530,BID-000810,27,18,12,10,1,4,44.44,0,0,0,0,0.8366,9,1,1,1,0,0.7083,MEDIUM
TND-000530,BID-001307,27,18,23,0,4,0,85.19,0,0,0,0,0.8995,4,1,1,0,0,0.7917,LOW
TND-000530,BID-001875,27,18,19,2,2,4,70.37,0,0,0,0,0.7812,6,1,1,1,0,0.75,MEDIUM
TND-000530,BID-000146,27,18,21,5,1,0,77.78,0,0,0,0,0.955,4,1,1,0,0,0.9583,LOW
TND-000530,BID-000793,27,18,12,12,0,3,44.44,0,0,0,0,0.8416,12,1,0,1,0,0.75,MEDIUM
TND-000531,BID-001140,22,16,11,7,2,2,50.0,0,0,0,0,0.8825,10,1,0,1,0,0.7857,MEDIUM
TND-000531,BID-001952,22,16,15,5,1,1,68.18,0,0,0,0,0.7442,5,1,1,0,1,0.7917,LOW
TND-000531,BID-000093,22,16,16,2,0,4,72.73,0,0,0,0,0.8034,4,1,0,1,0,0.8214,LOW
TND-000531,BID-001709,22,16,16,5,1,0,72.73,0,0,0,0,0.9415,4,1,0,1,0,0.8571,LOW
TND-000531,BID-001032,22,16,12,8,0,2,54.55,0,0,0,0,0.8318,8,0,1,1,1,0.8571,MEDIUM
TND-000532,BID-000256,30,20,13,2,1,14,43.33,1,0,0,0,0.6812,13,1,1,0,1,0.95,MEDIUM
TND-000532,BID-000477,30,20,14,1,4,11,46.67,0,0,0,0,0.7805,10,1,1,0,0,0.7857,MEDIUM
TND-000532,BID-001775,30,20,19,3,1,7,63.33,1,0,0,0,0.7466,8,1,1,1,1,0.8333,MEDIUM
TND-000532,BID-001626,30,20,9,0,0,21,30.0,1,0,0,0,0.6319,13,0,1,0,1,0.75,HIGH
TND-000532,BID-001032,30,20,19,10,1,0,63.33,0,0,0,0,0.862,8,0,1,0,1,0.8929,MEDIUM
TND-000533,BID-001155,28,16,23,0,0,5,82.14,0,0,0,0,0.6807,1,0,1,0,0,0.75,LOW
TND-000533,BID-001988,28,16,13,10,0,5,46.43,1,0,0,0,0.7826,10,1,1,0,1,0.7917,MEDIUM
TND-000533,BID-000582,28,16,22,2,1,3,78.57,0,0,0,0,0.8694,6,1,1,1,1,0.7857,LOW
TND-000533,BID-000394,28,16,1,0,0,27,3.57,2,0,0,0,0.1775,15,1,1,1,0,0.8333,HIGH
TND-000533,BID-001839,28,16,2,0,10,16,7.14,0,0,5,0,0.8655,14,1,1,0,1,1.0,HIGH
TND-000535,BID-000320,26,17,2,2,5,17,7.69,0,0,0,0,0.31,15,1,1,1,0,0.95,HIGH
TND-000535,BID-000815,26,17,3,2,0,21,11.54,0,0,0,0,0.308,15,1,0,1,0,0.75,HIGH
TND-000535,BID-001479,26,17,12,11,1,2,46.15,0,0,0,0,0.8715,10,0,1,0,0,0.7083,MEDIUM
TND-000535,BID-001833,26,17,20,1,5,0,76.92,0,0,0,0,0.8858,4,1,1,1,0,0.8333,LOW
TND-000536,BID-000986,26,16,4,0,1,21,15.38,0,0,0,0,0.2552,13,1,1,0,1,0.8,HIGH
TND-000536,BID-001290,26,16,18,0,1,7,69.23,1,0,0,0,0.8116,6,0,1,0,1,0.9167,MEDIUM
TND-000536,BID-001333,26,16,20,2,3,1,76.92,0,0,0,0,0.939,5,1,1,1,1,0.75,LOW
TND-000536,BID-001221,26,16,24,0,0,2,92.31,1,0,0,0,0.8737,2,0,1,0,1,0.9167,LOW
TND-000540,BID-000396,30,19,28,2,0,0,93.33,0,0,0,0,0.8816,1,0,0,0,0,0.8333,LOW
TND-000540,BID-001163,30,19,22,3,5,0,73.33,0,0,0,0,0.8703,6,1,0,1,0,0.75,LOW
TND-000540,BID-001103,30,19,0,0,13,17,0.0,0,0,0,5,0.8296,19,1,1,1,0,0.85,HIGH
TND-000540,BID-001861,30,19,11,13,6,0,36.67,0,0,0,0,0.7977,12,1,1,1,0,0.9167,MEDIUM
TND-000540,BID-001307,30,19,11,2,5,12,36.67,0,0,0,0,0.8047,14,1,0,1,0,0.875,MEDIUM
TND-000541,BID-000289,30,22,9,1,1,19,30.0,0,0,0,0,0.3445,15,1,0,0,0,0.75,HIGH
TND-000541,BID-000609,30,22,24,0,0,6,80.0,0,0,0,0,0.7,4,0,0,0,0,0.7,LOW
TND-000541,BID-000657,30,22,4,0,1,25,13.33,0,0,0,0,0.1714,18,0,1,0,0,0.8125,HIGH
TND-000542,BID-000465,22,14,8,0,0,14,36.36,0,0,0,0,0.4,10,0,1,0,0,0.7917,HIGH
TND-000542,BID-001783,22,14,10,1,1,10,45.45,0,0,0,0,0.8365,7,0,1,0,0,0.6429,MEDIUM
TND-000542,BID-001739,22,14,15,1,3,3,68.18,0,2,0,0,0.7948,3,1,0,1,0,0.7083,MEDIUM
TND-000542,BID-001329,22,14,19,0,3,0,86.36,0,0,0,0,0.8776,1,1,0,0,0,0.9643,LOW
TND-000542,BID-001122,22,14,13,0,0,9,59.09,0,0,0,0,0.814,6,0,0,1,0,0.7857,MEDIUM
TND-000543,BID-000569,30,20,25,1,4,0,83.33,0,0,0,0,0.9121,4,1,1,0,0,0.9286,LOW
TND-000543,BID-000866,30,20,28,0,1,1,93.33,1,0,0,0,0.9269,2,0,1,0,1,0.875,LOW
TND-000543,BID-000778,30,20,22,0,4,4,73.33,1,0,0,0,0.8537,6,1,0,1,1,0.85,MEDIUM
TND-000543,BID-000506,30,20,14,0,5,11,46.67,0,0,0,0,0.8597,10,1,1,0,0,0.75,MEDIUM
TND-000544,BID-001428,24,14,11,1,1,11,45.83,0,0,0,0,0.9113,7,1,1,1,0,0.9167,MEDIUM
TND-000544,BID-000165,24,14,20,1,3,0,83.33,0,0,0,0,0.9111,4,1,1,1,0,0.875,LOW
TND-000544,BID-001323,24,14,14,0,7,3,58.33,0,0,5,0,0.9172,7,1,1,1,0,0.75,MEDIUM
TND-000545,BID-000944,30,22,23,0,4,3,76.67,1,0,0,0,0.79,6,1,1,1,1,0.75,LOW
TND-000545,BID-000811,30,22,28,0,1,1,93.33,0,0,0,0,0.8248,2,1,1,0,0,0.5714,LOW
TND-000545,BID-000752,30,22,14,1,4,11,46.67,0,0,0,0,0.8713,13,1,1,1,0,0.8333,MEDIUM
TND-000546,BID-001846,29,20,26,1,1,1,89.66,1,0,0,0,0.7416,3,0,1,0,1,0.7917,LOW
TND-000546,BID-000403,29,20,25,0,2,2,86.21,0,0,0,0,0.7958,4,1,1,0,0,0.9167,LOW
TND-000546,BID-000535,29,20,14,12,2,1,48.28,1,0,0,0,0.8136,8,1,1,0,1,0.8333,MEDIUM
TND-000547,BID-000174,30,22,20,0,0,10,66.67,0,0,0,0,0.8777,8,0,0,0,0,0.8333,MEDIUM
TND-000547,BID-001918,30,22,28,1,0,1,93.33,0,0,0,0,0.8607,2,0,1,1,0,0.9583,LOW
TND-000547,BID-000819,30,22,15,0,1,14,50.0,0,0,0,0,0.8249,10,1,0,0,0,0.875,MEDIUM
TND-000547,BID-001479,30,22,3,4,11,12,10.0,0,4,0,0,0.794,20,1,1,1,0,0.9583,HIGH
TND-000548,BID-001467,28,17,4,0,0,24,14.29,2,0,0,0,0.1534,14,0,1,1,0,0.75,HIGH
TND-000548,BID-000296,28,17,16,0,1,11,57.14,0,0,0,0,0.9135,8,0,1,1,0,0.8333,MEDIUM
TND-000548,BID-001007,28,17,0,1,14,13,0.0,0,0,5,0,0.823,17,1,1,1,0,0.7917,HIGH
TND-000549,BID-001605,22,12,13,5,2,2,59.09,0,0,2,0,0.918,4,1,1,0,0,0.7917,MEDIUM
TND-000549,BID-001881,22,12,10,1,2,9,45.45,0,0,0,0,0.7258,9,1,1,0,0,0.75,MEDIUM
TND-000549,BID-001973,22,12,16,0,2,4,72.73,0,0,0,3,0.7109,5,1,1,1,0,0.65,MEDIUM
TND-000552,BID-000736,30,20,0,0,15,15,0.0,0,6,0,0,0.9506,20,1,1,1,1,0.7857,HIGH
TND-000552,BID-000023,30,20,25,3,0,2,83.33,1,0,0,0,0.8506,5,1,1,1,1,0.75,LOW
TND-000552,BID-001460,30,20,8,2,2,18,26.67,0,0,0,0,0.8007,14,1,1,1,0,0.7917,HIGH
TND-000552,BID-001077,30,20,26,2,1,1,86.67,0,0,0,0,0.8485,2,1,0,0,0,0.6786,LOW
TND-000552,BID-000548,30,20,25,0,0,5,83.33,1,0,0,0,0.7337,3,0,1,0,1,0.95,LOW
TND-000554,BID-001575,24,15,17,1,4,2,70.83,0,4,0,0,0.8687,7,1,1,1,0,0.7083,MEDIUM
TND-000554,BID-000937,24,15,9,6,4,5,37.5,0,0,0,0,0.8417,9,1,1,1,0,0.875,MEDIUM
TND-000554,BID-001823,24,15,20,1,3,0,83.33,0,0,0,0,0.9042,4,1,1,0,0,0.75,LOW
TND-000554,BID-000566,24,15,23,0,0,1,95.83,0,0,0,0,0.7683,1,0,1,0,0,0.7917,LOW
TND-000555,BID-001408,23,15,21,0,0,2,91.3,0,0,0,0,0.867,2,0,1,1,0,0.7083,LOW
TND-000555,BID-001142,23,15,11,1,1,10,47.83,0,0,0,0,0.8293,9,0,1,1,0,0.85,MEDIUM
TND-000555,BID-001311,23,15,18,1,1,3,78.26,0,0,4,0,0.7657,5,1,1,1,0,0.875,MEDIUM
TND-000555,BID-000766,23,15,1,0,0,22,4.35,5,0,0,0,0.0638,14,1,1,1,0,0.5,HIGH
TND-000555,BID-001512,23,15,6,7,3,7,26.09,0,0,0,0,0.8312,11,1,0,1,0,0.6667,MEDIUM
TND-000556,BID-000304,29,21,24,1,1,3,82.76,1,0,0,0,0.7885,5,1,1,1,1,0.75,LOW
TND-000556,BID-001908,29,21,0,0,3,26,0.0,1,4,0,0,0.2251,21,1,1,1,1,0.65,HIGH
TND-000556,BID-000557,29,21,12,0,3,14,41.38,0,0,0,2,0.8802,14,1,1,1,0,0.8571,HIGH
TND-000557,BID-000116,28,18,1,0,4,23,3.57,0,0,0,4,0.34,17,1,1,1,0,0.8,HIGH
TND-000557,BID-001142,28,18,21,0,0,7,75.0,0,0,0,0,0.6483,4,1,1,0,0,0.9,LOW
TND-000557,BID-000876,28,18,19,0,0,9,67.86,4,0,0,0,0.566,6,1,0,1,0,0.8333,MEDIUM
TND-000557,BID-001610,28,18,17,0,0,11,60.71,0,0,0,0,0.8669,7,1,0,0,0,0.6667,MEDIUM
TND-000557,BID-001072,28,18,22,1,3,2,78.57,0,0,0,0,0.7907,5,1,1,0,0,0.875,LOW
TND-000558,BID-001018,26,19,22,0,3,1,84.62,0,0,0,0,0.7867,4,1,1,1,0,0.875,LOW
TND-000558,BID-001390,26,19,18,1,3,4,69.23,0,0,0,0,0.6355,7,1,1,1,0,0.75,MEDIUM
TND-000558,BID-000476,26,19,16,8,1,1,61.54,0,0,0,0,0.8603,6,1,1,1,0,0.9167,LOW
TND-000559,BID-001575,25,17,12,7,1,5,48.0,0,0,0,0,0.8449,9,1,1,0,0,0.9167,MEDIUM
TND-000559,BID-000071,25,17,21,0,2,2,84.0,0,0,0,0,0.8283,4,1,1,0,0,0.5833,LOW
TND-000559,BID-000364,25,17,8,0,4,13,32.0,0,0,0,0,0.8776,11,1,1,0,0,0.8333,MEDIUM
TND-000559,BID-000674,25,17,21,0,3,1,84.0,0,0,0,0,0.8438,4,1,1,0,0,0.9167,LOW
TND-000560,BID-001270,22,16,17,2,2,1,77.27,0,0,0,0,0.853,4,1,1,1,0,0.8214,LOW
TND-000560,BID-000728,22,16,19,0,1,2,86.36,0,0,0,0,0.7713,2,1,1,0,0,0.8214,LOW
TND-000560,BID-000706,22,16,16,4,1,1,72.73,1,0,0,0,0.792,5,1,1,1,1,0.9167,MEDIUM
TND-000560,BID-000738,22,16,7,6,2,7,31.82,1,0,0,0,0.8167,11,1,1,1,1,0.875,HIGH
TND-000561,BID-001685,27,17,21,0,3,3,77.78,0,0,0,0,0.8609,4,1,0,0,0,1.0,LOW
TND-000561,BID-001945,27,17,24,0,1,2,88.89,1,0,0,0,0.7704,3,0,1,1,1,0.75,LOW
TND-000561,BID-000872,27,17,20,1,5,1,74.07,0,0,0,0,0.8161,5,1,1,1,1,0.8929,LOW
TND-000562,BID-000724,30,19,8,0,1,21,26.67,0,0,0,0,0.2548,13,0,1,0,0,0.625,HIGH
TND-000562,BID-000365,30,19,28,0,1,1,93.33,0,0,0,0,0.8981,2,0,1,0,0,0.875,LOW
TND-000562,BID-001496,30,19,3,1,2,24,10.0,0,0,0,0,0.2793,16,1,1,0,0,0.75,HIGH
TND-000562,BID-001779,30,19,21,1,1,7,70.0,0,0,0,0,0.8437,7,1,1,1,0,0.9,MEDIUM
TND-000563,BID-001049,28,18,22,1,0,5,78.57,0,0,0,0,0.7601,3,0,1,0,0,0.8,LOW
TND-000563,BID-000475,28,18,2,1,1,24,7.14,0,0,0,0,0.1736,16,1,1,1,0,0.8125,HIGH
TND-000563,BID-000933,28,18,22,0,1,5,78.57,0,0,0,0,0.6796,3,0,1,0,0,0.8,LOW
TND-000563,BID-001961,28,18,28,0,0,0,100.0,0,0,0,0,0.7534,0,0,0,0,0,0.7917,LOW
TND-000563,BID-001713,28,18,25,0,0,3,89.29,1,0,0,0,0.8413,3,0,0,1,0,0.75,LOW
TND-000564,BID-000056,30,18,13,13,4,0,43.33,0,0,0,0,0.8679,12,1,1,1,0,0.875,MEDIUM
TND-000564,BID-000794,30,18,5,0,3,22,16.67,0,0,2,0,0.3053,14,1,1,1,0,0.85,HIGH
TND-000564,BID-000243,30,18,27,0,1,2,90.0,0,0,0,0,0.8406,3,1,1,0,0,0.9583,LOW
TND-000564,BID-000867,30,18,6,0,5,19,20.0,0,0,0,0,0.7504,14,1,1,1,0,0.75,HIGH
TND-000565,BID-001817,29,17,8,0,6,15,27.59,0,0,0,0,0.834,10,1,1,0,0,1.0,MEDIUM
TND-000565,BID-000002,29,17,13,3,0,13,44.83,0,0,0,0,0.8288,9,1,0,0,0,0.9167,MEDIUM
TND-000565,BID-000973,29,17,24,0,1,4,82.76,0,0,0,0,0.7951,2,1,0,0,0,0.7917,LOW
TND-000565,BID-000333,29,17,16,12,1,0,55.17,0,0,0,0,0.8467,8,0,1,0,0,0.8333,MEDIUM
TND-000567,BID-000472,30,20,28,2,0,0,93.33,0,0,0,0,0.8307,2,1,0,1,0,0.8571,LOW
TND-000567,BID-001676,30,20,13,0,5,12,43.33,0,0,0,0,0.8479,11,1,0,0,1,0.8929,MEDIUM
TND-000567,BID-000829,30,20,19,3,1,7,63.33,1,0,0,0,0.7699,9,1,1,1,1,0.85,MEDIUM
TND-000568,BID-001468,25,17,11,5,0,9,44.0,0,0,0,0,0.7156,8,0,0,0,1,0.9583,MEDIUM
TND-000568,BID-000020,25,17,8,0,5,12,32.0,0,0,0,0,0.7485,13,1,1,0,0,0.5833,HIGH
TND-000568,BID-000984,25,17,20,0,1,4,80.0,0,0,0,0,0.7804,2,1,0,1,0,0.8571,LOW
TND-000568,BID-000140,25,17,1,0,10,14,4.0,1,4,0,0,0.7613,16,1,1,1,1,0.75,HIGH
TND-000568,BID-001340,25,17,22,1,1,1,88.0,0,0,0,0,0.9604,2,1,1,1,0,0.9286,LOW
TND-000569,BID-000869,24,15,9,2,2,11,37.5,1,0,0,0,0.8709,11,1,1,1,1,0.7917,HIGH
TND-000569,BID-000384,24,15,16,1,3,4,66.67,0,0,0,0,0.9098,6,1,1,1,0,0.8571,MEDIUM
TND-000569,BID-000917,24,15,9,10,1,4,37.5,0,0,0,0,0.821,10,1,1,1,1,0.9286,MEDIUM
TND-000569,BID-000172,24,15,20,1,3,0,83.33,0,0,0,0,0.8111,4,1,1,0,0,0.7857,LOW
TND-000570,BID-000779,23,16,5,0,1,17,21.74,1,0,0,0,0.3401,12,1,1,1,0,0.85,HIGH
TND-000570,BID-000785,23,16,17,1,4,1,73.91,1,0,0,0,0.8084,4,1,0,1,1,0.75,LOW
TND-000570,BID-000874,23,16,20,0,0,3,86.96,0,0,0,0,0.6943,2,0,1,0,0,0.7917,LOW
TND-000570,BID-001988,23,16,18,2,2,1,78.26,1,0,0,0,0.8143,4,1,0,1,1,0.75,LOW
TND-000571,BID-000250,30,21,20,4,1,5,66.67,1,0,0,0,0.8118,5,1,1,0,1,0.6667,LOW
TND-000571,BID-000058,30,21,25,1,1,3,83.33,0,0,0,0,0.8749,4,1,1,1,0,0.8571,LOW
TND-000571,BID-001400,30,21,18,0,3,9,60.0,0,0,0,0,0.8606,9,1,1,0,0,0.6786,MEDIUM
TND-000571,BID-000974,30,21,21,0,2,7,70.0,0,0,0,0,0.7699,6,1,1,0,0,0.8333,LOW
TND-000571,BID-000505,30,21,1,1,1,27,3.33,6,0,0,0,0.1129,20,1,1,1,1,0.75,HIGH
TND-000572,BID-000489,28,19,23,3,1,1,82.14,0,0,0,0,0.9312,4,1,1,1,0,0.8333,LOW
TND-000572,BID-001160,28,19,27,0,0,1,96.43,0,0,0,0,0.874,1,0,1,0,0,0.9583,LOW
TND-000572,BID-001672,28,19,17,10,1,0,60.71,0,0,0,0,0.8715,8,0,1,0,0,0.8333,MEDIUM
TND-000573,BID-001726,26,16,18,0,0,8,69.23,0,0,0,0,0.7987,6,0,0,0,0,0.8214,MEDIUM
TND-000573,BID-000083,26,16,22,0,4,0,84.62,0,0,0,0,0.8656,3,1,1,0,0,0.8214,LOW
TND-000573,BID-001451,26,16,4,0,0,22,15.38,0,0,0,0,0.2619,12,1,0,0,0,0.7,HIGH
TND-000573,BID-001802,26,16,25,0,0,1,96.15,0,0,0,0,0.7811,1,0,0,0,1,0.9286,LOW
TND-000576,BID-000129,27,17,2,1,6,18,7.41,0,5,0,0,0.817,15,1,1,1,0,0.8214,HIGH
TND-000576,BID-000737,27,17,19,0,3,5,70.37,0,0,0,0,0.9084,7,1,1,0,0,0.8929,MEDIUM
TND-000576,BID-000811,27,17,24,0,2,1,88.89,1,0,0,0,0.8797,3,1,0,0,1,0.8333,LOW
TND-000577,BID-000780,25,17,23,0,1,1,92.0,0,0,0,0,0.871,2,0,1,0,0,0.7,LOW
TND-000577,BID-001018,25,17,1,0,14,10,4.0,0,0,5,0,0.9317,16,1,1,1,0,0.875,HIGH
TND-000577,BID-000389,25,17,23,0,1,1,92.0,0,0,0,0,0.9035,2,1,1,0,0,0.875,LOW
TND-000577,BID-001147,25,17,10,11,3,1,40.0,0,0,0,0,0.8317,11,1,1,1,0,0.9167,MEDIUM
TND-000578,BID-000417,28,20,6,2,1,19,21.43,0,0,0,0,0.3592,15,1,1,0,0,0.55,HIGH
TND-000578,BID-000411,28,20,15,11,0,2,53.57,0,0,0,0,0.929,10,1,1,1,0,0.9167,MEDIUM
TND-000578,BID-000125,28,20,26,1,1,0,92.86,0,0,0,0,0.7862,2,0,1,1,0,0.6667,LOW
TND-000578,BID-000880,28,20,19,0,4,5,67.86,0,0,0,0,0.6721,6,1,1,0,0,0.9,MEDIUM
TND-000578,BID-000171,28,20,20,0,1,7,71.43,0,0,0,0,0.7759,5,1,1,0,0,0.8,LOW
TND-000579,BID-000335,22,13,17,0,5,0,77.27,0,0,0,0,0.8775,2,1,1,0,0,0.7917,LOW
TND-000579,BID-000654,22,13,5,0,5,12,22.73,0,0,2,0,0.6894,8,1,0,1,0,0.8,HIGH
TND-000579,BID-000804,22,13,4,3,0,15,18.18,0,0,0,0,0.2912,10,1,0,1,0,1.0,HIGH
TND-000579,BID-000958,22,13,15,5,1,1,68.18,0,0,0,0,0.8475,6,0,1,1,0,0.9583,MEDIUM
TND-000580,BID-000671,25,17,10,0,3,12,40.0,0,0,0,0,0.7482,8,1,1,0,0,0.95,MEDIUM
TND-000580,BID-000158,25,17,13,2,1,9,52.0,0,0,0,0,0.836,9,1,0,0,0,0.9167,MEDIUM
TND-000580,BID-000432,25,17,20,3,1,1,80.0,0,0,0,0,0.8717,3,1,1,0,0,0.875,LOW
TND-000581,BID-001640,25,15,22,0,1,2,88.0,2,0,0,0,0.802,2,1,1,0,0,1.0,LOW
TND-000581,BID-001629,25,15,23,2,0,0,92.0,0,0,0,0,0.877,1,0,1,0,0,0.8333,LOW
TND-000581,BID-000381,25,15,14,1,1,9,56.0,0,0,0,0,0.9031,7,0,1,1,0,0.8333,MEDIUM
TND-000581,BID-001799,25,15,12,9,1,3,48.0,0,0,0,0,0.724,8,0,1,0,0,0.95,MEDIUM
TND-000581,BID-000688,25,15,18,2,2,3,72.0,0,0,0,0,0.8152,4,1,1,1,0,0.75,LOW
TND-000582,BID-000775,25,14,13,0,1,11,52.0,0,0,0,0,0.8358,6,1,0,1,0,0.7917,MEDIUM
TND-000582,BID-001198,25,14,21,0,2,2,84.0,0,0,0,0,0.7994,3,1,1,0,0,0.8333,LOW
TND-000582,BID-000075,25,14,3,0,2,20,12.0,0,0,0,0,0.2624,11,1,1,0,0,0.85,HIGH
TND-000584,BID-001985,22,14,7,0,3,12,31.82,0,0,0,0,0.4552,10,1,0,1,0,0.7917,HIGH
TND-000584,BID-001441,22,14,14,0,0,8,63.64,0,0,0,0,0.8469,5,1,0,0,0,0.8571,MEDIUM
TND-000584,BID-001002,22,14,11,0,5,6,50.0,0,0,0,6,0.8632,7,1,1,1,1,0.8214,HIGH
TND-000584,BID-001024,22,14,18,1,3,0,81.82,0,0,0,0,0.854,3,1,1,0,0,0.5714,LOW
TND-000585,BID-001303,26,15,23,2,1,0,88.46,0,0,0,0,0.9355,3,1,1,0,0,0.9286,LOW
TND-000585,BID-001441,26,15,11,11,2,2,42.31,0,0,0,0,0.8737,8,1,1,0,0,0.75,MEDIUM
TND-000585,BID-001985,26,15,12,10,2,2,46.15,1,0,0,0,0.8351,9,1,1,1,1,0.6667,MEDIUM
TND-000585,BID-000367,26,15,14,1,2,9,53.85,1,0,0,0,0.876,8,1,0,0,1,0.7917,MEDIUM
TND-000586,BID-000286,30,17,17,3,1,9,56.67,0,0,0,0,0.7718,6,1,0,0,0,0.6071,MEDIUM
TND-000586,BID-000723,30,17,12,1,3,14,40.0,0,0,0,0,0.7908,10,1,0,0,1,0.8333,MEDIUM
TND-000586,BID-000058,30,17,10,9,3,8,33.33,1,0,0,0,0.8576,11,1,1,0,1,0.8333,MEDIUM
TND-000587,BID-001474,22,15,6,1,3,12,27.27,0,0,0,0,0.8219,10,1,1,1,0,0.9,HIGH
TND-000587,BID-001822,22,15,20,1,0,1,90.91,0,0,0,0,0.7371,2,0,0,1,0,0.9,LOW
TND-000587,BID-000514,22,15,21,0,0,1,95.45,0,0,0,0,0.7989,1,0,0,0,0,0.9583,LOW
TND-000589,BID-000296,26,19,22,1,1,2,84.62,0,0,0,0,0.7983,4,1,1,1,0,0.75,LOW
TND-000589,BID-001549,26,19,1,1,1,23,3.85,0,0,0,0,0.2125,18,1,1,1,0,0.8125,HIGH
TND-000589,BID-001074,26,19,11,0,3,12,42.31,0,0,0,0,0.8056,12,1,1,0,0,0.85,MEDIUM
TND-000589,BID-001141,26,19,21,3,0,2,80.77,0,0,0,0,0.8694,5,1,1,0,0,0.8333,LOW
TND-000589,BID-000642,26,19,20,1,2,3,76.92,0,0,0,0,0.7332,6,1,1,0,0,0.6,LOW
TND-000593,BID-000457,24,14,3,2,1,18,12.5,0,0,0,0,0.278,11,1,1,0,0,0.95,HIGH
TND-000593,BID-000990,24,14,3,0,1,20,12.5,3,0,0,0,0.1705,11,1,1,0,0,0.875,HIGH
TND-000593,BID-000615,24,14,20,0,4,0,83.33,0,0,0,0,0.8442,3,1,1,0,0,0.6429,LOW
TND-000593,BID-000832,24,14,16,3,1,4,66.67,0,0,0,0,0.81,4,1,1,1,1,0.9643,LOW
TND-000593,BID-001534,24,14,20,0,1,3,83.33,0,0,0,0,0.7382,3,1,1,0,0,0.75,LOW
TND-000597,BID-000842,28,20,17,2,3,6,60.71,0,0,0,0,0.6302,9,1,1,1,1,0.8333,MEDIUM
TND-000597,BID-001670,28,20,14,0,1,13,50.0,1,0,0,0,0.806,10,0,1,1,1,0.8333,MEDIUM
TND-000597,BID-001704,28,20,13,1,1,13,46.43,0,0,0,0,0.7448,9,1,1,0,0,0.8333,MEDIUM
TND-000598,BID-001676,25,18,19,0,6,0,76.0,0,0,0,0,0.8149,3,1,1,0,0,0.75,LOW
TND-000598,BID-000303,25,18,20,0,1,4,80.0,1,0,0,0,0.7985,2,1,1,0,1,0.8333,LOW
TND-000598,BID-000161,25,18,23,0,2,0,92.0,0,0,0,0,0.8465,1,1,1,0,0,0.9286,LOW
TND-000598,BID-000997,25,18,0,0,11,14,0.0,0,0,6,0,0.696,18,1,1,1,1,0.8333,HIGH
TND-000598,BID-001614,25,18,10,0,2,13,40.0,0,0,0,0,0.8993,10,1,1,0,0,0.7143,MEDIUM
TND-000599,BID-001110,25,14,21,1,1,2,84.0,1,0,0,0,0.8198,3,1,1,0,1,0.9583,LOW
TND-000599,BID-001097,25,14,22,0,0,3,88.0,0,0,0,0,0.8052,3,0,1,1,0,0.7143,LOW
TND-000599,BID-000593,25,14,24,0,1,0,96.0,0,0,0,0,0.9066,1,0,1,0,0,0.6786,LOW
TND-000599,BID-000209,25,14,4,0,3,18,16.0,0,0,0,0,0.2806,10,1,1,0,0,0.9583,HIGH
TND-000599,BID-001872,25,14,20,0,3,2,80.0,1,0,0,0,0.7935,4,1,1,1,1,0.75,LOW
TND-000600,BID-000288,30,19,9,1,2,18,30.0,0,0,0,0,0.8029,14,1,1,1,0,0.7,HIGH
TND-000600,BID-000470,30,19,3,1,0,26,10.0,3,0,0,0,0.1383,17,1,1,1,0,0.6667,HIGH
TND-000600,BID-001618,30,19,28,0,0,2,93.33,0,0,0,0,0.7839,1,0,0,0,0,0.7,LOW
TND-000601,BID-000325,26,19,16,0,1,9,61.54,0,0,0,0,0.8343,6,0,1,0,0,0.7917,MEDIUM
TND-000601,BID-001237,26,19,2,0,13,11,7.69,0,0,0,4,0.7963,17,1,0,1,0,0.75,HIGH
TND-000601,BID-000319,26,19,5,2,0,19,19.23,0,0,0,0,0.8814,15,1,0,1,0,0.875,HIGH
TND-000601,BID-000136,26,19,10,12,4,0,38.46,0,0,0,0,0.8735,12,1,1,1,0,0.8333,MEDIUM
TND-000602,BID-000486,29,20,27,1,1,0,93.1,0,0,0,0,0.7717,2,0,1,1,0,0.7143,LOW
TND-000602,BID-000477,29,20,21,1,1,6,72.41,0,0,0,0,0.931,4,1,1,0,0,0.7857,LOW
TND-000602,BID-001097,29,20,10,9,2,8,34.48,0,0,0,2,0.8444,12,1,1,1,0,0.9286,HIGH
TND-000602,BID-000545,29,20,23,5,1,0,79.31,0,0,0,0,0.8418,4,1,1,0,0,0.7857,LOW
TND-000602,BID-000606,29,20,23,4,1,1,79.31,1,0,0,0,0.7959,5,1,1,1,1,0.875,LOW
TND-000604,BID-001295,23,13,5,0,2,16,21.74,0,0,0,0,0.7949,10,1,1,1,0,0.65,HIGH
TND-000604,BID-000514,23,13,21,1,1,0,91.3,0,0,0,0,0.8516,2,1,1,0,0,0.9167,LOW
TND-000604,BID-001572,23,13,17,3,3,0,73.91,0,0,0,0,0.8684,5,1,1,0,0,0.8333,LOW
TND-000605,BID-000224,24,16,17,2,1,4,70.83,0,0,0,0,0.693,4,1,1,1,0,0.8333,LOW
TND-000605,BID-000111,24,16,19,1,1,3,79.17,0,0,0,0,0.8325,2,1,1,0,0,0.9167,LOW
TND-000605,BID-000950,24,16,21,1,1,1,87.5,1,0,0,0,0.7867,2,1,1,0,1,0.7917,LOW
TND-000605,BID-001086,24,16,4,1,1,18,16.67,3,0,0,0,0.2477,14,1,1,1,1,0.875,HIGH
TND-000607,BID-001100,30,22,13,11,3,3,43.33,1,0,0,0,0.8028,12,1,1,0,1,0.625,MEDIUM
TND-000607,BID-001848,30,22,7,3,1,19,23.33,0,0,0,0,0.3341,17,1,1,0,0,0.7083,HIGH
TND-000607,BID-001509,30,22,24,0,3,3,80.0,0,0,0,0,0.7365,4,1,1,0,0,0.875,LOW
TND-000607,BID-001531,30,22,8,2,1,19,26.67,0,0,0,0,0.3309,15,0,1,0,1,0.8333,HIGH
TND-000608,BID-000310,29,16,4,0,15,10,13.79,0,0,0,5,0.8461,13,0,1,1,0,0.8333,HIGH
TND-000608,BID-001756,29,16,2,4,5,18,6.9,0,0,0,0,0.3622,14,1,1,1,0,0.85,HIGH
TND-000608,BID-001407,29,16,11,4,2,12,37.93,0,0,0,0,0.7166,8,1,1,1,0,0.7,MEDIUM
TND-000608,BID-001653,29,16,12,12,0,5,41.38,0,0,0,0,0.8922,10,1,1,1,0,0.7917,MEDIUM
TND-000610,BID-000946,29,19,11,0,0,18,37.93,0,0,0,0,0.3422,11,0,1,0,0,0.9,MEDIUM
TND-000610,BID-001494,29,19,15,9,1,4,51.72,0,0,0,0,0.7712,7,0,1,0,0,0.95,MEDIUM
TND-000610,BID-001242,29,19,18,9,1,1,62.07,0,0,0,0,0.7804,6,1,1,1,0,0.9167,LOW
TND-000610,BID-001457,29,19,9,2,1,17,31.03,0,0,0,0,0.3869,13,1,1,0,0,0.95,HIGH
TND-000610,BID-000096,29,19,3,4,1,21,10.34,0,0,0,0,0.2655,17,1,1,1,0,0.8125,HIGH
TND-000611,BID-001963,22,14,8,6,2,6,36.36,0,0,0,0,0.7669,9,1,1,1,0,0.6,MEDIUM
TND-000611,BID-000383,22,14,10,6,1,5,45.45,0,0,0,0,0.8584,8,0,1,1,0,0.9583,MEDIUM
TND-000611,BID-000431,22,14,19,0,2,1,86.36,0,0,0,0,0.9477,3,1,0,1,0,0.9167,LOW
TND-000612,BID-001817,29,20,11,10,2,6,37.93,0,0,0,0,0.6848,10,1,0,0,0,0.95,MEDIUM
TND-000612,BID-000702,29,20,3,0,16,10,10.34,0,0,4,0,0.7964,17,0,1,1,0,0.625,HIGH
TND-000612,BID-000087,29,20,2,0,14,13,6.9,0,4,0,0,0.8147,18,1,1,0,0,0.7917,HIGH
TND-000612,BID-000025,29,20,0,1,12,16,0.0,0,0,4,0,0.7707,20,1,1,1,0,0.75,HIGH
TND-000613,BID-001503,29,19,2,0,1,26,6.9,5,0,0,0,0.1221,17,1,1,0,0,0.9167,HIGH
TND-000613,BID-001712,29,19,5,0,1,23,17.24,0,0,0,0,0.257,15,0,1,1,0,0.875,HIGH
TND-000613,BID-001294,29,19,20,0,1,8,68.97,0,0,0,0,0.8302,6,0,1,0,0,0.875,LOW
TND-000613,BID-000727,29,19,20,0,5,4,68.97,0,0,0,0,0.8311,7,1,1,1,0,0.85,MEDIUM
TND-000615,BID-001485,27,16,13,14,0,0,48.15,0,0,0,0,0.7915,6,1,1,1,0,0.9583,MEDIUM
TND-000615,BID-001948,27,16,24,1,2,0,88.89,0,0,0,0,0.7807,3,1,1,1,0,0.7917,LOW
TND-000615,BID-000844,27,16,6,0,1,20,22.22,0,0,0,0,0.2499,11,1,1,0,0,0.85,HIGH
TND-000616,BID-000565,24,15,19,1,3,1,79.17,0,0,0,0,0.8892,4,1,1,1,0,0.9583,LOW
TND-000616,BID-001583,24,15,4,4,3,13,16.67,0,2,0,0,0.8496,12,1,1,1,0,0.9167,HIGH
TND-000616,BID-000770,24,15,21,0,2,1,87.5,0,0,0,0,0.9243,2,1,1,0,0,0.8333,LOW
TND-000616,BID-001823,24,15,9,9,1,5,37.5,0,0,0,0,0.8664,10,1,1,1,0,0.8333,MEDIUM
TND-000619,BID-001191,28,17,14,6,3,5,50.0,1,0,0,0,0.8251,9,1,1,1,1,0.5417,MEDIUM
TND-000619,BID-001680,28,17,22,1,2,3,78.57,0,0,0,0,0.7204,5,1,1,1,0,0.9583,LOW
TND-000619,BID-001852,28,17,12,3,2,11,42.86,0,0,0,0,0.7792,9,1,1,1,0,0.8333,MEDIUM
TND-000620,BID-001794,30,18,16,9,1,4,53.33,0,0,0,0,0.6827,8,0,1,0,0,0.8,MEDIUM
TND-000620,BID-000923,30,18,16,0,0,14,53.33,0,0,0,0,0.7396,9,0,1,0,0,0.65,MEDIUM
TND-000620,BID-000285,30,18,5,0,15,10,16.67,0,0,0,4,0.8031,14,1,1,1,0,0.9583,HIGH
TND-000620,BID-001832,30,18,17,0,1,12,56.67,0,0,0,0,0.8375,6,0,1,0,0,1.0,MEDIUM
TND-000620,BID-001354,30,18,11,0,1,18,36.67,0,0,0,0,0.7956,10,1,1,0,0,0.85,MEDIUM
TND-000621,BID-000392,25,17,7,0,1,17,28.0,0,0,0,0,0.3123,11,0,1,1,0,0.875,HIGH
TND-000621,BID-001538,25,17,21,0,3,1,84.0,0,0,0,0,0.7862,4,1,1,0,0,0.8571,LOW
TND-000621,BID-001954,25,17,21,2,2,0,84.0,0,0,0,0,0.8002,4,1,1,0,0,0.8214,LOW
TND-000622,BID-001319,27,20,22,0,3,2,81.48,0,0,0,0,0.8326,4,1,1,0,0,1.0,LOW
TND-000622,BID-000528,27,20,0,0,14,13,0.0,0,0,0,6,0.899,20,1,1,1,0,0.75,HIGH
TND-000622,BID-000794,27,20,16,10,0,1,59.26,0,0,0,0,0.8647,8,1,1,0,0,0.625,MEDIUM
TND-000622,BID-000137,27,20,13,9,2,3,48.15,0,0,0,0,0.7775,10,1,1,0,0,0.95,MEDIUM
TND-000622,BID-000236,27,20,18,0,2,7,66.67,0,0,0,0,0.8088,7,1,1,0,0,0.875,MEDIUM
TND-000624,BID-001606,22,15,7,7,0,8,31.82,6,0,0,0,0.6037,10,1,1,1,0,1.0,HIGH
TND-000624,BID-000483,22,15,11,2,1,8,50.0,0,0,0,0,0.8332,7,0,1,0,0,0.9167,MEDIUM
TND-000624,BID-000036,22,15,18,1,3,0,81.82,0,0,0,0,0.7919,3,1,1,0,0,0.7083,LOW
TND-000624,BID-001343,22,15,18,2,1,1,81.82,0,0,0,0,0.8786,2,1,1,1,0,0.9583,LOW
TND-000624,BID-000255,22,15,16,3,0,3,72.73,0,0,0,0,0.8514,4,1,0,1,0,0.55,LOW
TND-000625,BID-001560,22,12,18,0,0,4,81.82,0,0,0,0,0.9007,1,0,0,0,0,0.75,LOW
TND-000625,BID-001895,22,12,8,1,3,10,36.36,0,0,0,0,0.7833,6,1,0,1,0,0.9,MEDIUM
TND-000625,BID-000936,22,12,2,0,6,14,9.09,0,0,4,0,0.7987,10,1,1,1,0,0.8333,HIGH
TND-000625,BID-000712,22,12,17,3,2,0,77.27,0,0,0,0,0.8496,3,1,0,1,0,1.0,LOW
TND-000625,BID-001243,22,12,2,0,0,20,9.09,4,0,0,0,0.1385,10,1,0,1,0,0.8333,HIGH
TND-000626,BID-000699,25,16,6,1,1,17,24.0,0,0,0,0,0.2778,11,1,0,0,1,0.8333,HIGH
TND-000626,BID-000240,25,16,9,14,1,1,36.0,0,0,0,0,0.8076,9,0,1,0,1,0.8571,MEDIUM
TND-000626,BID-000117,25,16,23,0,1,1,92.0,0,0,0,0,0.9288,1,0,1,0,0,0.7857,LOW
TND-000626,BID-000717,25,16,21,0,2,2,84.0,1,0,0,0,0.7536,4,1,1,0,1,0.75,LOW
TND-000626,BID-000950,25,16,3,0,1,21,12.0,1,0,0,0,0.2237,13,1,0,1,0,0.8125,HIGH
TND-000627,BID-001730,29,17,27,0,0,2,93.1,1,0,0,0,0.7973,1,0,0,0,1,0.75,LOW
TND-000627,BID-000975,29,17,27,0,0,2,93.1,0,0,0,0,0.81,2,0,1,1,0,0.7857,LOW
TND-000627,BID-000407,29,17,18,10,0,1,62.07,1,0,0,0,0.838,6,0,0,0,1,0.9167,MEDIUM
TND-000627,BID-001956,29,17,2,0,16,11,6.9,0,0,0,6,0.7983,16,1,1,1,1,0.8929,HIGH
TND-000628,BID-000578,28,16,10,0,3,15,35.71,2,0,0,0,0.7747,14,1,1,1,0,0.8333,HIGH
TND-000628,BID-000412,28,16,23,1,2,2,82.14,0,0,0,0,0.8143,5,1,1,1,0,0.7917,LOW
TND-000628,BID-001301,28,16,10,17,0,1,35.71,0,0,0,0,0.8803,8,1,1,0,0,0.75,MEDIUM
TND-000629,BID-001717,27,15,19,7,0,1,70.37,0,0,0,0,0.8528,4,0,1,0,0,0.8214,LOW
TND-000629,BID-001190,27,15,2,2,5,18,7.41,0,2,0,0,0.6986,14,1,1,1,1,0.8333,HIGH
TND-000629,BID-001368,27,15,12,3,3,9,44.44,0,0,0,0,0.6866,8,1,1,0,0,0.7083,MEDIUM
TND-000630,BID-000501,28,19,9,13,3,3,32.14,0,0,0,0,0.7836,11,1,0,0,0,0.75,MEDIUM
TND-000630,BID-000524,28,19,28,0,0,0,100.0,0,0,0,0,0.79,0,0,0,0,0,0.75,LOW
TND-000630,BID-000236,28,19,10,0,0,18,35.71,0,0,0,0,0.8732,13,1,1,1,0,0.9167,HIGH
TND-000630,BID-000158,28,19,24,0,1,3,85.71,0,0,0,0,0.7189,3,1,0,0,0,0.75,LOW
TND-000632,BID-001721,22,15,9,1,2,10,40.91,0,0,0,0,0.8318,8,1,1,0,0,0.9,MEDIUM
TND-000632,BID-001430,22,15,17,0,4,1,77.27,0,0,0,0,0.8737,4,1,1,1,0,0.8333,LOW
TND-000632,BID-001264,22,15,17,4,1,0,77.27,0,0,0,0,0.8789,3,0,1,0,0,0.7083,LOW
TND-000632,BID-000387,22,15,18,0,2,2,81.82,0,0,0,0,0.8945,3,1,1,0,0,0.8333,LOW
TND-000633,BID-000063,27,16,20,0,4,3,74.07,0,0,0,0,0.7021,4,1,1,1,0,0.85,LOW
TND-000633,BID-000381,27,16,6,0,1,20,22.22,0,0,0,0,0.3123,12,1,1,0,0,0.8,HIGH
TND-000633,BID-000333,27,16,21,0,1,5,77.78,0,0,0,0,0.8335,3,1,1,0,0,0.6667,LOW
TND-000633,BID-001419,27,16,1,0,12,14,3.7,0,0,0,5,0.8573,15,1,1,1,0,0.8333,HIGH
TND-000634,BID-000563,30,17,9,0,1,20,30.0,0,0,0,0,0.766,14,1,1,1,0,0.6,HIGH
TND-000634,BID-000248,30,17,22,2,1,5,73.33,0,0,0,0,0.8382,6,1,0,1,0,0.875,LOW
TND-000634,BID-000769,30,17,14,14,2,0,46.67,0,0,0,0,0.8688,9,1,0,1,0,0.875,MEDIUM
TND-000634,BID-001714,30,17,25,0,2,3,83.33,0,0,0,0,0.8332,4,1,0,1,0,0.7083,LOW
TND-000636,BID-000722,30,18,24,0,3,3,80.0,0,0,0,0,0.9405,3,1,0,0,0,0.875,LOW
TND-000636,BID-001020,30,18,4,0,3,23,13.33,0,0,0,0,0.1989,15,1,0,0,0,0.75,HIGH
TND-000636,BID-000861,30,18,13,0,2,15,43.33,0,0,0,0,0.7278,10,1,0,1,0,0.75,MEDIUM
TND-000636,BID-000325,30,18,27,1,0,2,90.0,0,0,0,0,0.7691,2,1,0,1,0,0.9583,LOW
TND-000636,BID-000085,30,18,11,9,4,6,36.67,0,0,4,0,0.8841,10,1,0,1,0,0.6667,MEDIUM
TND-000637,BID-000881,25,17,13,1,1,10,52.0,0,0,0,0,0.8661,10,1,0,0,1,0.9643,MEDIUM
TND-000637,BID-000728,25,17,24,1,0,0,96.0,0,0,0,0,0.9079,1,1,0,0,0,0.7143,LOW
TND-000637,BID-000193,25,17,21,0,1,3,84.0,1,0,0,0,0.7708,4,1,1,1,1,0.7917,LOW
TND-000637,BID-000495,25,17,17,1,0,7,68.0,1,0,0,0,0.56,4,0,1,0,1,0.85,MEDIUM
TND-000638,BID-000928,22,14,6,0,1,15,27.27,0,0,0,0,0.3475,9,0,1,1,0,0.6667,HIGH
TND-000638,BID-000625,22,14,19,0,1,2,86.36,0,0,0,0,0.7575,2,1,1,0,0,0.7083,LOW
TND-000638,BID-001795,22,14,0,2,11,9,0.0,1,0,0,4,0.894,14,1,1,1,1,0.7917,HIGH
TND-000638,BID-000582,22,14,18,2,1,1,81.82,1,0,0,0,0.833,3,1,1,1,1,0.7917,LOW
TND-000639,BID-000373,26,17,21,0,2,3,80.77,0,0,0,0,0.7322,3,1,0,0,0,0.8,LOW
TND-000639,BID-000805,26,17,16,0,1,9,61.54,0,0,0,0,0.8358,5,0,1,0,0,0.7083,MEDIUM
TND-000639,BID-000509,26,17,17,0,1,8,65.38,0,0,0,0,0.8326,5,1,1,0,0,0.8333,MEDIUM
TND-000639,BID-000551,26,17,16,2,4,4,61.54,0,0,0,0,0.7179,7,1,1,0,0,0.85,MEDIUM
TND-000640,BID-000347,27,17,13,13,0,1,48.15,0,0,0,0,0.8249,8,0,1,1,0,0.9167,MEDIUM
TND-000640,BID-001990,27,17,11,11,3,2,40.74,0,0,0,0,0.7686,11,1,1,1,0,0.7917,MEDIUM
TND-000640,BID-001699,27,17,0,0,12,15,0.0,0,0,0,6,0.8902,17,1,1,1,0,0.875,HIGH
TND-000640,BID-001777,27,17,14,10,0,3,51.85,0,0,0,0,0.8311,5,1,1,0,0,0.7083,MEDIUM
TND-000641,BID-001302,29,21,28,0,1,0,96.55,0,0,0,0,0.8668,1,0,1,0,0,0.8929,LOW
TND-000641,BID-000393,29,21,20,3,2,4,68.97,0,0,0,0,0.8801,9,1,1,0,0,0.9167,MEDIUM
TND-000641,BID-001400,29,21,28,0,1,0,96.55,0,0,0,0,0.8946,1,0,1,0,0,0.7143,LOW
TND-000642,BID-001890,29,20,24,3,0,2,82.76,0,0,0,0,0.751,4,1,0,0,0,0.9,LOW
TND-000642,BID-001445,29,20,16,7,3,3,55.17,0,0,0,0,0.7976,11,1,1,0,0,0.85,MEDIUM
TND-000642,BID-001073,29,20,28,0,0,1,96.55,0,0,0,0,0.9088,1,0,1,0,0,0.875,LOW
TND-000643,BID-001826,25,18,14,2,2,7,56.0,0,0,0,0,0.8446,8,1,1,1,0,0.8333,MEDIUM
TND-000643,BID-000527,25,18,21,1,1,2,84.0,0,0,0,0,0.8736,3,1,1,0,1,0.8214,LOW
TND-000643,BID-001979,25,18,18,3,3,1,72.0,0,0,0,0,0.8506,5,1,1,0,0,0.5417,LOW
TND-000643,BID-000479,25,18,7,0,1,17,28.0,0,0,0,0,0.3674,12,1,1,0,0,0.7083,HIGH
TND-000643,BID-001815,25,18,12,0,1,12,48.0,0,0,0,0,0.8871,10,1,1,1,0,0.8929,MEDIUM
TND-000644,BID-001763,27,17,11,10,2,4,40.74,0,0,0,0,0.7904,10,1,1,1,1,0.9583,MEDIUM
TND-000644,BID-001924,27,17,24,0,2,1,88.89,0,0,0,0,0.7951,2,1,1,0,0,0.8214,LOW
TND-000644,BID-001540,27,17,24,0,2,1,88.89,0,0,0,0,0.7819,3,1,1,1,0,0.7143,LOW
TND-000645,BID-001237,29,17,23,1,4,1,79.31,0,0,0,0,0.8271,4,1,1,0,0,0.875,LOW
TND-000645,BID-001064,29,17,27,1,1,0,93.1,0,0,0,0,0.7799,1,0,1,0,0,0.875,LOW
TND-000645,BID-000784,29,17,26,2,1,0,89.66,0,0,0,0,0.931,3,1,1,0,0,0.75,LOW
TND-000646,BID-000669,25,16,9,2,1,13,36.0,0,0,0,0,0.7198,10,1,1,0,0,0.95,MEDIUM
TND-000646,BID-000319,25,16,11,0,2,12,44.0,0,0,0,0,0.9078,10,1,1,1,0,0.875,MEDIUM
TND-000646,BID-001305,25,16,18,0,2,5,72.0,0,0,0,0,0.817,6,1,1,0,0,0.7083,MEDIUM
TND-000646,BID-001118,25,16,2,1,4,18,8.0,0,4,0,0,0.656,15,1,1,1,0,0.75,HIGH
TND-000647,BID-000510,30,21,25,0,5,0,83.33,0,0,0,0,0.8353,4,1,1,0,0,0.9643,LOW
TND-000647,BID-001270,30,21,14,10,4,2,46.67,0,0,0,0,0.8866,12,1,1,1,0,0.8214,MEDIUM
TND-000647,BID-001015,30,21,25,1,1,3,83.33,0,0,0,0,0.7114,4,0,1,1,0,0.7083,LOW
TND-000649,BID-001843,28,18,20,2,2,4,71.43,0,0,0,0,0.8052,6,1,1,1,0,0.85,MEDIUM
TND-000649,BID-000528,28,18,12,1,2,13,42.86,0,0,0,0,0.8641,12,1,1,1,0,0.8333,MEDIUM
TND-000649,BID-001510,28,18,21,0,1,6,75.0,0,0,0,0,0.7897,5,1,1,1,0,0.8,LOW
TND-000649,BID-000480,28,18,26,0,1,1,92.86,0,0,0,0,0.785,1,1,1,0,0,0.8333,LOW
TND-000649,BID-001894,28,18,23,1,1,3,82.14,0,0,0,0,0.7879,4,0,1,1,0,0.75,LOW
TND-000650,BID-001168,27,15,23,0,3,1,85.19,0,0,0,0,0.9304,3,1,1,1,0,0.8333,LOW
TND-000650,BID-000241,27,15,23,1,2,1,85.19,0,0,0,0,0.8571,3,1,1,1,0,0.8333,LOW
TND-000650,BID-000397,27,15,20,1,3,3,74.07,0,0,0,0,0.8256,5,1,1,1,0,0.9167,MEDIUM
TND-000651,BID-000341,22,14,14,0,3,5,63.64,1,0,0,0,0.7342,7,1,1,1,0,0.8125,MEDIUM
TND-000651,BID-001147,22,14,4,6,3,9,18.18,0,0,0,0,0.823,11,1,1,1,0,0.7917,HIGH
TND-000651,BID-000518,22,14,20,0,0,2,90.91,0,0,0,0,0.7566,1,0,0,0,0,0.9,LOW
TND-000651,BID-000268,22,14,18,0,0,4,81.82,0,0,0,0,0.7738,3,1,0,1,0,0.9,LOW
TND-000653,BID-000248,24,14,0,0,15,9,0.0,0,0,0,5,0.8862,14,1,1,1,0,0.9167,HIGH
TND-000653,BID-001106,24,14,9,1,3,11,37.5,0,0,0,0,0.805,10,1,0,1,0,0.9,MEDIUM
TND-000653,BID-001714,24,14,16,1,6,1,66.67,0,0,0,0,0.7887,4,1,1,0,0,0.9583,LOW
TND-000653,BID-001014,24,14,1,0,9,14,4.17,0,0,3,0,0.753,13,1,1,1,0,0.75,HIGH
TND-000653,BID-000597,24,14,10,6,4,4,41.67,0,0,0,0,0.8674,8,1,0,1,0,0.7917,MEDIUM
TND-000654,BID-000853,30,21,20,6,4,0,66.67,0,0,0,0,0.8424,9,1,1,0,0,0.875,MEDIUM
TND-000654,BID-001162,30,21,9,1,3,17,30.0,0,0,0,0,0.6319,13,1,1,1,0,0.85,HIGH
TND-000654,BID-001089,30,21,26,2,1,1,86.67,0,0,0,0,0.8405,3,1,1,0,0,0.7917,LOW
TND-000654,BID-000812,30,21,14,0,3,13,46.67,0,0,0,0,0.6786,10,1,1,0,0,0.85,MEDIUM
TND-000654,BID-000630,30,21,20,2,1,7,66.67,0,0,0,0,0.683,6,0,1,1,0,0.85,MEDIUM
TND-000655,BID-001271,22,13,15,0,4,3,68.18,0,0,0,0,0.753,5,1,1,1,1,0.7917,MEDIUM
TND-000655,BID-000554,22,13,7,1,3,11,31.82,0,0,0,0,0.8525,9,1,1,0,1,0.8214,MEDIUM
TND-000655,BID-000941,22,13,13,9,0,0,59.09,0,0,0,0,0.8264,5,0,1,0,1,0.7857,MEDIUM
TND-000657,BID-000481,25,18,3,2,0,20,12.0,0,0,0,0,0.2321,15,1,0,0,1,0.75,HIGH
TND-000657,BID-000555,25,18,13,10,2,0,52.0,0,0,0,0,0.8791,8,1,0,0,0,0.8214,MEDIUM
TND-000657,BID-000807,25,18,2,1,15,7,8.0,0,0,0,4,0.8414,17,1,1,1,0,0.8929,HIGH
TND-000659,BID-001907,30,20,26,2,1,1,86.67,0,0,0,0,0.7955,3,1,1,1,0,0.8929,LOW
TND-000659,BID-001988,30,20,17,0,3,10,56.67,1,0,0,0,0.8366,7,1,1,0,1,0.9167,MEDIUM
TND-000659,BID-001424,30,20,17,0,0,13,56.67,0,0,0,0,0.7962,8,0,1,0,0,0.7143,MEDIUM
TND-000659,BID-001155,30,20,22,1,3,4,73.33,0,0,2,0,0.8661,7,1,1,1,1,0.9583,MEDIUM
TND-000661,BID-001445,28,17,15,3,2,8,53.57,0,0,0,0,0.7374,7,1,0,1,0,0.85,MEDIUM
TND-000661,BID-000313,28,17,1,2,0,25,3.57,0,0,0,0,0.2025,16,1,1,1,0,0.875,HIGH
TND-000661,BID-000455,28,17,26,1,1,0,92.86,0,0,0,0,0.9311,2,0,1,1,0,0.7083,LOW
TND-000665,BID-001285,27,19,1,0,18,8,3.7,0,3,0,0,0.8556,18,1,1,1,0,0.9167,HIGH
TND-000665,BID-000812,27,19,11,10,1,5,40.74,0,0,0,0,0.7356,10,1,1,0,0,0.85,MEDIUM
TND-000665,BID-001517,27,19,21,1,1,4,77.78,0,0,0,0,0.8389,4,0,1,1,0,0.85,LOW
TND-000666,BID-001814,22,14,18,1,0,3,81.82,0,0,0,0,0.8114,3,1,0,1,0,0.8214,LOW
TND-000666,BID-000499,22,14,15,1,1,5,68.18,1,0,0,0,0.8482,5,1,1,1,1,0.75,MEDIUM
TND-000666,BID-001223,22,14,4,1,0,17,18.18,1,0,0,0,0.271,12,0,1,1,1,0.6875,HIGH
TND-000666,BID-001011,22,14,11,0,3,8,50.0,0,0,0,0,0.8207,7,1,1,0,0,0.875,MEDIUM
TND-000667,BID-001625,25,16,20,1,1,3,80.0,0,0,0,2,0.7237,4,0,1,1,0,0.7,MEDIUM
TND-000667,BID-000364,25,16,16,0,1,8,64.0,0,0,0,0,0.8372,5,1,1,0,0,0.9167,MEDIUM
TND-000667,BID-001315,25,16,22,0,3,0,88.0,0,0,0,0,0.7594,2,1,1,0,0,0.9167,LOW
TND-000667,BID-001311,25,16,16,0,1,8,64.0,0,0,0,0,0.8977,5,0,1,0,0,0.625,LOW
TND-000667,BID-000210,25,16,15,8,1,1,60.0,0,0,0,0,0.871,7,1,1,1,0,0.75,MEDIUM
TND-000671,BID-001746,26,15,0,0,17,9,0.0,0,0,0,4,0.7923,15,1,1,1,0,0.85,HIGH
TND-000671,BID-001198,26,15,20,2,4,0,76.92,0,0,0,0,0.927,3,1,1,0,0,0.9167,LOW
TND-000671,BID-001875,26,15,21,0,3,2,80.77,0,0,0,0,0.7783,3,1,0,0,0,0.75,LOW
TND-000672,BID-001839,25,17,5,13,0,7,20.0,4,0,0,0,0.6778,12,1,1,1,0,0.8125,HIGH
TND-000672,BID-000374,25,17,22,0,1,2,88.0,0,0,0,0,0.8025,2,0,1,1,0,0.8929,LOW
TND-000672,BID-001231,25,17,22,1,1,1,88.0,1,0,0,0,0.7863,3,0,1,1,1,0.9583,LOW
TND-000675,BID-000421,23,16,14,0,3,6,60.87,0,0,0,0,0.733,6,1,1,1,1,0.9167,MEDIUM
TND-000675,BID-001680,23,16,8,1,2,12,34.78,0,0,0,0,0.7356,10,1,1,1,1,0.75,MEDIUM
TND-000675,BID-001487,23,16,9,0,1,13,39.13,0,0,0,0,0.4188,10,0,1,0,0,0.7917,MEDIUM
TND-000675,BID-000369,23,16,18,1,1,3,78.26,0,0,0,0,0.689,3,0,1,1,0,0.9167,LOW
TND-000677,BID-001615,27,20,7,9,1,10,25.93,0,0,0,0,0.8386,15,1,1,1,1,0.8929,HIGH
TND-000677,BID-000430,27,20,10,0,2,15,37.04,0,0,0,0,0.8776,12,1,1,1,0,0.8333,MEDIUM
TND-000677,BID-000178,27,20,4,0,2,21,14.81,1,0,0,0,0.2212,16,1,1,0,1,0.7,HIGH
TND-000677,BID-000802,27,20,24,0,1,2,88.89,0,0,0,0,0.7729,3,1,1,0,0,0.7857,LOW
TND-000677,BID-000655,27,20,1,0,14,12,3.7,0,0,0,5,0.8047,19,1,1,1,0,0.7917,HIGH
TND-000679,BID-000102,22,16,8,0,4,10,36.36,0,0,0,0,0.783,9,1,1,0,0,0.8,MEDIUM
TND-000679,BID-001577,22,16,7,9,3,3,31.82,0,0,0,0,0.8826,12,1,1,1,0,0.7917,MEDIUM
TND-000679,BID-001399,22,16,19,0,2,1,86.36,0,0,0,0,0.8354,3,1,1,0,0,0.7917,LOW
TND-000681,BID-001529,23,14,20,1,0,2,86.96,0,0,0,0,0.8266,2,1,0,1,0,0.95,LOW
TND-000681,BID-000871,23,14,9,0,5,9,39.13,0,0,0,0,0.8502,8,1,1,0,0,0.95,MEDIUM
TND-000681,BID-000939,23,14,9,4,0,10,39.13,0,0,0,0,0.7691,9,1,0,0,0,0.8,MEDIUM
TND-000681,BID-001757,23,14,5,1,2,15,21.74,0,0,0,0,0.2867,10,1,1,0,0,0.9,HIGH
TND-000681,BID-000977,23,14,20,0,1,2,86.96,0,0,0,0,0.8477,2,1,1,0,0,0.875,LOW
TND-000682,BID-000747,24,18,22,0,1,1,91.67,0,0,0,0,0.8245,2,0,1,0,0,0.875,LOW
TND-000682,BID-001640,24,18,10,10,1,3,41.67,0,0,0,0,0.8541,10,0,1,1,0,0.875,MEDIUM
TND-000682,BID-000241,24,18,12,11,1,0,50.0,0,0,0,0,0.9244,9,1,1,0,0,0.875,MEDIUM
TND-000682,BID-001117,24,18,2,0,8,14,8.33,0,0,3,0,0.7411,16,1,1,0,0,0.75,HIGH
TND-000683,BID-000560,23,16,17,0,2,4,73.91,0,0,0,0,0.6785,5,1,1,0,0,0.85,LOW
TND-000683,BID-001111,23,16,14,5,3,1,60.87,0,0,0,0,0.8213,7,1,1,1,0,0.75,MEDIUM
TND-000683,BID-001494,23,16,12,6,1,4,52.17,0,0,0,0,0.6583,7,1,1,0,0,0.9,MEDIUM
TND-000684,BID-001412,23,15,12,0,0,11,52.17,0,0,0,0,0.8449,7,0,1,0,0,0.9167,MEDIUM
TND-000684,BID-001013,23,15,4,3,2,14,17.39,0,0,0,0,0.3551,12,1,1,0,0,0.75,HIGH
TND-000684,BID-001548,23,15,19,0,4,0,82.61,0,0,0,0,0.8828,4,1,1,0,0,0.875,LOW
TND-000684,BID-001544,23,15,17,3,2,1,73.91,0,0,0,0,0.9241,5,1,1,0,0,0.9167,LOW
TND-000684,BID-000908,23,15,10,0,3,10,43.48,0,0,0,0,0.8773,9,1,1,1,0,0.8333,MEDIUM
TND-000685,BID-001953,24,14,20,2,1,1,83.33,0,0,0,0,0.814,4,1,0,1,0,0.6429,LOW
TND-000685,BID-001831,24,14,18,3,1,2,75.0,0,0,0,0,0.9355,4,1,1,0,1,0.8214,LOW
TND-000685,BID-000530,24,14,19,3,1,1,79.17,1,0,0,0,0.8741,3,1,1,0,1,0.625,LOW
TND-000685,BID-001933,24,14,9,9,1,5,37.5,1,0,0,0,0.6918,9,1,0,1,1,0.95,MEDIUM
TND-000688,BID-001982,28,20,5,1,0,22,17.86,0,0,0,0,0.2426,16,0,0,1,1,0.9,HIGH
TND-000688,BID-000370,28,20,23,1,1,3,82.14,0,0,0,0,0.84,5,1,1,1,0,0.8333,LOW
TND-000688,BID-000105,28,20,27,0,0,1,96.43,0,0,0,0,0.9157,1,0,0,1,0,0.8571,LOW
TND-000689,BID-001274,22,14,17,2,1,2,77.27,0,0,0,0,0.8254,3,1,1,1,0,0.75,LOW
TND-000689,BID-000026,22,14,21,0,1,0,95.45,0,0,0,0,0.8048,1,0,1,0,0,0.6667,LOW
TND-000689,BID-000568,22,14,17,2,2,1,77.27,0,0,0,0,0.9014,4,1,1,0,0,0.85,LOW
TND-000689,BID-000033,22,14,18,2,1,1,81.82,0,0,0,0,0.892,3,1,1,0,0,0.7917,LOW
TND-000690,BID-000213,30,17,20,0,3,7,66.67,3,0,0,0,0.7353,7,1,1,1,1,0.9167,MEDIUM
TND-000690,BID-000772,30,17,1,0,11,18,3.33,0,5,0,0,0.7203,16,1,1,1,0,0.8333,HIGH
TND-000690,BID-000835,30,17,2,2,1,25,6.67,1,0,0,0,0.1907,15,1,1,0,1,0.9375,HIGH
TND-000690,BID-001098,30,17,16,4,1,9,53.33,0,0,0,0,0.8733,9,1,1,0,1,0.7857,MEDIUM
TND-000691,BID-001194,29,16,10,13,0,6,34.48,0,0,0,0,0.7102,9,0,1,0,0,0.7,MEDIUM
TND-000691,BID-001649,29,16,14,0,4,11,48.28,0,0,0,0,0.7152,7,1,1,0,0,0.6,MEDIUM
TND-000691,BID-000666,29,16,5,0,8,16,17.24,0,3,0,0,0.8427,14,0,1,1,0,0.7083,HIGH
TND-000691,BID-000290,29,16,17,10,1,1,58.62,0,0,0,0,0.8523,9,1,1,1,0,0.75,MEDIUM
TND-000692,BID-001202,22,14,9,0,1,12,40.91,0,0,0,0,0.8675,9,1,1,1,0,0.6667,MEDIUM
TND-000692,BID-001633,22,14,15,1,0,6,68.18,0,0,0,0,0.8045,6,0,1,1,0,0.95,MEDIUM
TND-000692,BID-000995,22,14,5,0,2,15,22.73,0,0,0,0,0.3145,11,1,1,0,0,0.75,HIGH
TND-000693,BID-000896,22,15,7,0,1,14,31.82,0,0,0,0,0.3079,10,0,1,0,0,0.85,HIGH
TND-000693,BID-000688,22,15,10,8,3,1,45.45,0,0,0,0,0.855,7,1,1,0,0,0.9,MEDIUM
TND-000693,BID-000901,22,15,4,1,1,16,18.18,0,0,0,0,0.2967,12,1,1,1,0,0.9375,HIGH
TND-000694,BID-000070,29,18,2,0,0,27,6.9,4,0,0,0,0.0824,16,1,1,1,0,1.0,HIGH
TND-000694,BID-000660,29,18,1,0,15,13,3.45,0,0,0,5,0.8585,17,1,1,1,0,0.9167,HIGH
TND-000694,BID-000100,29,18,28,0,1,0,96.55,0,0,0,0,0.8345,1,0,1,0,0,0.8333,LOW
TND-000694,BID-001030,29,18,26,1,1,1,89.66,0,0,0,0,0.7733,3,0,1,1,0,0.95,LOW
TND-000695,BID-001415,27,20,24,3,0,0,88.89,0,0,0,0,0.8593,2,0,1,1,0,0.8333,LOW
TND-000695,BID-001797,27,20,9,9,4,5,33.33,0,4,0,0,0.9306,12,1,1,1,0,0.875,HIGH
TND-000695,BID-000682,27,20,22,1,3,1,81.48,0,0,0,0,0.8898,3,1,1,1,0,0.9167,LOW
TND-000695,BID-001124,27,20,14,10,3,0,51.85,0,0,0,0,0.8726,10,1,1,1,0,0.7917,MEDIUM
TND-000696,BID-001701,26,17,6,0,1,19,23.08,0,0,0,0,0.3362,12,1,1,0,0,0.9,HIGH
TND-000696,BID-000851,26,17,9,3,0,14,34.62,0,0,0,0,0.8472,8,1,0,1,0,0.7917,MEDIUM
TND-000696,BID-000588,26,17,20,0,1,5,76.92,0,0,0,0,0.6859,5,1,1,0,0,0.8,LOW
TND-000697,BID-001568,24,14,23,0,1,0,95.83,0,0,0,0,0.7713,1,0,1,0,0,0.7143,LOW
TND-000697,BID-000767,24,14,3,1,9,11,12.5,0,0,0,4,0.8853,11,1,1,1,0,0.6071,HIGH
TND-000697,BID-000032,24,14,18,0,2,4,75.0,1,0,0,0,0.8999,6,1,1,0,1,0.7917,MEDIUM
TND-000698,BID-001929,27,19,25,1,1,0,92.59,0,0,0,0,0.8384,2,1,1,0,0,0.75,LOW
TND-000698,BID-000320,27,19,12,12,1,2,44.44,0,0,0,0,0.8626,9,1,1,0,0,0.8333,MEDIUM
TND-000698,BID-001542,27,19,17,0,2,8,62.96,0,0,0,0,0.7946,7,1,1,0,0,0.8333,MEDIUM
TND-000699,BID-001955,29,18,6,0,1,22,20.69,0,0,0,0,0.3208,13,1,1,0,0,0.85,HIGH
TND-000699,BID-001850,29,18,16,1,1,11,55.17,0,0,0,0,0.8144,6,0,1,0,0,0.7083,MEDIUM
TND-000699,BID-000420,29,18,15,9,3,2,51.72,0,0,0,0,0.9034,7,1,1,1,0,0.8333,MEDIUM
TND-000699,BID-001668,29,18,22,0,0,7,75.86,0,0,0,0,0.8349,5,1,0,1,0,0.7917,LOW
TND-000700,BID-001760,28,18,22,0,2,4,78.57,0,0,0,0,0.8049,3,1,0,0,0,0.85,LOW
TND-000700,BID-001467,28,18,19,0,1,8,67.86,0,0,0,0,0.8657,8,0,1,1,0,0.7917,MEDIUM
TND-000700,BID-001546,28,18,24,3,1,0,85.71,0,0,0,0,0.7988,3,0,1,0,0,0.6667,LOW
TND-000700,BID-000247,28,18,18,0,5,5,64.29,0,0,0,4,0.8924,7,1,1,1,0,0.7083,MEDIUM
TND-000700,BID-000118,28,18,22,1,1,4,78.57,0,0,0,0,0.7776,4,0,1,1,0,0.8,LOW
TND-000701,BID-000981,23,17,3,1,1,18,13.04,0,0,0,0,0.2127,14,1,0,0,0,0.9375,HIGH
TND-000701,BID-001020,23,17,19,1,1,2,82.61,0,0,0,0,0.7372,4,1,0,1,0,0.85,LOW
TND-000701,BID-000533,23,17,10,9,2,2,43.48,0,0,0,0,0.8627,9,1,1,1,0,0.7083,MEDIUM
TND-000701,BID-001088,23,17,4,0,0,19,17.39,0,0,0,0,0.2047,13,0,0,1,0,0.875,HIGH
TND-000702,BID-001540,27,20,13,4,4,6,48.15,0,0,0,0,0.8354,9,1,1,0,0,0.7143,MEDIUM
TND-000702,BID-001792,27,20,8,3,0,16,29.63,0,0,0,0,0.3394,15,1,1,0,0,0.875,HIGH
TND-000702,BID-000112,27,20,16,9,1,1,59.26,0,0,0,0,0.788,8,0,1,1,0,0.8929,MEDIUM
TND-000702,BID-000199,27,20,1,0,7,19,3.7,1,0,4,0,0.7844,19,1,1,1,1,0.9167,HIGH
TND-000702,BID-001511,27,20,7,3,2,15,25.93,0,0,0,0,0.8252,14,1,1,1,0,0.8333,HIGH
TND-000703,BID-000052,24,14,22,0,1,1,91.67,0,0,0,0,0.9034,1,1,1,0,0,0.8333,LOW
TND-000703,BID-000173,24,14,3,0,9,12,12.5,0,4,0,0,0.8713,13,1,1,1,0,0.7083,HIGH
TND-000703,BID-001182,24,14,2,0,3,19,8.33,0,3,0,0,0.2657,13,1,1,1,0,0.8125,HIGH
TND-000703,BID-001842,24,14,5,1,3,15,20.83,0,0,0,0,0.3089,10,1,1,1,0,0.7,HIGH
TND-000705,BID-000191,22,15,10,0,3,9,45.45,0,0,0,0,0.8179,9,1,0,1,0,0.75,MEDIUM
TND-000705,BID-001218,22,15,20,0,2,0,90.91,0,0,0,0,0.8235,2,1,0,0,0,0.875,LOW
TND-000705,BID-000551,22,15,15,0,4,3,68.18,0,0,0,0,0.8663,5,1,1,1,0,0.9,MEDIUM
TND-000705,BID-001068,22,15,2,0,12,8,9.09,0,4,0,0,0.9109,13,1,1,1,0,0.7917,HIGH
TND-000706,BID-000349,23,16,12,1,2,8,52.17,0,0,0,0,0.9056,10,1,1,1,0,0.8571,MEDIUM
TND-000706,BID-001084,23,16,15,0,6,2,65.22,1,5,0,0,0.8068,7,1,1,1,1,0.875,MEDIUM
TND-000706,BID-001130,23,16,19,0,3,1,82.61,0,0,0,0,0.8486,4,1,1,1,0,0.8214,LOW
TND-000706,BID-000590,23,16,19,0,2,2,82.61,0,0,0,0,0.8199,3,1,1,0,0,0.9167,LOW
TND-000706,BID-000368,23,16,18,1,1,3,78.26,0,0,0,0,0.7761,4,0,1,1,0,0.8571,LOW
TND-000707,BID-000689,26,19,5,0,6,15,19.23,0,0,4,0,0.8083,14,1,1,1,0,0.9167,HIGH
TND-000707,BID-001740,26,19,9,1,1,15,34.62,0,0,0,0,0.6904,12,1,1,0,0,0.95,MEDIUM
TND-000707,BID-000489,26,19,2,0,15,9,7.69,0,0,0,4,0.9255,17,0,1,1,0,0.625,HIGH
TND-000708,BID-000874,30,22,0,0,16,14,0.0,0,0,6,0,0.7911,22,1,1,1,1,0.8571,HIGH
TND-000708,BID-001569,30,22,3,0,0,27,10.0,0,0,0,0,0.2238,19,1,1,0,0,0.8,HIGH
TND-000708,BID-000921,30,22,24,1,2,3,80.0,1,0,0,0,0.7922,5,1,1,0,1,0.875,LOW
TND-000708,BID-000337,30,22,15,4,1,10,50.0,0,0,0,0,0.8382,10,1,1,1,0,0.7143,MEDIUM
TND-000711,BID-000410,23,17,15,1,3,4,65.22,1,0,0,0,0.7855,6,1,1,1,1,0.75,MEDIUM
TND-000711,BID-001115,23,17,1,0,13,9,4.35,0,4,0,0,0.8599,16,1,1,1,0,0.8333,HIGH
TND-000711,BID-000577,23,17,19,0,3,1,82.61,0,0,0,0,0.8003,3,1,0,1,0,0.8571,LOW
TND-000711,BID-000172,23,17,17,2,1,3,73.91,1,0,0,0,0.745,5,1,1,1,1,0.9167,MEDIUM
TND-000712,BID-000724,24,15,22,0,0,2,91.67,0,0,0,0,0.7802,2,1,0,0,0,0.95,LOW
TND-000712,BID-001984,24,15,23,0,1,0,95.83,0,0,0,0,0.7798,1,0,1,0,0,0.75,LOW
TND-000712,BID-000626,24,15,19,1,0,4,79.17,4,0,0,0,0.6816,5,1,1,1,0,0.6667,MEDIUM
TND-000713,BID-001862,25,16,24,1,0,0,96.0,0,0,0,0,0.8704,1,0,1,0,0,0.8929,LOW
TND-000713,BID-001877,25,16,7,0,0,18,28.0,0,0,0,0,0.2826,10,0,1,0,0,0.75,HIGH
TND-000713,BID-001253,25,16,16,3,5,1,64.0,0,0,0,0,0.8118,7,1,1,1,1,0.8929,MEDIUM
TND-000713,BID-000872,25,16,19,4,1,1,76.0,1,0,0,0,0.7979,4,1,0,0,1,0.9167,LOW
TND-000714,BID-001739,24,14,18,2,2,2,75.0,1,0,0,0,0.8154,5,1,1,1,1,0.85,MEDIUM
TND-000714,BID-001908,24,14,23,0,1,0,95.83,0,0,0,0,0.7985,1,0,1,0,0,0.9286,LOW
TND-000714,BID-001595,24,14,23,0,0,1,95.83,0,0,0,0,0.8742,0,0,0,0,0,0.875,LOW
TND-000715,BID-001703,26,18,16,1,3,6,61.54,0,0,0,3,0.7775,8,1,1,1,0,0.6,HIGH
TND-000715,BID-001523,26,18,12,1,2,11,46.15,0,0,0,0,0.8317,9,1,1,0,0,0.8,MEDIUM
TND-000715,BID-000241,26,18,22,0,0,4,84.62,0,0,0,0,0.9162,3,1,0,0,0,0.875,LOW
TND-000715,BID-001147,26,18,15,6,5,0,57.69,0,0,0,0,0.8705,7,1,0,0,0,0.875,MEDIUM
TND-000715,BID-000688,26,18,18,1,5,2,69.23,0,0,0,0,0.7773,6,1,1,0,0,0.9,LOW
TND-000716,BID-000930,26,15,4,1,2,19,15.38,0,0,0,0,0.8642,14,1,1,1,0,0.6667,HIGH
TND-000716,BID-001060,26,15,24,1,1,0,92.31,0,0,0,0,0.7652,2,0,1,1,0,0.6667,LOW
TND-000716,BID-001471,26,15,22,1,2,1,84.62,0,0,0,0,0.8982,4,1,1,1,0,0.9167,LOW
TND-000716,BID-001695,26,15,19,1,1,5,73.08,2,0,0,0,0.7512,5,1,1,1,0,0.9375,MEDIUM
TND-000717,BID-001852,28,16,20,8,0,0,71.43,0,0,0,0,0.884,6,0,1,0,0,0.8571,LOW
TND-000717,BID-001983,28,16,5,1,0,22,17.86,1,0,0,0,0.7364,13,1,1,1,1,0.75,HIGH
TND-000717,BID-000400,28,16,20,2,3,3,71.43,0,0,0,0,0.807,4,1,1,0,0,0.8333,LOW
TND-000717,BID-000168,28,16,17,1,0,10,60.71,1,0,0,0,0.7742,7,0,1,1,1,0.9583,MEDIUM
TND-000717,BID-000764,28,16,9,0,0,19,32.14,0,0,0,0,0.3695,11,0,1,0,0,0.875,HIGH
TND-000718,BID-001713,26,16,10,13,3,0,38.46,0,0,0,0,0.8627,10,1,1,0,0,0.7083,MEDIUM
TND-000718,BID-000519,26,16,22,0,0,4,84.62,4,0,0,0,0.7748,3,1,1,0,0,0.6875,MEDIUM
TND-000718,BID-001065,26,16,23,1,0,2,88.46,0,0,0,0,0.7634,2,1,1,0,0,0.875,LOW
TND-000719,BID-001759,27,17,8,2,3,14,29.63,0,0,0,0,0.8642,12,1,1,1,0,0.7083,HIGH
TND-000719,BID-001134,27,17,17,5,0,5,62.96,0,0,0,0,0.8124,6,1,1,1,0,0.9,MEDIUM
TND-000719,BID-001373,27,17,21,6,0,0,77.78,0,0,0,0,0.8495,3,1,0,0,0,0.875,LOW
TND-000719,BID-001604,27,17,0,0,15,12,0.0,0,0,0,6,0.7965,17,1,1,1,0,0.7083,HIGH
TND-000719,BID-001881,27,17,21,0,2,4,77.78,0,0,0,0,0.7195,4,1,0,1,0,0.75,LOW
TND-000722,BID-001821,23,16,0,1,11,11,0.0,0,4,0,0,0.751,16,1,1,1,1,0.6667,HIGH
TND-000722,BID-001602,23,16,9,10,3,1,39.13,0,0,0,0,0.8951,9,1,1,0,0,0.75,MEDIUM
TND-000722,BID-000738,23,16,17,2,3,1,73.91,0,0,0,0,0.9053,5,1,1,1,0,0.5833,LOW
TND-000722,BID-000772,23,16,6,12,1,4,26.09,0,0,0,0,0.7764,11,1,1,1,1,0.9167,MEDIUM
TND-000722,BID-001055,23,16,0,0,12,11,0.0,0,7,0,0,0.7826,16,1,1,1,1,0.8929,HIGH
TND-000723,BID-001222,25,18,7,0,0,18,28.0,1,0,0,0,0.2548,13,0,0,0,1,0.8125,HIGH
TND-000723,BID-001766,25,18,18,0,3,4,72.0,0,0,0,0,0.7938,5,1,1,0,0,0.9286,LOW
TND-000723,BID-000245,25,18,17,1,3,4,68.0,0,0,0,0,0.9438,6,1,1,1,1,0.8571,MEDIUM
TND-000724,BID-000798,30,22,27,0,1,2,90.0,0,0,0,0,0.6976,1,1,0,0,0,0.8333,LOW
TND-000724,BID-001113,30,22,24,2,0,4,80.0,0,0,0,0,0.7166,5,0,1,1,1,0.7917,LOW
TND-000724,BID-000611,30,22,25,0,3,2,83.33,0,0,0,0,0.8301,3,1,1,0,0,0.9167,LOW
TND-000724,BID-001098,30,22,2,1,15,12,6.67,0,0,5,0,0.7623,20,1,1,1,1,0.7143,HIGH
TND-000724,BID-001011,30,22,0,1,14,15,0.0,1,0,4,0,0.802,22,1,1,1,1,0.9,HIGH
TND-000725,BID-000058,25,18,7,1,3,14,28.0,0,0,0,0,0.4242,12,1,0,0,0,0.8333,HIGH
TND-000725,BID-000883,25,18,3,3,12,7,12.0,0,0,5,0,0.805,15,1,1,1,1,0.7857,HIGH
TND-000725,BID-001958,25,18,17,1,1,6,68.0,1,0,0,0,0.8072,7,1,1,1,1,0.85,MEDIUM
TND-000725,BID-000986,25,18,14,0,1,10,56.0,0,0,0,0,0.799,6,0,1,1,0,0.9583,MEDIUM
TND-000727,BID-000675,22,12,18,2,1,1,81.82,0,0,0,0,0.844,2,1,1,0,0,0.8,LOW
TND-000727,BID-000120,22,12,16,0,4,2,72.73,0,0,0,0,0.7843,2,1,1,0,0,0.75,LOW
TND-000727,BID-001001,22,12,21,0,1,0,95.45,0,0,0,0,0.8538,1,0,1,0,0,0.625,LOW
TND-000728,BID-000414,23,17,4,0,13,6,17.39,0,3,0,0,0.7627,14,1,1,0,0,0.9583,HIGH
TND-000728,BID-001106,23,17,19,0,1,3,82.61,0,0,0,0,0.6862,3,0,1,1,0,0.95,LOW
TND-000728,BID-000996,23,17,12,0,1,10,52.17,0,0,0,0,0.897,9,0,1,1,0,0.9167,MEDIUM
TND-000728,BID-000746,23,17,18,0,1,4,78.26,0,0,0,0,0.7371,4,1,1,0,0,0.75,LOW
TND-000730,BID-000133,28,21,23,0,2,3,82.14,0,0,0,0,0.7743,5,1,0,1,1,0.9286,LOW
TND-000730,BID-001565,28,21,22,2,3,1,78.57,0,0,0,0,0.8277,6,1,0,1,0,0.9167,LOW
TND-000730,BID-000633,28,21,24,4,0,0,85.71,0,0,0,0,0.7908,3,1,0,0,0,0.7857,LOW
TND-000730,BID-001105,28,21,13,13,1,1,46.43,1,0,0,0,0.9062,12,0,1,0,1,0.9167,MEDIUM
TND-000730,BID-001132,28,21,23,0,3,2,82.14,1,0,0,0,0.8691,5,1,1,1,1,0.7083,LOW
TND-000733,BID-000908,22,16,7,12,2,1,31.82,0,0,0,0,0.8355,11,1,1,1,0,0.6667,MEDIUM
TND-000733,BID-000135,22,16,2,1,4,15,9.09,0,0,0,0,0.312,14,1,1,0,0,0.75,HIGH
TND-000733,BID-001674,22,16,11,7,4,0,50.0,0,0,0,0,0.9102,6,1,1,0,0,0.5,MEDIUM
TND-000733,BID-001425,22,16,18,0,0,4,81.82,4,0,0,0,0.6794,3,1,1,0,0,0.625,MEDIUM
TND-000734,BID-000803,25,16,24,0,0,1,96.0,1,0,0,0,0.8918,1,0,0,0,1,0.7083,LOW
TND-000734,BID-001830,25,16,19,0,3,3,76.0,0,0,0,0,0.8835,4,1,1,0,0,0.6786,LOW
TND-000734,BID-000344,25,16,11,1,1,12,44.0,1,0,0,0,0.7722,10,1,0,0,1,0.7917,MEDIUM
TND-000735,BID-001008,23,14,16,0,2,5,69.57,0,2,0,0,0.7186,5,1,1,1,0,0.7,MEDIUM
TND-000735,BID-001973,23,14,18,1,1,3,78.26,0,0,0,0,0.8059,3,1,1,0,0,1.0,LOW
TND-000735,BID-001112,23,14,10,9,1,3,43.48,0,0,0,0,0.8072,9,0,1,1,0,0.7,MEDIUM
TND-000735,BID-001782,23,14,10,2,1,10,43.48,0,0,0,0,0.8077,7,0,1,1,0,0.875,MEDIUM
TND-000736,BID-001447,26,15,23,0,3,0,88.46,0,0,0,0,0.8163,3,1,1,0,0,0.875,LOW
TND-000736,BID-001208,26,15,22,0,2,2,84.62,0,0,0,0,0.8075,4,1,1,1,0,0.9583,LOW
TND-000736,BID-000971,26,15,25,0,0,1,96.15,0,0,0,0,0.8332,1,0,0,1,0,0.9167,LOW
TND-000736,BID-001328,26,15,25,0,0,1,96.15,0,0,0,0,0.7725,0,0,0,0,0,0.7083,LOW
TND-000738,BID-000060,23,13,21,1,1,0,91.3,0,0,0,0,0.8129,1,0,1,0,0,0.8333,LOW
TND-000738,BID-000471,23,13,18,4,0,1,78.26,0,0,0,0,0.9152,3,1,1,1,0,0.8333,LOW
TND-000738,BID-001514,23,13,18,0,4,1,78.26,0,0,0,0,0.8194,4,1,1,1,0,0.7917,LOW
TND-000738,BID-001658,23,13,22,0,1,0,95.65,0,0,0,0,0.8698,1,0,1,0,0,0.7083,LOW
TND-000739,BID-001780,30,19,12,1,0,17,40.0,0,0,0,0,0.8307,12,1,1,1,0,0.8571,MEDIUM
TND-000739,BID-000224,30,19,23,1,1,5,76.67,0,0,0,0,0.7403,6,1,1,1,0,0.875,LOW
TND-000739,BID-001357,30,19,21,6,1,2,70.0,0,0,0,0,0.8967,6,0,1,1,1,0.8214,LOW
TND-000739,BID-000515,30,19,17,0,1,12,56.67,1,0,0,0,0.8334,8,0,1,0,1,0.9583,MEDIUM
TND-000739,BID-000133,30,19,28,0,2,0,93.33,0,0,0,0,0.7707,1,1,1,0,0,0.8214,LOW
TND-000740,BID-001249,22,16,20,1,0,1,90.91,0,0,0,0,0.7691,2,0,1,0,0,0.85,LOW
TND-000740,BID-001415,22,16,0,0,7,15,0.0,0,0,0,6,0.7649,16,1,1,1,0,0.875,HIGH
TND-000740,BID-001519,22,16,18,3,0,1,81.82,0,0,0,0,0.8074,4,1,0,1,0,0.7917,LOW
TND-000740,BID-001445,22,16,16,1,2,3,72.73,0,0,0,0,0.7654,5,1,0,1,0,0.9,LOW
TND-000741,BID-000335,23,17,17,1,0,5,73.91,0,0,0,0,0.798,5,1,0,1,0,0.7917,LOW
TND-000741,BID-000355,23,17,13,0,3,7,56.52,0,0,0,0,0.8749,9,1,1,1,0,0.625,MEDIUM
TND-000741,BID-000520,23,17,11,0,0,12,47.83,0,0,0,0,0.8044,8,1,1,0,0,0.9167,MEDIUM
TND-000741,BID-000365,23,17,11,1,1,10,47.83,3,0,0,0,0.7911,10,1,1,1,0,0.9375,HIGH
TND-000742,BID-000392,25,18,15,8,1,1,60.0,0,0,0,0,0.8362,6,1,0,0,0,0.7857,LOW
TND-000742,BID-000685,25,18,19,0,0,6,76.0,0,0,0,0,0.912,3,0,0,0,0,0.7143,LOW
TND-000742,BID-001046,25,18,2,0,11,12,8.0,0,0,5,0,0.8726,16,1,0,1,0,0.8929,HIGH
TND-000742,BID-001444,25,18,1,0,13,11,4.0,0,0,0,4,0.8153,17,1,1,1,1,0.7917,HIGH
TND-000744,BID-000300,23,14,13,7,1,2,56.52,0,0,0,0,0.8373,9,1,1,1,0,0.7083,MEDIUM
TND-000744,BID-001143,23,14,11,0,1,11,47.83,0,0,0,0,0.8657,8,0,1,1,0,0.8333,MEDIUM
TND-000744,BID-001294,23,14,20,1,0,2,86.96,0,0,0,0,0.8886,3,0,1,1,0,0.8333,LOW
TND-000746,BID-001080,30,21,28,1,1,0,93.33,0,0,0,0,0.8274,2,1,0,0,1,0.9286,LOW
TND-000746,BID-000121,30,21,26,1,0,3,86.67,0,0,0,0,0.7236,4,0,1,1,0,0.9167,LOW
TND-000746,BID-000123,30,21,2,0,12,16,6.67,0,0,3,0,0.7403,19,1,1,1,0,0.7917,HIGH
TND-000746,BID-001598,30,21,27,0,0,3,90.0,0,0,0,0,0.8692,3,1,1,0,1,0.75,LOW
TND-000747,BID-001410,30,18,24,5,1,0,80.0,0,0,0,0,0.9406,4,1,1,1,0,0.875,LOW
TND-000747,BID-000890,30,18,29,0,1,0,96.67,0,0,0,0,0.7997,1,0,1,0,0,0.75,LOW
TND-000747,BID-001216,30,18,25,2,3,0,83.33,0,0,0,0,0.7963,4,1,1,1,0,0.75,LOW
TND-000747,BID-000998,30,18,3,0,4,23,10.0,0,0,0,0,0.2286,16,1,1,0,0,0.9375,HIGH
TND-000747,BID-000104,30,18,27,0,1,2,90.0,0,0,0,0,0.7691,2,1,1,0,0,0.8,LOW
TND-000748,BID-001881,30,20,22,0,4,4,73.33,0,0,0,0,0.7008,7,1,1,0,0,0.9,MEDIUM
TND-000748,BID-000801,30,20,13,0,0,17,43.33,0,0,0,0,0.856,9,0,0,0,0,0.875,MEDIUM
TND-000748,BID-000106,30,20,20,7,1,2,66.67,0,0,0,0,0.8228,7,1,1,1,0,0.7917,MEDIUM
TND-000748,BID-000022,30,20,6,1,3,20,20.0,0,0,0,0,0.3245,15,1,1,0,0,0.85,HIGH
TND-000748,BID-001096,30,20,24,1,0,5,80.0,0,0,0,0,0.9218,5,1,0,1,0,0.875,LOW
TND-000749,BID-001696,23,14,20,2,0,1,86.96,0,0,0,0,0.8175,3,0,1,1,0,0.875,LOW
TND-000749,BID-001667,23,14,20,0,1,2,86.96,1,0,0,0,0.789,3,1,0,1,1,0.875,LOW
TND-000749,BID-001534,23,14,21,2,0,0,91.3,0,0,0,0,0.7873,2,0,1,1,0,0.8571,LOW
TND-000751,BID-001515,24,14,5,0,0,19,20.83,0,0,0,0,0.2384,10,0,1,0,0,1.0,HIGH
TND-000751,BID-000894,24,14,19,0,2,3,79.17,0,0,0,0,0.8029,4,1,1,1,0,0.5833,LOW
TND-000751,BID-000405,24,14,9,0,2,13,37.5,0,0,0,0,0.8026,7,1,0,0,0,0.9583,MEDIUM
TND-000752,BID-000082,23,15,2,1,2,18,8.7,0,0,0,0,0.2562,13,1,1,1,0,0.8,HIGH
TND-000752,BID-000229,23,15,2,0,0,21,8.7,4,0,0,0,0.1063,13,1,1,0,1,0.625,HIGH
TND-000752,BID-000931,23,15,4,1,2,16,17.39,1,0,0,0,0.3214,13,1,1,1,1,0.9,HIGH
TND-000752,BID-000505,23,15,18,0,1,4,78.26,1,0,0,0,0.6487,3,0,1,0,1,0.85,LOW
TND-000752,BID-000011,23,15,20,0,3,0,86.96,0,0,0,0,0.914,3,1,1,0,0,0.8571,LOW
TND-000753,BID-000715,29,17,26,0,1,2,89.66,1,0,0,0,0.758,3,0,1,0,1,0.75,LOW
TND-000753,BID-000306,29,17,15,0,3,11,51.72,0,0,0,0,0.8175,8,1,1,0,0,0.7143,MEDIUM
TND-000753,BID-001758,29,17,10,10,1,8,34.48,1,0,0,0,0.7551,9,0,1,0,1,0.875,MEDIUM
TND-000753,BID-000863,29,17,24,1,3,1,82.76,0,0,0,0,0.8428,4,1,1,0,1,0.9167,LOW
TND-000753,BID-001027,29,17,27,0,0,2,93.1,1,0,0,0,0.759,2,0,1,0,0,0.9,LOW
TND-000754,BID-001644,30,20,14,12,1,3,46.67,0,0,0,0,0.7863,11,0,1,0,0,0.85,MEDIUM
TND-000754,BID-001616,30,20,12,4,1,13,40.0,0,0,0,0,0.867,12,1,0,0,0,0.8333,MEDIUM
TND-000754,BID-000165,30,20,16,8,6,0,53.33,0,0,0,0,0.8791,10,1,0,0,0,0.7917,MEDIUM
TND-000755,BID-001121,26,18,0,1,15,10,0.0,0,6,0,0,0.8787,18,1,1,1,1,0.75,HIGH
TND-000755,BID-000944,26,18,20,2,3,1,76.92,0,0,0,0,0.8165,5,1,0,1,0,0.7857,LOW
TND-000755,BID-000126,26,18,14,1,0,11,53.85,0,0,0,0,0.8512,8,0,0,1,0,0.8214,MEDIUM
TND-000756,BID-001588,28,20,23,0,1,4,82.14,0,0,0,0,0.7447,3,0,1,0,0,1.0,LOW
TND-000756,BID-001693,28,20,26,1,0,1,92.86,0,0,0,0,0.7895,2,0,1,0,0,0.7917,LOW
TND-000756,BID-000185,28,20,20,0,2,6,71.43,1,0,0,0,0.6631,6,1,1,1,0,0.75,MEDIUM
TND-000756,BID-000012,28,20,2,1,11,14,7.14,0,3,0,0,0.779,18,0,1,1,0,0.95,HIGH
TND-000757,BID-000519,27,15,4,0,0,23,14.81,6,0,0,0,0.1571,13,1,1,1,0,0.75,HIGH
TND-000757,BID-001491,27,15,19,7,0,1,70.37,0,0,0,0,0.8509,5,0,1,1,0,0.9167,LOW
TND-000757,BID-001469,27,15,14,1,1,11,51.85,0,0,0,0,0.8429,7,1,1,1,0,0.7917,MEDIUM
TND-000757,BID-000238,27,15,4,13,2,8,14.81,0,0,3,0,0.7061,12,1,1,1,0,0.8,HIGH
TND-000759,BID-001349,24,18,13,1,3,7,54.17,0,0,0,0,0.8639,8,1,1,0,0,0.75,MEDIUM
TND-000759,BID-000972,24,18,20,0,2,2,83.33,0,0,0,0,0.8414,3,1,0,0,0,0.75,LOW
TND-000759,BID-000264,24,18,3,0,2,19,12.5,0,0,3,0,0.3903,15,1,0,1,0,0.75,HIGH
TND-000759,BID-000520,24,18,5,0,0,19,20.83,0,0,0,0,0.3026,14,1,0,0,0,0.875,HIGH
TND-000760,BID-000026,30,17,25,1,1,3,83.33,0,0,0,0,0.8892,4,1,1,1,0,0.7917,LOW
TND-000760,BID-001890,30,17,15,13,0,2,50.0,0,0,0,0,0.8311,9,0,1,1,0,0.75,MEDIUM
TND-000760,BID-001353,30,17,5,1,17,7,16.67,0,3,0,0,0.8322,13,0,1,1,0,0.7083,HIGH
TND-000761,BID-000754,27,16,4,0,3,20,14.81,0,0,0,0,0.2394,12,1,1,0,0,0.7083,HIGH
TND-000761,BID-001083,27,16,13,1,1,12,48.15,0,0,0,0,0.759,8,1,1,1,0,0.7917,MEDIUM
TND-000761,BID-001849,27,16,14,2,2,9,51.85,0,0,0,0,0.8226,7,1,1,1,0,0.75,MEDIUM
TND-000761,BID-001437,27,16,25,0,1,1,92.59,0,0,0,0,0.9245,2,1,1,0,0,0.8929,LOW
TND-000761,BID-001912,27,16,23,1,2,1,85.19,0,0,0,0,0.8069,4,1,1,1,0,0.9286,LOW
TND-000763,BID-001042,22,13,5,2,1,14,22.73,0,0,0,0,0.347,10,1,0,1,1,0.9167,HIGH
TND-000763,BID-000732,22,13,17,1,0,4,77.27,1,0,0,0,0.7692,3,1,1,0,1,0.75,LOW
TND-000763,BID-001322,22,13,18,1,0,3,81.82,0,0,0,0,0.7754,3,1,0,0,1,0.8214,LOW
TND-000764,BID-000025,30,18,24,0,1,5,80.0,0,0,0,0,0.919,5,1,1,1,0,0.8333,LOW
TND-000764,BID-000127,30,18,0,0,11,19,0.0,0,0,0,6,0.8066,18,1,1,1,0,0.9167,HIGH
TND-000764,BID-001729,30,18,22,4,1,3,73.33,0,0,0,0,0.827,4,1,1,1,0,0.85,LOW
TND-000764,BID-001634,30,18,0,0,19,11,0.0,0,0,6,0,0.8748,18,1,1,1,0,0.7083,HIGH
TND-000764,BID-000340,30,18,29,0,0,1,96.67,0,0,0,0,0.8588,1,0,1,0,0,0.8333,LOW
TND-000765,BID-001731,27,17,19,0,6,2,70.37,0,0,0,0,0.7607,4,1,0,1,0,0.95,LOW
TND-000765,BID-000565,27,17,9,9,7,2,33.33,0,0,0,0,0.8664,11,1,1,1,0,0.75,MEDIUM
TND-000765,BID-000683,27,17,15,1,2,9,55.56,0,0,0,0,0.8721,9,1,0,1,0,0.875,MEDIUM
TND-000766,BID-000802,27,15,19,7,0,1,70.37,0,0,0,0,0.8453,5,0,1,0,0,0.8929,LOW
TND-000766,BID-000425,27,15,12,11,2,2,44.44,0,0,0,0,0.8054,9,1,1,0,0,0.75,MEDIUM
TND-000766,BID-000430,27,15,9,0,1,17,33.33,0,0,0,0,0.7726,10,0,1,1,1,0.8333,HIGH
TND-000766,BID-001694,27,15,12,1,1,13,44.44,5,0,0,0,0.6941,7,1,1,1,0,0.875,HIGH
TND-000766,BID-001925,27,15,12,10,0,5,44.44,1,0,0,0,0.7964,9,0,1,0,1,0.8333,MEDIUM
TND-000767,BID-001929,26,18,22,3,1,0,84.62,0,0,0,0,0.8488,4,1,0,0,0,0.9167,LOW
TND-000767,BID-000427,26,18,11,11,1,3,42.31,0,0,0,0,0.8603,9,1,0,0,0,0.75,MEDIUM
TND-000767,BID-001009,26,18,21,0,1,4,80.77,0,0,0,0,0.7232,4,1,1,0,0,0.85,LOW
TND-000767,BID-000909,26,18,12,7,0,7,46.15,3,0,0,0,0.5837,11,1,1,1,0,1.0,HIGH
TND-000767,BID-001415,26,18,22,2,0,2,84.62,0,0,0,0,0.7853,3,0,0,1,0,0.75,LOW
TND-000768,BID-000312,30,19,24,4,2,0,80.0,0,0,0,0,0.8625,5,1,0,1,0,0.8929,LOW
TND-000768,BID-001888,30,19,26,0,1,3,86.67,0,0,0,0,0.7721,3,0,1,0,0,0.625,LOW
TND-000768,BID-001792,30,19,16,11,1,2,53.33,1,0,0,0,0.8458,10,0,1,1,1,0.75,MEDIUM
TND-000768,BID-000554,30,19,25,0,3,2,83.33,0,0,0,0,0.911,5,1,1,0,1,0.9643,LOW
TND-000768,BID-001241,30,19,24,2,3,1,80.0,0,0,0,0,0.8498,6,1,0,1,0,0.8571,LOW
TND-000770,BID-001389,26,17,9,14,0,3,34.62,1,0,0,0,0.8288,11,1,1,0,1,0.75,MEDIUM
TND-000770,BID-001484,26,17,7,0,1,18,26.92,0,0,0,0,0.3311,11,1,1,0,0,0.9167,HIGH
TND-000770,BID-000351,26,17,25,1,0,0,96.15,0,0,0,0,0.8973,1,0,0,0,1,0.7857,LOW
TND-000770,BID-001557,26,17,0,0,9,17,0.0,1,0,6,0,0.8253,17,1,1,1,1,0.8333,HIGH
TND-000770,BID-001158,26,17,6,0,1,19,23.08,2,0,0,0,0.2456,13,0,1,1,1,0.6875,HIGH
TND-000771,BID-000525,22,16,9,1,0,12,40.91,0,0,0,0,0.401,11,0,0,1,0,1.0,HIGH
TND-000771,BID-001118,22,16,10,6,1,5,45.45,0,0,0,0,0.6165,7,0,1,0,0,0.8,MEDIUM
TND-000771,BID-001481,22,16,18,4,0,0,81.82,0,0,0,0,0.8537,4,0,0,0,0,0.75,LOW
TND-000772,BID-000807,30,19,1,0,13,16,3.33,0,0,6,0,0.8183,18,1,1,1,1,0.9286,HIGH
TND-000772,BID-001260,30,19,22,0,3,5,73.33,0,0,0,0,0.7717,6,1,1,0,1,0.6786,LOW
TND-000772,BID-000329,30,19,23,0,1,6,76.67,0,0,0,0,0.6962,4,1,1,0,0,0.9167,LOW
TND-000772,BID-000065,30,19,19,1,1,9,63.33,0,0,0,0,0.8373,6,0,1,1,0,0.8929,MEDIUM
TND-000772,BID-001497,30,19,14,5,2,9,46.67,0,0,0,0,0.8292,9,1,1,1,0,0.8214,MEDIUM
TND-000773,BID-001047,23,17,17,3,1,2,73.91,0,0,0,0,0.8705,5,1,1,0,0,0.7857,LOW
TND-000773,BID-000586,23,17,12,1,4,6,52.17,0,0,0,0,0.724,7,1,1,1,1,0.8333,MEDIUM
TND-000773,BID-001046,23,17,19,1,2,1,82.61,0,0,0,0,0.8351,4,1,0,1,1,0.6786,LOW
TND-000773,BID-000928,23,17,18,0,1,4,78.26,1,0,0,0,0.8808,3,0,1,0,1,0.75,LOW
TND-000773,BID-001702,23,17,18,1,2,2,78.26,1,0,0,0,0.7952,5,1,0,1,1,0.6667,MEDIUM
TND-000776,BID-000500,24,16,9,7,3,5,37.5,0,0,0,0,0.8115,10,1,1,0,0,0.8333,MEDIUM
TND-000776,BID-000744,24,16,20,0,1,3,83.33,0,0,0,0,0.7865,4,1,1,0,0,0.7,LOW
TND-000776,BID-001374,24,16,12,2,2,8,50.0,0,0,0,0,0.9008,8,1,1,1,0,0.7083,MEDIUM
TND-000776,BID-001881,24,16,14,8,2,0,58.33,0,0,0,0,0.8068,7,1,1,0,0,0.75,MEDIUM
TND-000776,BID-001394,24,16,16,0,4,4,66.67,0,0,0,4,0.7888,6,1,1,1,0,0.6667,MEDIUM
TND-000777,BID-000320,23,15,10,0,3,10,43.48,0,0,0,0,0.7963,6,1,1,0,0,0.8333,MEDIUM
TND-000777,BID-000563,23,15,9,0,2,12,39.13,0,0,0,0,0.7706,9,1,1,0,0,0.8,MEDIUM
TND-000777,BID-001401,23,15,17,1,4,1,73.91,0,3,0,0,0.828,5,1,1,1,0,0.875,MEDIUM
TND-000777,BID-001807,23,15,6,0,1,16,26.09,0,0,0,0,0.2986,10,0,1,0,0,0.9,HIGH
TND-000777,BID-000382,23,15,17,2,3,1,73.91,0,0,0,0,0.8997,5,1,1,1,0,0.7,LOW
TND-000778,BID-000485,29,18,27,1,0,1,93.1,1,0,0,0,0.8906,2,1,0,0,1,0.9167,LOW
TND-000778,BID-001958,29,18,26,0,0,3,89.66,0,0,0,0,0.8487,2,0,0,0,0,0.875,LOW
TND-000778,BID-000529,29,18,14,11,1,3,48.28,0,0,0,0,0.8057,9,1,1,1,0,0.9286,MEDIUM
TND-000778,BID-001188,29,18,24,1,0,4,82.76,1,0,0,0,0.7842,5,0,1,1,1,0.7083,LOW
TND-000778,BID-001650,29,18,27,2,0,0,93.1,0,0,0,0,0.9276,1,1,1,0,0,0.9286,LOW
TND-000779,BID-000532,29,17,18,0,6,5,62.07,0,0,0,4,0.8702,6,1,1,1,0,0.75,MEDIUM
TND-000779,BID-000108,29,17,14,1,5,9,48.28,0,0,0,0,0.797,7,1,1,1,0,0.7917,MEDIUM
TND-000779,BID-001828,29,17,23,0,5,1,79.31,0,0,0,0,0.8856,3,1,1,1,0,0.7917,LOW
TND-000779,BID-000588,29,17,1,0,13,15,3.45,0,0,0,4,0.7601,16,1,1,1,0,0.95,HIGH
TND-000780,BID-001812,23,15,23,0,0,0,100.0,0,0,0,0,0.7853,0,0,0,0,0,0.9286,LOW
TND-000780,BID-001998,23,15,9,7,0,7,39.13,1,0,0,0,0.7952,10,1,0,1,1,0.9583,MEDIUM
TND-000780,BID-000544,23,15,12,6,0,5,52.17,5,0,0,0,0.7026,8,1,1,0,0,0.95,MEDIUM
TND-000780,BID-001532,23,15,11,10,0,2,47.83,1,0,0,0,0.7921,8,0,1,1,1,0.9167,MEDIUM
TND-000781,BID-000908,28,20,16,7,5,0,57.14,0,0,0,0,0.8632,7,1,1,0,0,0.7917,MEDIUM
TND-000781,BID-000793,28,20,23,4,1,0,82.14,0,0,0,0,0.8946,4,1,1,0,0,0.75,LOW
TND-000781,BID-000219,28,20,14,0,4,10,50.0,0,0,4,0,0.827,9,0,1,1,0,0.9167,MEDIUM
TND-000781,BID-001974,28,20,24,0,1,3,85.71,0,0,0,0,0.8495,2,0,1,0,0,0.75,LOW
TND-000782,BID-000104,22,13,4,1,0,17,18.18,0,0,0,0,0.2275,9,0,0,1,0,0.625,HIGH
TND-000782,BID-000552,22,13,10,7,1,4,45.45,0,0,0,0,0.7303,5,1,0,1,0,0.7,MEDIUM
TND-000782,BID-001406,22,13,20,1,1,0,90.91,0,0,0,0,0.8056,2,1,1,0,0,0.7083,LOW
TND-000782,BID-001605,22,13,19,2,1,0,86.36,0,0,0,0,0.9109,2,1,0,0,0,0.9583,LOW
TND-000783,BID-000300,25,18,22,2,1,0,88.0,0,0,0,0,0.9402,3,1,1,0,0,0.7083,LOW
TND-000783,BID-000144,25,18,5,2,1,17,20.0,0,0,0,0,0.3128,13,1,0,1,0,0.75,HIGH
TND-000783,BID-000851,25,18,15,8,0,2,60.0,0,0,0,0,0.8127,8,0,0,1,0,0.9167,MEDIUM
TND-000783,BID-001968,25,18,21,1,0,3,84.0,0,0,0,0,0.699,4,1,0,0,0,0.85,LOW
TND-000784,BID-000727,30,17,23,0,3,4,76.67,0,0,0,0,0.7771,3,1,1,0,0,0.8,LOW
TND-000784,BID-001416,30,17,4,0,18,8,13.33,0,0,4,0,0.792,16,1,1,1,0,0.9583,HIGH
TND-000784,BID-000444,30,17,15,11,4,0,50.0,0,0,0,0,0.7682,8,1,1,0,0,0.9583,MEDIUM
TND-000785,BID-000048,22,16,0,0,11,11,0.0,0,0,0,6,0.9328,16,1,1,1,0,0.75,HIGH
TND-000785,BID-001410,22,16,14,8,0,0,63.64,0,0,0,0,0.8151,6,0,1,0,0,0.875,LOW
TND-000785,BID-001182,22,16,19,0,1,2,86.36,0,0,0,0,0.7335,3,0,1,0,0,0.85,LOW
TND-000785,BID-001618,22,16,12,6,0,4,54.55,2,0,0,0,0.7222,8,0,1,1,0,0.9167,MEDIUM
TND-000786,BID-000314,28,18,18,0,3,7,64.29,1,0,0,0,0.6617,6,1,1,1,1,0.95,MEDIUM
TND-000786,BID-001805,28,18,6,2,3,17,21.43,0,0,0,0,0.4189,15,1,1,1,0,0.9583,HIGH
TND-000786,BID-000082,28,18,12,0,1,15,42.86,1,0,0,0,0.7777,11,1,1,0,1,0.7,MEDIUM
TND-000788,BID-000005,27,15,25,1,1,0,92.59,0,0,0,0,0.875,2,0,1,0,1,0.8929,LOW
TND-000788,BID-001346,27,15,4,0,2,21,14.81,0,0,0,0,0.2727,11,1,1,1,0,0.8333,HIGH
TND-000788,BID-001820,27,15,23,1,1,2,85.19,0,0,0,0,0.7619,3,1,1,1,0,0.9167,LOW
TND-000788,BID-001956,27,15,13,12,1,1,48.15,0,0,0,0,0.9132,7,0,1,0,0,0.75,MEDIUM
TND-000788,BID-000029,27,15,12,11,2,2,44.44,0,0,0,0,0.8955,8,1,1,0,0,0.875,MEDIUM
TND-000789,BID-001716,26,16,18,2,6,0,69.23,0,0,0,0,0.8908,5,1,1,1,0,0.75,LOW
TND-000789,BID-000905,26,16,7,1,1,17,26.92,0,0,0,0,0.4058,13,1,1,1,0,1.0,HIGH
TND-000789,BID-001430,26,16,4,12,6,4,15.38,0,0,0,0,0.7799,13,1,1,1,0,0.75,HIGH
TND-000790,BID-001309,26,16,4,3,1,18,15.38,0,0,0,0,0.3187,13,1,1,1,0,0.6,HIGH
TND-000790,BID-001530,26,16,23,0,3,0,88.46,0,0,0,0,0.864,2,1,1,0,0,0.6667,LOW
TND-000790,BID-000010,26,16,9,9,1,7,34.62,0,0,0,0,0.8498,10,1,1,1,0,0.8333,MEDIUM
TND-000790,BID-000818,26,16,24,0,2,0,92.31,0,0,0,0,0.8735,2,1,1,0,0,0.9167,LOW
TND-000792,BID-001534,29,18,2,0,8,19,6.9,1,3,0,0,0.7949,16,1,1,0,1,0.7,HIGH
TND-000792,BID-001441,29,18,25,1,2,1,86.21,0,0,0,0,0.7287,4,1,1,0,0,0.8333,LOW
TND-000792,BID-001696,29,18,12,0,1,16,41.38,1,0,0,0,0.7413,12,0,1,0,1,0.85,MEDIUM
TND-000793,BID-000864,29,21,9,0,7,13,31.03,0,0,0,0,0.8296,15,1,1,0,0,0.8333,MEDIUM
TND-000793,BID-000457,29,21,5,0,5,19,17.24,1,0,0,0,0.2957,18,1,1,0,1,0.875,HIGH
TND-000793,BID-001985,29,21,8,9,0,12,27.59,0,0,0,0,0.8121,14,1,1,1,0,0.8571,HIGH
TND-000793,BID-001705,29,21,25,1,3,0,86.21,0,0,0,0,0.8024,4,1,1,0,0,0.9643,LOW
TND-000794,BID-001351,27,17,2,0,11,14,7.41,0,4,0,0,0.8514,15,1,0,1,1,0.8333,HIGH
TND-000794,BID-001002,27,17,1,0,11,15,3.7,1,0,0,4,0.8468,16,1,1,1,1,0.5417,HIGH
TND-000794,BID-001080,27,17,21,0,2,4,77.78,0,0,0,0,0.9365,5,1,1,1,0,0.6429,LOW
TND-000794,BID-000181,27,17,22,1,2,2,81.48,0,0,0,0,0.8882,4,1,1,0,0,0.8214,LOW
TND-000794,BID-001303,27,17,24,2,1,0,88.89,0,0,0,0,0.9335,2,1,0,0,0,0.9643,LOW
TND-000795,BID-000358,22,13,10,8,0,4,45.45,0,0,0,0,0.8558,6,1,1,0,0,0.8333,MEDIUM
TND-000795,BID-000086,22,13,11,8,0,3,50.0,1,0,0,0,0.7521,8,0,1,1,1,0.875,MEDIUM
TND-000795,BID-001024,22,13,12,9,1,0,54.55,0,0,0,0,0.8556,4,1,0,0,0,0.8929,LOW
TND-000796,BID-000219,28,18,25,1,1,1,89.29,0,0,0,0,0.7629,3,0,1,1,0,0.5417,LOW
TND-000796,BID-001668,28,18,27,0,1,0,96.43,0,0,0,0,0.9289,1,1,0,0,0,0.8333,LOW
TND-000796,BID-001198,28,18,15,0,1,12,53.57,0,0,0,0,0.8284,8,1,0,0,0,0.9167,MEDIUM
TND-000796,BID-001307,28,18,11,1,3,13,39.29,0,0,3,0,0.8484,12,1,1,1,0,0.875,HIGH
TND-000797,BID-000574,30,19,14,8,3,5,46.67,0,0,0,4,0.8853,11,1,1,1,0,0.75,HIGH
TND-000797,BID-000696,30,19,0,4,15,11,0.0,0,0,3,0,0.8412,19,1,1,1,0,1.0,HIGH
TND-000797,BID-001299,30,19,25,1,0,4,83.33,0,0,0,0,0.8355,3,0,1,1,0,0.85,LOW
TND-000799,BID-001943,25,18,6,0,8,11,24.0,0,0,0,2,0.7708,13,0,1,0,0,0.875,HIGH
TND-000799,BID-000717,25,18,5,1,1,18,20.0,0,0,0,0,0.3554,15,1,1,0,1,0.9167,HIGH
TND-000799,BID-001824,25,18,21,0,4,0,84.0,0,0,0,0,0.8578,3,1,1,0,0,0.7857,LOW
TND-000800,BID-000675,22,13,12,1,0,9,54.55,0,0,0,0,0.7931,4,1,1,0,0,0.85,MEDIUM
TND-000800,BID-000845,22,13,0,0,13,9,0.0,0,4,0,0,0.7977,13,1,1,1,0,0.9,HIGH
TND-000800,BID-001727,22,13,18,1,2,1,81.82,0,0,0,0,0.7965,3,1,1,0,0,0.75,LOW
TND-000800,BID-001963,22,13,1,0,8,13,4.55,0,3,0,0,0.7935,12,1,1,1,0,0.85,HIGH
TND-000802,BID-000521,23,15,11,10,1,1,47.83,0,0,0,0,0.8076,7,1,1,0,0,0.8,MEDIUM
TND-000802,BID-000269,23,15,11,0,1,11,47.83,0,0,0,0,0.8108,7,0,1,1,0,0.75,MEDIUM
TND-000802,BID-001152,23,15,18,0,3,2,78.26,0,0,0,0,0.8506,4,1,1,0,0,0.95,LOW
TND-000802,BID-001656,23,15,2,1,0,20,8.7,3,0,0,0,0.1323,13,1,1,0,0,0.9167,HIGH
TND-000802,BID-000630,23,15,19,0,0,4,82.61,3,0,0,0,0.6847,4,0,1,1,0,0.75,MEDIUM
TND-000803,BID-000357,29,16,10,8,2,9,34.48,0,0,0,0,0.8654,8,1,1,0,0,0.8333,MEDIUM
TND-000803,BID-000026,29,16,2,0,3,24,6.9,0,0,0,3,0.2995,14,1,1,0,0,0.85,HIGH
TND-000803,BID-001480,29,16,28,0,1,0,96.55,0,0,0,0,0.8405,1,0,1,0,0,0.875,LOW
TND-000804,BID-001890,28,18,1,0,12,15,3.57,0,4,0,0,0.8149,17,1,1,1,0,0.7083,HIGH
TND-000804,BID-000985,28,18,23,2,3,0,82.14,0,0,0,0,0.9148,4,1,1,1,0,0.6667,LOW
TND-000804,BID-000220,28,18,12,11,2,3,42.86,0,0,0,0,0.7586,10,1,1,0,0,1.0,MEDIUM
TND-000804,BID-000455,28,18,5,0,1,22,17.86,5,0,0,0,0.5718,14,1,1,1,0,1.0,HIGH
TND-000804,BID-001306,28,18,1,1,1,25,3.57,3,0,0,0,0.1178,17,1,1,1,0,0.75,HIGH
TND-000807,BID-001693,29,18,17,11,0,1,58.62,0,0,0,0,0.7943,7,0,1,1,0,0.8333,MEDIUM
TND-000807,BID-000293,29,18,23,0,2,4,79.31,0,0,0,0,0.8854,5,1,1,1,0,0.95,LOW
TND-000807,BID-000309,29,18,28,0,1,0,96.55,0,0,0,0,0.8509,1,1,0,0,0,0.9583,LOW
TND-000807,BID-000743,29,18,26,1,0,2,89.66,0,0,0,0,0.8211,2,1,0,1,0,0.7917,LOW
TND-000810,BID-000346,26,17,2,1,0,23,7.69,1,0,0,0,0.2093,16,1,1,1,0,0.8125,HIGH
TND-000810,BID-001566,26,17,10,12,0,4,38.46,3,0,0,0,0.7396,11,1,0,0,0,0.875,MEDIUM
TND-000810,BID-000022,26,17,14,1,3,8,53.85,0,0,0,0,0.7707,8,1,1,0,0,0.875,MEDIUM
TND-000810,BID-001112,26,17,5,1,0,20,19.23,0,0,0,0,0.234,13,0,0,1,0,0.8125,HIGH
TND-000812,BID-000071,26,15,6,0,2,18,23.08,0,0,0,0,0.3275,9,1,0,1,0,0.85,HIGH
TND-000812,BID-000720,26,15,26,0,0,0,100.0,0,0,0,0,0.8755,0,0,0,0,0,0.9583,LOW
TND-000812,BID-001610,26,15,1,5,13,7,3.85,0,4,0,0,0.9127,14,1,1,1,0,0.875,HIGH
TND-000813,BID-001243,28,19,27,1,0,0,96.43,0,0,0,0,0.7782,1,0,0,1,0,0.7917,LOW
TND-000813,BID-001894,28,19,7,12,0,9,25.0,0,0,0,0,0.815,15,1,1,1,0,0.85,HIGH
TND-000813,BID-000524,28,19,25,0,3,0,89.29,0,0,0,0,0.8801,2,1,1,0,0,0.8333,LOW
TND-000813,BID-001405,28,19,6,1,1,20,21.43,0,0,0,0,0.2871,15,0,1,0,0,0.95,HIGH
TND-000814,BID-001465,29,20,14,5,2,8,48.28,0,0,0,2,0.7466,8,1,1,1,0,1.0,MEDIUM
TND-000814,BID-000069,29,20,9,0,2,18,31.03,0,0,0,0,0.3594,13,1,1,0,0,0.85,HIGH
TND-000814,BID-001629,29,20,0,0,14,15,0.0,0,0,0,6,0.9162,20,1,1,1,0,0.875,HIGH
TND-000814,BID-001537,29,20,23,5,1,0,79.31,0,0,0,0,0.8957,5,1,1,0,0,0.875,LOW
TND-000815,BID-001451,25,16,22,2,0,1,88.0,0,0,0,0,0.8912,3,0,0,1,0,0.875,LOW
TND-000815,BID-001332,25,16,22,0,0,3,88.0,0,0,0,0,0.8658,3,1,0,0,0,0.8571,LOW
TND-000815,BID-001751,25,16,23,1,0,1,92.0,0,0,0,0,0.9162,2,0,1,1,0,0.9643,LOW
TND-000815,BID-001375,25,16,22,0,3,0,88.0,0,0,0,0,0.7945,3,1,0,0,0,0.8571,LOW
TND-000815,BID-001489,25,16,12,0,1,12,48.0,1,0,0,0,0.8338,9,1,1,0,1,0.8,MEDIUM
TND-000816,BID-001721,28,16,24,0,0,4,85.71,0,0,0,0,0.8376,3,0,1,1,0,0.95,LOW
TND-000816,BID-001621,28,16,27,0,1,0,96.43,0,0,0,0,0.8311,1,0,1,0,0,0.875,LOW
TND-000816,BID-000170,28,16,6,0,1,21,21.43,0,0,0,0,0.2268,11,0,1,0,0,0.85,HIGH
TND-000819,BID-001499,25,14,15,7,1,2,60.0,0,0,0,0,0.8684,5,1,0,0,0,0.9167,LOW
TND-000819,BID-001465,25,14,12,3,0,10,48.0,0,0,0,0,0.8145,8,1,1,1,0,0.9,MEDIUM
TND-000819,BID-000693,25,14,22,0,0,3,88.0,0,0,0,2,0.7811,3,1,1,1,0,0.875,MEDIUM
TND-000821,BID-001093,23,16,8,0,1,14,34.78,0,0,0,0,0.3497,10,0,1,0,0,0.9583,HIGH
TND-000821,BID-001098,23,16,12,3,3,5,52.17,1,0,0,0,0.8133,8,1,1,1,1,0.8333,MEDIUM
TND-000821,BID-001602,23,16,18,2,3,0,78.26,0,0,0,0,0.8873,4,1,1,0,0,0.7857,LOW
TND-000821,BID-001270,23,16,10,3,4,6,43.48,0,0,0,0,0.8406,10,1,1,1,0,0.7857,MEDIUM
TND-000821,BID-001821,23,16,3,1,3,16,13.04,0,0,0,0,0.2933,13,1,1,0,0,0.65,HIGH
TND-000822,BID-001205,29,19,3,0,1,25,10.34,3,0,0,0,0.1432,16,1,1,1,0,0.75,HIGH
TND-000822,BID-001335,29,19,28,0,1,0,96.55,0,0,0,0,0.8881,1,0,1,0,0,0.7917,LOW
TND-000822,BID-000353,29,19,13,12,1,3,44.83,1,0,0,0,0.7693,11,0,1,1,0,0.875,MEDIUM
TND-000823,BID-001798,30,17,16,12,1,1,53.33,0,0,0,0,0.8259,7,1,1,0,0,0.8333,MEDIUM
TND-000823,BID-001330,30,17,18,2,0,10,60.0,0,0,0,0,0.7644,6,0,1,1,1,0.7857,MEDIUM
TND-000823,BID-000245,30,17,2,1,0,27,6.67,3,0,0,0,0.1106,15,1,1,1,0,0.8333,HIGH
TND-000824,BID-001043,24,18,6,1,1,16,25.0,0,0,0,0,0.415,12,1,0,1,0,0.8,HIGH
TND-000824,BID-000665,24,18,19,0,0,5,79.17,0,0,0,0,0.8972,4,1,0,0,0,0.625,LOW
TND-000824,BID-000960,24,18,24,0,0,0,100.0,0,0,0,0,0.8785,0,0,0,0,0,0.875,LOW
TND-000824,BID-001118,24,18,14,0,0,10,58.33,0,0,0,0,0.7173,7,1,0,0,0,0.8,MEDIUM
TND-000825,BID-000637,25,15,21,2,0,2,84.0,0,0,0,0,0.7788,3,1,1,0,0,0.75,LOW
TND-000825,BID-001404,25,15,4,0,8,13,16.0,0,0,4,0,0.8389,11,0,1,1,0,0.8571,HIGH
TND-000825,BID-000811,25,15,13,0,0,12,52.0,0,0,0,0,0.9235,8,0,1,0,0,0.9286,MEDIUM
TND-000825,BID-000979,25,15,22,1,1,1,88.0,0,0,0,0,0.7841,3,0,1,1,0,0.9286,LOW
TND-000826,BID-001912,23,15,17,1,1,4,73.91,0,0,0,0,0.6732,3,1,1,1,0,0.8333,LOW
TND-000826,BID-000585,23,15,16,0,1,6,69.57,0,0,0,0,0.7888,5,0,1,0,1,0.8214,MEDIUM
TND-000826,BID-000458,23,15,17,4,1,1,73.91,1,0,0,0,0.8101,4,0,1,0,1,0.7917,LOW
TND-000826,BID-000057,23,15,11,8,2,2,47.83,0,0,0,0,0.8807,8,1,1,1,1,0.7143,MEDIUM
TND-000827,BID-001528,22,16,18,0,2,2,81.82,0,0,0,0,0.7299,3,1,1,0,0,1.0,LOW
TND-000827,BID-000664,22,16,8,0,3,11,36.36,0,0,3,0,0.8242,11,1,1,1,0,0.9167,HIGH
TND-000827,BID-001668,22,16,11,8,2,1,50.0,0,0,0,0,0.8905,9,1,1,1,0,0.7917,MEDIUM
TND-000831,BID-001118,30,19,16,4,0,10,53.33,0,0,0,0,0.8651,8,1,0,0,0,0.7917,MEDIUM
TND-000831,BID-001630,30,19,21,0,1,8,70.0,0,0,0,0,0.8696,7,1,0,0,0,1.0,LOW
TND-000831,BID-000190,30,19,11,0,5,14,36.67,0,0,0,0,0.856,14,1,1,0,0,0.625,MEDIUM
TND-000831,BID-000526,30,19,23,0,0,7,76.67,0,0,0,2,0.7752,5,1,1,1,0,0.85,MEDIUM
TND-000831,BID-000629,30,19,15,14,1,0,50.0,0,0,0,0,0.8544,9,1,1,0,0,0.6667,MEDIUM
TND-000832,BID-001003,29,19,4,0,1,24,13.79,0,0,0,3,0.2397,15,0,1,1,0,0.95,HIGH
TND-000832,BID-000128,29,19,26,1,2,0,89.66,0,0,0,0,0.965,3,1,0,1,0,0.875,LOW
TND-000832,BID-000222,29,19,19,1,2,7,65.52,0,0,0,0,0.7717,6,1,1,0,0,0.8333,MEDIUM
TND-000832,BID-001789,29,19,16,0,2,11,55.17,0,0,0,0,0.8616,8,1,0,0,0,0.75,MEDIUM
TND-000836,BID-000155,25,16,3,0,3,19,12.0,0,1,0,0,0.2558,13,1,1,1,0,0.95,HIGH
TND-000836,BID-001932,25,16,12,10,2,1,48.0,0,0,0,0,0.8748,9,1,1,0,0,0.9583,MEDIUM
TND-000836,BID-000076,25,16,21,0,1,3,84.0,0,0,0,0,0.8666,4,0,1,1,0,0.85,LOW
TND-000836,BID-001934,25,16,7,2,1,15,28.0,0,0,0,0,0.7896,12,1,1,0,0,0.85,HIGH
TND-000836,BID-001875,25,16,18,0,2,5,72.0,0,0,0,4,0.8847,7,1,1,1,0,0.85,MEDIUM
TND-000837,BID-000388,27,15,25,2,0,0,92.59,0,0,0,0,0.9203,2,0,1,1,0,1.0,LOW
TND-000837,BID-000608,27,15,15,4,2,6,55.56,0,0,0,0,0.8895,6,1,1,0,0,0.8333,MEDIUM
TND-000837,BID-001663,27,15,3,0,18,6,11.11,0,0,0,5,0.8447,15,1,1,1,0,0.8333,HIGH
TND-000838,BID-001191,29,20,20,0,4,5,68.97,0,0,0,0,0.8359,7,1,1,1,0,0.8929,MEDIUM
TND-000838,BID-001034,29,20,20,4,1,4,68.97,0,0,0,0,0.7807,6,1,1,0,0,0.875,LOW
TND-000838,BID-001386,29,20,7,3,8,11,24.14,1,0,0,4,0.8214,15,1,1,1,1,0.875,HIGH
TND-000838,BID-001863,29,20,20,5,3,1,68.97,0,0,0,0,0.7984,6,1,1,0,1,0.7857,LOW
TND-000838,BID-000312,29,20,17,4,7,1,58.62,1,0,0,0,0.862,9,1,1,0,1,0.8333,MEDIUM
TND-000839,BID-001958,22,12,18,1,1,2,81.82,0,0,0,0,0.8305,4,0,1,1,0,0.875,LOW
TND-000839,BID-000964,22,12,7,0,1,14,31.82,0,0,0,0,0.3235,6,0,1,0,0,0.7917,MEDIUM
TND-000839,BID-000856,22,12,16,0,2,4,72.73,0,0,0,0,0.8866,5,1,1,1,0,0.7857,MEDIUM
TND-000840,BID-001147,30,19,12,14,4,0,40.0,0,0,0,0,0.9274,12,1,0,0,0,0.75,MEDIUM
TND-000840,BID-001499,30,19,21,2,0,7,70.0,0,0,0,0,0.8605,3,0,0,0,0,0.9167,LOW
TND-000840,BID-000389,30,19,20,0,1,9,66.67,1,0,0,0,0.8827,5,1,1,0,0,0.85,LOW
TND-000840,BID-000827,30,19,22,3,1,4,73.33,0,0,0,0,0.7143,6,1,0,0,0,0.95,LOW
TND-000841,BID-000932,23,13,11,6,0,6,47.83,0,0,0,0,0.8518,6,1,0,0,0,0.7083,MEDIUM
TND-000841,BID-001808,23,13,14,2,1,6,60.87,0,0,0,0,0.8669,5,1,1,0,0,0.7917,MEDIUM
TND-000841,BID-001416,23,13,17,1,0,5,73.91,5,0,0,0,0.6119,3,1,1,1,0,1.0,MEDIUM
TND-000842,BID-000957,22,13,1,0,4,17,4.55,0,0,5,0,0.8699,12,1,1,1,1,0.75,HIGH
TND-000842,BID-000919,22,13,7,2,3,10,31.82,0,0,0,0,0.8592,9,1,1,1,0,0.6429,MEDIUM
TND-000842,BID-000287,22,13,15,0,3,4,68.18,0,0,0,0,0.8173,7,1,1,1,1,0.8214,MEDIUM
TND-000844,BID-000313,27,15,0,2,2,23,0.0,0,0,4,0,0.8029,15,1,1,1,0,0.8,HIGH
TND-000844,BID-000357,27,15,2,0,17,8,7.41,0,0,0,5,0.8771,13,0,1,1,0,0.7083,HIGH
TND-000844,BID-000822,27,15,13,0,1,13,48.15,0,2,0,0,0.738,9,0,1,1,0,0.75,MEDIUM
TND-000844,BID-000746,27,15,5,0,0,22,18.52,0,0,0,0,0.1767,10,0,0,0,0,0.75,HIGH
TND-000844,BID-001960,27,15,21,0,0,6,77.78,0,0,0,0,0.7978,3,0,1,1,0,0.95,LOW
TND-000845,BID-001954,28,16,12,13,3,0,42.86,0,0,0,0,0.7795,11,1,1,0,0,0.9643,MEDIUM
TND-000845,BID-000390,28,16,8,2,0,18,28.57,0,0,0,0,0.8053,11,1,1,0,0,0.6667,HIGH
TND-000845,BID-001743,28,16,18,6,0,4,64.29,0,0,0,0,0.871,6,1,1,0,0,0.8571,MEDIUM
TND-000845,BID-000202,28,16,21,0,2,5,75.0,0,5,0,0,0.7926,5,1,1,1,1,0.8571,MEDIUM
TND-000845,BID-000858,28,16,0,0,13,15,0.0,1,0,0,6,0.8308,16,1,1,1,1,0.7917,HIGH
TND-000846,BID-001418,26,16,4,1,4,17,15.38,0,0,0,0,0.3249,12,1,1,0,0,0.75,HIGH
TND-000846,BID-000607,26,16,16,7,2,1,61.54,0,0,0,0,0.7863,5,1,1,0,0,0.9583,LOW
TND-000846,BID-000782,26,16,20,2,2,2,76.92,0,0,0,0,0.7746,6,1,1,1,0,0.8333,LOW
TND-000846,BID-001113,26,16,5,0,0,21,19.23,0,0,0,0,0.2992,11,1,1,0,0,0.75,HIGH
TND-000846,BID-000047,26,16,25,1,0,0,96.15,0,0,0,0,0.895,1,0,0,0,1,0.8214,LOW
TND-000847,BID-000566,22,15,14,7,1,0,63.64,0,0,0,0,0.8185,6,0,1,0,0,0.7083,MEDIUM
TND-000847,BID-001512,22,15,2,2,8,10,9.09,0,0,0,3,0.769,13,1,1,0,0,0.875,HIGH
TND-000847,BID-000766,22,15,10,0,3,9,45.45,0,0,0,0,0.8049,8,1,1,0,0,0.8,MEDIUM
TND-000847,BID-001994,22,15,8,11,1,2,36.36,0,0,0,0,0.7447,9,1,1,0,0,0.8,MEDIUM
TND-000847,BID-001586,22,15,8,0,1,13,36.36,0,0,0,0,0.8016,9,1,1,0,0,0.8333,MEDIUM
TND-000848,BID-001693,28,16,2,0,15,11,7.14,0,0,0,4,0.8557,15,1,1,1,0,0.7917,HIGH
TND-000848,BID-000205,28,16,14,0,1,13,50.0,0,0,0,0,0.8149,6,1,0,0,0,0.8,MEDIUM
TND-000848,BID-000674,28,16,11,8,3,6,39.29,0,0,0,0,0.8301,9,1,0,0,0,0.875,MEDIUM
TND-000848,BID-001713,28,16,12,0,1,15,42.86,0,0,0,0,0.8319,7,1,0,0,0,0.75,MEDIUM
TND-000849,BID-001295,30,17,27,0,1,2,90.0,0,0,0,0,0.8041,3,1,0,0,0,0.75,LOW
TND-000849,BID-000085,30,17,5,0,1,24,16.67,0,0,0,0,0.2189,12,1,1,0,0,0.75,HIGH
TND-000849,BID-001066,30,17,3,0,21,6,10.0,0,0,4,0,0.8419,14,1,1,1,0,0.625,HIGH
TND-000849,BID-000431,30,17,13,1,1,15,43.33,0,0,0,0,0.8262,8,1,0,1,0,0.875,MEDIUM
TND-000852,BID-001662,25,15,17,0,1,7,68.0,0,0,0,0,0.9079,5,0,1,0,0,0.9167,LOW
TND-000852,BID-000283,25,15,7,1,6,11,28.0,0,0,0,0,0.792,10,1,1,1,0,0.7,MEDIUM
TND-000852,BID-001017,25,15,21,1,3,0,84.0,0,0,0,0,0.8351,3,1,0,1,0,0.75,LOW
TND-000852,BID-001419,25,15,23,0,0,2,92.0,0,0,0,0,0.8906,2,0,1,1,0,0.7083,LOW
TND-000853,BID-001116,23,15,17,0,4,2,73.91,0,0,0,0,0.7869,5,1,1,0,0,0.85,LOW
TND-000853,BID-000716,23,15,19,2,0,2,82.61,0,0,0,0,0.7424,3,1,0,0,0,0.95,LOW
TND-000853,BID-000474,23,15,18,1,2,2,78.26,0,0,0,0,0.8454,4,1,0,1,0,0.75,LOW
TND-000855,BID-001792,24,15,3,0,4,17,12.5,1,0,4,0,0.7864,13,0,1,1,1,0.7917,HIGH
TND-000855,BID-001981,24,15,13,7,2,2,54.17,0,0,0,0,0.8525,7,1,1,0,0,0.5833,MEDIUM
TND-000855,BID-000529,24,15,10,10,1,3,41.67,0,0,0,0,0.887,9,1,1,0,0,1.0,MEDIUM
TND-000856,BID-001280,26,17,24,0,0,2,92.31,1,0,0,0,0.9251,2,0,1,0,1,0.9583,LOW
TND-000856,BID-001119,26,17,13,1,0,12,50.0,0,0,0,0,0.8218,10,1,1,1,0,0.8571,MEDIUM
TND-000856,BID-000182,26,17,23,0,1,2,88.46,1,0,0,0,0.7862,3,0,1,1,1,0.9167,LOW
TND-000857,BID-001275,29,16,4,0,2,23,13.79,1,0,0,0,0.2739,12,1,1,0,1,0.85,HIGH
TND-000857,BID-001487,29,16,28,0,1,0,96.55,0,0,0,0,0.8459,1,0,1,0,0,0.8929,LOW
TND-000857,BID-000251,29,16,27,0,1,1,93.1,0,0,0,0,0.8879,2,0,1,1,0,0.8214,LOW
TND-000857,BID-001302,29,16,0,0,4,25,0.0,1,0,4,0,0.2716,16,1,1,1,1,0.6875,HIGH
TND-000857,BID-000011,29,16,22,2,4,1,75.86,0,0,0,0,0.9169,6,1,1,0,0,0.7143,LOW
TND-000858,BID-001027,26,17,14,2,0,10,53.85,1,0,0,0,0.7911,7,1,1,0,1,0.8333,MEDIUM
TND-000858,BID-001039,26,17,23,1,1,1,88.46,0,0,0,0,0.8495,3,0,1,1,1,0.75,LOW
TND-000858,BID-001874,26,17,6,0,1,19,23.08,0,0,0,0,0.2864,14,1,1,0,0,0.7917,HIGH
TND-000858,BID-001798,26,17,24,0,0,2,92.31,0,0,0,0,0.69,0,0,0,0,0,0.8333,LOW
TND-000858,BID-001322,26,17,1,1,0,24,3.85,4,0,0,0,0.092,16,1,1,1,1,0.875,HIGH
TND-000859,BID-000010,25,16,23,1,1,0,92.0,0,0,0,0,0.8176,2,1,1,0,0,0.8333,LOW
TND-000859,BID-000516,25,16,0,0,11,14,0.0,0,0,0,6,0.7997,16,1,1,1,0,0.75,HIGH
TND-000859,BID-001126,25,16,18,0,5,2,72.0,0,0,0,3,0.9502,6,1,1,1,0,0.9167,MEDIUM
TND-000860,BID-000062,26,19,14,0,0,12,53.85,0,0,0,0,0.8312,9,0,1,0,0,0.8333,MEDIUM
TND-000860,BID-001071,26,19,10,12,1,3,38.46,0,0,0,0,0.8032,10,0,1,1,0,0.8,MEDIUM
TND-000860,BID-000076,26,19,23,0,1,2,88.46,0,0,0,0,0.8682,3,0,1,0,0,0.8,LOW
TND-000860,BID-000684,26,19,24,2,0,0,92.31,0,0,0,0,0.9153,2,0,1,1,0,0.7083,LOW
TND-000861,BID-001028,25,17,19,1,2,3,76.0,1,0,0,0,0.7288,6,1,1,1,1,0.6667,MEDIUM
TND-000861,BID-000181,25,17,21,1,0,3,84.0,0,0,0,0,0.845,4,1,1,1,0,0.8571,LOW
TND-000861,BID-000430,25,17,21,2,0,2,84.0,1,0,0,0,0.8605,4,1,0,0,1,0.75,LOW
TND-000862,BID-001612,28,18,5,0,14,9,17.86,0,0,5,0,0.7718,14,1,1,1,1,0.8929,HIGH
TND-000862,BID-000245,28,18,17,1,2,8,60.71,0,0,0,0,0.8871,7,1,1,1,0,0.7143,MEDIUM
TND-000862,BID-000339,28,18,0,0,18,10,0.0,0,0,0,6,0.858,18,1,1,1,1,0.8571,HIGH
TND-000863,BID-001246,28,20,12,0,2,14,42.86,0,0,0,0,0.7113,8,1,1,0,0,0.9,MEDIUM
TND-000863,BID-001406,28,20,21,2,3,2,75.0,0,0,0,0,0.8833,4,1,1,0,0,0.75,LOW
TND-000863,BID-000612,28,20,20,2,0,6,71.43,0,0,0,0,0.8017,5,1,1,1,0,0.5,LOW
TND-000864,BID-000355,23,14,13,1,1,8,56.52,0,0,0,0,0.8893,6,1,1,0,0,0.875,MEDIUM
TND-000864,BID-000972,23,14,15,1,6,1,65.22,0,0,4,0,0.867,7,1,1,1,0,0.7917,MEDIUM
TND-000864,BID-001904,23,14,6,0,1,16,26.09,0,0,0,0,0.2987,9,0,1,1,0,0.75,HIGH
TND-000864,BID-000601,23,14,17,3,1,2,73.91,2,0,0,0,0.783,5,1,1,1,0,0.8125,MEDIUM
TND-000865,BID-000630,22,14,4,2,0,16,18.18,0,0,0,0,0.2456,10,1,0,0,0,0.6875,HIGH
TND-000865,BID-000541,22,14,11,9,2,0,50.0,0,0,0,0,0.837,7,1,1,1,0,0.9167,MEDIUM
TND-000865,BID-000356,22,14,3,0,1,18,13.64,0,0,0,0,0.2592,12,1,1,0,0,0.6875,HIGH
TND-000866,BID-001041,26,19,12,9,5,0,46.15,0,0,0,0,0.8016,9,1,0,0,0,0.9286,MEDIUM
TND-000866,BID-000832,26,19,22,3,1,0,84.62,0,0,0,0,0.7993,4,0,1,1,0,0.8214,LOW
TND-000866,BID-001002,26,19,11,10,4,1,42.31,0,0,0,0,0.9324,12,1,1,1,0,0.7143,MEDIUM
TND-000866,BID-001617,26,19,18,2,4,2,69.23,0,0,0,0,0.7866,5,1,1,0,0,0.875,LOW
TND-000869,BID-001635,25,14,5,1,0,19,20.0,0,0,0,0,0.2679,11,1,0,1,0,0.75,HIGH
TND-000869,BID-001468,25,14,21,0,0,4,84.0,0,0,0,0,0.6725,3,0,1,0,0,0.75,LOW
TND-000869,BID-000600,25,14,21,0,2,2,84.0,1,0,0,0,0.8718,3,1,1,0,1,0.9583,LOW
TND-000870,BID-001595,25,14,4,1,0,20,16.0,0,0,0,0,0.3155,11,1,1,0,1,0.85,HIGH
TND-000870,BID-001673,25,14,8,13,3,1,32.0,1,0,0,0,0.868,8,1,1,0,1,0.8333,MEDIUM
TND-000870,BID-000140,25,14,7,0,1,17,28.0,1,0,0,0,0.2743,10,0,1,0,1,0.6875,HIGH
TND-000870,BID-000130,25,14,23,1,1,0,92.0,0,0,0,0,0.8819,2,0,1,0,0,0.9286,LOW
TND-000870,BID-001565,25,14,1,0,7,17,4.0,0,0,0,5,0.7876,13,1,1,1,1,0.6786,HIGH
TND-000871,BID-000967,26,17,18,0,3,5,69.23,0,0,0,4,0.7432,7,1,1,1,0,0.85,MEDIUM
TND-000871,BID-000167,26,17,22,0,3,1,84.62,0,0,0,0,0.7891,3,1,1,0,0,0.8333,LOW
TND-000871,BID-000552,26,17,13,0,2,11,50.0,0,0,0,0,0.8187,10,1,1,0,0,0.8,MEDIUM
TND-000871,BID-000179,26,17,19,1,3,3,73.08,0,0,0,0,0.867,6,1,1,1,0,0.6,LOW
TND-000871,BID-000221,26,17,24,0,1,1,92.31,0,0,0,0,0.938,2,1,1,0,0,0.7083,LOW
TND-000872,BID-000360,27,15,15,0,3,9,55.56,0,0,0,0,0.8395,8,1,1,1,0,0.75,MEDIUM
TND-000872,BID-000824,27,15,9,14,2,2,33.33,0,0,3,0,0.7891,10,1,0,1,0,0.875,HIGH
TND-000872,BID-000561,27,15,22,1,1,3,81.48,0,0,0,0,0.793,5,1,1,1,0,0.6667,LOW
TND-000872,BID-000076,27,15,10,7,0,10,37.04,0,0,0,0,0.8241,8,0,1,0,0,0.9,MEDIUM
TND-000872,BID-001564,27,15,8,14,4,1,29.63,0,0,0,0,0.846,12,1,1,0,0,0.75,MEDIUM
TND-000874,BID-001738,29,21,24,1,1,3,82.76,0,0,0,0,0.9008,4,1,1,1,0,0.8333,LOW
TND-000874,BID-001544,29,21,25,0,4,0,86.21,0,0,0,0,0.8382,3,1,1,0,0,0.875,LOW
TND-000874,BID-000664,29,21,26,1,2,0,89.66,0,0,0,0,0.918,2,1,1,0,0,0.7917,LOW
TND-000875,BID-001612,22,13,19,0,2,1,86.36,1,0,0,0,0.8719,3,1,1,0,1,0.75,LOW
TND-000875,BID-001555,22,13,8,0,1,13,36.36,0,0,0,0,0.8035,7,0,1,0,1,0.7857,MEDIUM
TND-000875,BID-001219,22,13,10,2,1,9,45.45,1,0,0,0,0.8501,5,0,1,1,1,0.7083,MEDIUM
TND-000878,BID-000874,24,17,18,1,0,5,75.0,0,0,0,0,0.7214,5,0,1,0,1,0.875,LOW
TND-000878,BID-000337,24,17,17,0,1,6,70.83,0,0,0,0,0.6541,6,1,1,0,1,0.7917,MEDIUM
TND-000878,BID-000921,24,17,17,2,5,0,70.83,0,0,0,0,0.7907,6,1,1,1,1,0.8214,MEDIUM
TND-000878,BID-000785,24,17,4,1,4,15,16.67,1,0,0,0,0.4032,14,1,1,1,1,0.9,HIGH
TND-000880,BID-000384,22,15,18,4,0,0,81.82,0,0,0,0,0.9258,3,1,1,1,0,0.9286,LOW
TND-000880,BID-000206,22,15,14,0,5,3,63.64,1,0,0,5,0.7479,7,1,1,1,1,0.9167,HIGH
TND-000880,BID-000557,22,15,11,10,0,1,50.0,0,0,0,0,0.9121,9,0,1,0,1,0.75,MEDIUM
TND-000880,BID-001704,22,15,13,1,1,7,59.09,0,0,0,0,0.7259,7,1,1,1,0,0.9167,MEDIUM
TND-000881,BID-000651,22,14,8,1,2,11,36.36,1,0,0,0,0.7666,10,1,1,0,1,0.9583,HIGH
TND-000881,BID-000982,22,14,12,8,1,1,54.55,0,0,0,0,0.8592,7,0,1,1,0,0.9643,MEDIUM
TND-000881,BID-000178,22,14,17,2,1,2,77.27,0,0,0,0,0.8798,5,1,1,1,1,0.7857,LOW
TND-000881,BID-000367,22,14,3,1,3,15,13.64,0,0,0,0,0.2947,12,1,1,1,0,0.75,HIGH
TND-000881,BID-000906,22,14,3,0,13,6,13.64,0,0,4,0,0.7901,12,1,1,1,0,0.6429,HIGH
TND-000882,BID-000395,30,18,14,9,0,7,46.67,5,0,0,0,0.6984,10,1,1,1,0,1.0,HIGH
TND-000882,BID-000797,30,18,4,1,1,24,13.33,0,0,0,0,0.1973,15,0,1,1,0,0.8125,HIGH
TND-000882,BID-000336,30,18,11,0,3,16,36.67,0,0,0,0,0.8072,13,1,1,0,0,0.9,MEDIUM
TND-000883,BID-001703,28,19,5,0,0,23,17.86,0,0,0,0,0.2012,15,1,0,0,0,0.8125,HIGH
TND-000883,BID-001075,28,19,25,0,1,2,89.29,0,0,0,0,0.7649,2,0,1,0,0,0.95,LOW
TND-000883,BID-000631,28,19,24,1,3,0,85.71,0,0,0,0,0.9123,4,1,1,1,0,0.6667,LOW
TND-000884,BID-000247,22,15,5,3,4,10,22.73,0,0,0,0,0.8608,11,1,1,0,0,0.8333,MEDIUM
TND-000884,BID-001966,22,15,9,0,1,12,40.91,0,0,0,0,0.3638,9,0,1,0,0,0.85,MEDIUM
TND-000884,BID-000853,22,15,15,0,7,0,68.18,0,0,0,0,0.8843,4,1,1,0,0,0.875,LOW
TND-000885,BID-001127,30,21,11,16,1,2,36.67,1,0,0,0,0.8487,13,0,1,0,1,0.7917,MEDIUM
TND-000885,BID-001253,30,21,10,12,2,6,33.33,0,0,0,0,0.9146,12,1,0,0,0,0.7857,MEDIUM
TND-000885,BID-000591,30,21,25,1,1,3,83.33,0,0,0,0,0.8895,5,1,0,0,1,0.875,LOW
TND-000887,BID-000723,27,16,4,2,16,5,14.81,0,0,4,0,0.896,13,1,0,1,1,0.75,HIGH
TND-000887,BID-000103,27,16,26,0,0,1,96.3,0,0,0,0,0.8611,1,0,0,1,0,0.8571,LOW
TND-000887,BID-001655,27,16,11,8,4,4,40.74,1,0,0,0,0.7169,10,1,0,1,1,0.7,MEDIUM
TND-000888,BID-001464,30,22,11,8,0,11,36.67,0,0,0,0,0.8619,13,0,1,0,0,0.875,MEDIUM
TND-000888,BID-001512,30,22,15,1,2,12,50.0,0,0,0,0,0.8242,12,1,1,1,0,0.875,MEDIUM
TND-000888,BID-001575,30,22,28,1,1,0,93.33,0,0,0,0,0.8699,2,0,1,1,0,0.7083,LOW
TND-000888,BID-001308,30,22,18,6,2,4,60.0,0,0,0,0,0.811,8,1,1,1,0,0.7917,MEDIUM
TND-000888,BID-001139,30,22,25,3,0,2,83.33,0,0,0,0,0.8552,4,1,1,1,0,1.0,LOW
TND-000889,BID-001742,30,20,28,1,1,0,93.33,0,0,0,0,0.7887,2,1,1,0,0,0.7917,LOW
TND-000889,BID-000588,30,20,25,1,1,3,83.33,0,0,0,0,0.7062,3,1,1,0,0,0.75,LOW
TND-000889,BID-000478,30,20,3,1,1,25,10.0,0,0,0,0,0.1838,18,1,1,1,0,0.8125,HIGH
TND-000889,BID-001044,30,20,5,3,1,21,16.67,0,0,0,0,0.258,17,1,1,1,0,0.45,HIGH
TND-000889,BID-001808,30,20,6,0,3,21,20.0,0,0,0,0,0.2995,17,1,1,0,0,0.75,HIGH
TND-000890,BID-000935,23,17,20,2,1,0,86.96,0,0,0,0,0.8709,3,1,0,1,1,0.9286,LOW
TND-000890,BID-000912,23,17,11,1,2,9,47.83,0,0,0,0,0.7987,7,1,1,0,1,0.9286,MEDIUM
TND-000890,BID-001998,23,17,22,0,0,1,95.65,0,0,0,0,0.866,1,0,1,0,0,0.8571,LOW
TND-000891,BID-000242,27,17,20,0,3,4,74.07,0,0,0,0,0.8225,6,1,1,0,0,0.75,LOW
TND-000891,BID-001068,27,17,0,0,11,16,0.0,0,0,0,6,0.9489,17,1,1,1,0,0.5833,HIGH
TND-000891,BID-001478,27,17,10,1,3,13,37.04,0,0,0,0,0.8487,11,1,1,1,0,0.95,MEDIUM
TND-000892,BID-001865,25,14,18,1,3,3,72.0,0,0,0,0,0.8074,6,1,1,1,0,0.9,MEDIUM
TND-000892,BID-001328,25,14,23,0,0,2,92.0,0,0,0,0,0.8724,2,0,0,1,0,0.7917,LOW
TND-000892,BID-001966,25,14,2,0,15,8,8.0,0,0,0,4,0.9129,12,1,0,1,0,0.8333,HIGH
TND-000893,BID-000806,26,15,21,3,1,1,80.77,0,0,0,0,0.8346,3,1,1,0,1,0.8929,LOW
TND-000893,BID-001414,26,15,19,3,2,2,73.08,1,0,0,0,0.7943,6,1,1,1,1,0.7917,MEDIUM
TND-000893,BID-000842,26,15,5,9,1,11,19.23,0,0,0,0,0.7142,10,1,1,0,0,0.875,HIGH
TND-000894,BID-000912,24,16,14,0,4,6,58.33,0,0,0,5,0.8334,8,1,1,1,0,0.7143,HIGH
TND-000894,BID-001886,24,16,15,1,2,6,62.5,0,0,0,0,0.78,7,1,1,0,1,0.9167,MEDIUM
TND-000894,BID-000544,24,16,15,0,2,7,62.5,0,0,0,0,0.8403,6,1,0,0,1,0.8214,MEDIUM
TND-000894,BID-001814,24,16,19,1,3,1,79.17,0,0,0,0,0.8992,4,1,0,0,0,0.8571,LOW
TND-000897,BID-001333,27,16,11,8,2,6,40.74,1,0,0,4,0.8582,9,1,1,1,1,0.8333,HIGH
TND-000897,BID-001498,27,16,11,0,4,12,40.74,0,0,0,0,0.8057,9,1,1,1,0,0.8214,MEDIUM
TND-000897,BID-001241,27,16,9,1,4,13,33.33,1,0,0,0,0.8312,10,1,1,1,1,0.7917,HIGH
TND-000897,BID-001958,27,16,0,1,0,26,0.0,3,0,0,0,0.1472,16,1,1,1,1,0.75,HIGH
TND-000897,BID-001466,27,16,20,4,1,2,74.07,1,0,0,0,0.8568,4,1,1,1,1,0.75,LOW
TND-000899,BID-001991,24,18,10,10,2,2,41.67,0,0,0,0,0.9166,12,1,0,0,0,0.875,MEDIUM
TND-000899,BID-001897,24,18,18,5,0,1,75.0,0,0,0,0,0.8276,5,1,0,0,0,0.875,LOW
TND-000899,BID-001363,24,18,20,1,3,0,83.33,0,0,0,0,0.7666,4,1,0,1,0,0.625,LOW
TND-000900,BID-000168,26,15,14,11,0,1,53.85,0,0,0,0,0.7999,8,0,1,0,1,0.875,MEDIUM
TND-000900,BID-001426,26,15,7,8,3,8,26.92,0,5,0,0,0.8102,13,1,1,1,1,0.9167,HIGH
TND-000900,BID-000974,26,15,23,0,1,2,88.46,1,0,0,0,0.8506,3,0,1,0,1,0.95,LOW
TND-000901,BID-000443,26,18,10,2,4,10,38.46,0,0,0,0,0.8659,12,1,1,1,0,0.9167,MEDIUM
TND-000901,BID-001634,26,18,20,5,1,0,76.92,0,0,0,0,0.8561,5,1,1,1,0,0.8333,LOW
TND-000901,BID-000200,26,18,20,0,3,3,76.92,0,0,0,0,0.8538,5,1,1,0,0,0.8,LOW
TND-000901,BID-001317,26,18,1,0,15,10,3.85,0,0,4,0,0.78,17,1,1,1,0,0.9167,HIGH
TND-000901,BID-000959,26,18,22,0,2,2,84.62,0,0,0,0,0.8967,3,1,1,0,0,0.875,LOW
TND-000902,BID-000720,25,14,24,1,0,0,96.0,0,0,0,0,0.8487,1,0,0,1,0,0.8333,LOW
TND-000902,BID-000933,25,14,9,8,0,8,36.0,0,0,0,0,0.7475,9,0,1,1,0,0.8,MEDIUM
TND-000902,BID-001273,25,14,17,7,0,1,68.0,0,0,0,0,0.9126,3,0,1,0,0,0.875,LOW
TND-000902,BID-001051,25,14,12,0,2,11,48.0,0,0,0,0,0.8427,7,1,0,1,0,0.9583,MEDIUM
TND-000904,BID-001943,24,14,0,0,11,13,0.0,0,0,0,6,0.732,14,1,1,1,1,0.8333,HIGH
TND-000904,BID-000842,24,14,19,0,2,3,79.17,1,0,0,0,0.8293,4,1,1,0,1,0.75,LOW
TND-000904,BID-000600,24,14,12,0,2,10,50.0,1,0,0,0,0.784,8,1,1,0,1,0.9167,MEDIUM
TND-000904,BID-001128,24,14,19,1,1,3,79.17,0,0,0,0,0.783,4,1,1,1,0,0.7917,LOW
TND-000905,BID-000487,26,15,22,0,1,3,84.62,0,0,0,0,0.786,2,0,1,0,0,0.95,LOW
TND-000905,BID-001660,26,15,23,2,1,0,88.46,0,0,0,0,0.9009,2,0,1,0,0,0.9167,LOW
TND-000905,BID-000658,26,15,21,3,0,2,80.77,0,0,0,0,0.786,3,1,1,1,0,0.625,LOW
TND-000905,BID-000076,26,15,20,4,2,0,76.92,0,0,0,0,0.8422,4,1,1,0,0,0.875,LOW
TND-000905,BID-000163,26,15,24,1,1,0,92.31,0,0,0,0,0.858,2,0,1,1,0,0.9583,LOW
TND-000906,BID-001054,24,16,12,8,3,1,50.0,0,0,0,0,0.8847,8,1,1,0,0,0.8214,MEDIUM
TND-000906,BID-000023,24,16,21,1,0,2,87.5,0,0,0,0,0.8503,2,1,0,0,1,0.8214,LOW
TND-000906,BID-001227,24,16,6,1,1,16,25.0,0,0,0,0,0.2964,11,0,1,0,0,0.875,HIGH
TND-000906,BID-000736,24,16,17,0,1,6,70.83,5,0,0,0,0.7236,6,1,1,1,1,0.9375,MEDIUM
TND-000907,BID-001528,25,14,9,9,3,4,36.0,0,0,0,0,0.8527,10,1,1,1,0,0.8,MEDIUM
TND-000907,BID-001875,25,14,20,0,4,1,80.0,0,0,0,0,0.849,3,1,0,0,0,0.8,LOW
TND-000907,BID-000219,25,14,16,8,1,0,64.0,0,0,0,0,0.8533,5,0,1,0,0,0.7917,LOW
TND-000907,BID-001585,25,14,2,1,11,11,8.0,0,3,0,0,0.8901,12,1,1,1,0,0.7917,HIGH
TND-000907,BID-000793,25,14,19,1,5,0,76.0,0,0,0,0,0.8473,4,1,1,1,0,0.7083,LOW
TND-000909,BID-000432,24,15,19,2,0,3,79.17,0,0,0,0,0.8452,3,1,0,1,0,0.7917,LOW
TND-000909,BID-000362,24,15,3,1,0,20,12.5,2,0,0,0,0.1527,12,1,1,1,0,0.625,HIGH
TND-000909,BID-000687,24,15,11,1,0,12,45.83,0,0,0,0,0.7805,9,1,1,1,0,0.8,MEDIUM
TND-000910,BID-001351,26,16,24,0,1,1,92.31,0,0,0,0,0.885,2,1,0,0,0,0.9167,LOW
TND-000910,BID-001900,26,16,25,0,1,0,96.15,0,0,0,0,0.9412,1,1,0,0,0,0.8214,LOW
TND-000910,BID-000253,26,16,9,12,3,2,34.62,1,0,0,0,0.8966,10,1,1,1,1,0.875,MEDIUM
TND-000912,BID-000614,30,22,25,3,1,1,83.33,0,0,0,0,0.921,4,1,1,0,0,0.8333,LOW
TND-000912,BID-001247,30,22,7,0,0,23,23.33,0,0,0,0,0.258,16,1,0,0,0,0.875,HIGH
TND-000912,BID-001056,30,22,1,0,13,16,3.33,0,0,5,0,0.7494,21,1,1,1,0,0.6667,HIGH
TND-000912,BID-001856,30,22,9,0,1,20,30.0,0,0,0,0,0.8477,15,1,0,0,0,0.75,MEDIUM
TND-000912,BID-001158,30,22,29,0,0,1,96.67,0,0,0,0,0.7673,0,1,0,0,0,0.6429,LOW
TND-000913,BID-000146,27,20,26,0,1,0,96.3,0,0,0,0,0.8597,1,0,1,0,0,0.9583,LOW
TND-000913,BID-001747,27,20,4,0,1,22,14.81,0,0,0,0,0.2041,16,1,1,0,0,0.8125,HIGH
TND-000913,BID-001529,27,20,1,0,14,12,3.7,0,0,0,3,0.728,19,1,1,1,0,0.85,HIGH
TND-000914,BID-000956,26,16,21,2,1,2,80.77,0,0,0,0,0.8872,3,0,1,1,0,0.7917,LOW
TND-000914,BID-000346,26,16,24,2,0,0,92.31,0,0,0,0,0.8509,2,0,1,1,0,0.9167,LOW
TND-000914,BID-000316,26,16,12,12,2,0,46.15,0,0,0,0,0.7913,8,1,0,0,0,0.625,MEDIUM
TND-000915,BID-001014,24,15,3,1,6,14,12.5,0,0,0,0,0.3773,13,1,1,1,0,0.85,HIGH
TND-000915,BID-001415,24,15,12,4,1,7,50.0,0,0,0,0,0.8685,8,1,1,0,0,0.875,MEDIUM
TND-000915,BID-001519,24,15,14,0,3,7,58.33,0,0,5,0,0.8478,8,1,1,1,0,0.875,MEDIUM
TND-000918,BID-000576,28,17,22,1,4,1,78.57,0,0,0,0,0.8329,4,1,1,0,0,0.8333,LOW
TND-000918,BID-001255,28,17,23,3,2,0,82.14,0,0,0,0,0.8022,4,1,1,0,0,0.7917,LOW
TND-000918,BID-001825,28,17,6,0,11,11,21.43,0,0,0,4,0.9143,14,0,1,1,0,0.8333,HIGH
TND-000918,BID-000487,28,17,24,0,1,3,85.71,0,0,0,0,0.831,3,0,1,0,0,0.9,LOW
TND-000920,BID-001342,22,14,15,1,1,5,68.18,0,0,0,0,0.8332,6,1,1,1,0,0.8214,MEDIUM
TND-000920,BID-001025,22,14,14,0,3,5,63.64,1,0,0,0,0.7711,7,1,1,0,1,0.8333,MEDIUM
TND-000920,BID-001607,22,14,16,0,0,6,72.73,1,0,0,0,0.7882,4,1,1,0,1,0.75,MEDIUM
TND-000921,BID-001788,29,21,20,1,2,6,68.97,1,0,0,0,0.6555,7,1,1,1,1,0.8,MEDIUM
TND-000921,BID-001500,29,21,5,0,1,23,17.24,2,0,0,0,0.1978,17,0,1,1,1,0.9167,HIGH
TND-000921,BID-001876,29,21,6,1,3,19,20.69,0,0,0,0,0.4051,17,1,1,0,0,0.6667,HIGH
TND-000921,BID-001755,29,21,27,0,1,1,93.1,0,0,0,0,0.9181,2,0,1,1,0,0.7857,LOW
TND-000922,BID-000833,30,20,13,16,1,0,43.33,0,0,0,0,0.8501,14,1,1,1,0,0.7917,MEDIUM
TND-000922,BID-001622,30,20,18,11,1,0,60.0,0,0,0,0,0.8643,8,0,1,0,0,0.8333,MEDIUM
TND-000922,BID-000853,30,20,18,0,4,8,60.0,0,0,2,0,0.905,9,1,1,1,0,0.6667,MEDIUM
TND-000924,BID-001786,26,16,20,0,3,3,76.92,0,0,0,0,0.8721,3,1,1,0,0,0.75,LOW
TND-000924,BID-001929,26,16,9,1,4,12,34.62,0,0,0,0,0.9091,10,1,1,1,0,0.8333,MEDIUM
TND-000924,BID-001274,26,16,19,6,1,0,73.08,0,0,0,0,0.8882,2,0,1,0,0,0.9167,LOW
TND-000924,BID-000180,26,16,20,2,4,0,76.92,0,0,0,0,0.8398,3,1,0,1,0,0.9167,LOW
TND-000924,BID-001890,26,16,24,1,0,1,92.31,0,0,0,0,0.7815,2,0,1,0,0,0.85,LOW
TND-000925,BID-001262,29,17,24,0,2,3,82.76,0,0,0,0,0.8498,5,1,1,1,0,0.875,LOW
TND-000925,BID-001859,29,17,18,0,3,8,62.07,0,0,0,0,0.8809,7,1,1,0,0,0.7143,MEDIUM
TND-000925,BID-000149,29,17,0,1,12,16,0.0,1,0,5,0,0.8831,17,1,1,1,1,0.75,HIGH
TND-000925,BID-000969,29,17,22,1,1,5,75.86,1,0,0,0,0.7504,7,1,1,1,1,0.8333,MEDIUM
TND-000925,BID-000647,29,17,14,12,1,2,48.28,0,0,0,0,0.8155,7,0,1,0,1,0.9167,MEDIUM
TND-000926,BID-001901,29,17,25,0,0,4,86.21,1,0,0,0,0.7756,2,0,0,0,1,0.8,LOW
TND-000926,BID-000384,29,17,14,1,3,11,48.28,0,0,0,0,0.8206,8,1,0,1,0,0.8929,MEDIUM
TND-000926,BID-000464,29,17,9,0,1,19,31.03,5,0,0,0,0.6097,13,1,1,1,0,0.6,HIGH
TND-000926,BID-000762,29,17,23,0,5,1,79.31,0,0,0,0,0.8883,4,1,0,0,0,0.8929,LOW
TND-000926,BID-000101,29,17,1,1,2,25,3.45,0,3,0,0,0.2755,16,1,1,1,0,0.9,HIGH
TND-000927,BID-001548,28,17,10,14,2,2,35.71,0,0,0,0,0.735,10,1,1,1,0,0.9,MEDIUM
TND-000927,BID-000075,28,17,24,3,0,1,85.71,0,0,0,0,0.824,3,1,0,0,0,0.7083,LOW
TND-000927,BID-000618,28,17,23,2,3,0,82.14,0,0,0,0,0.7847,4,1,0,1,0,0.75,LOW
TND-000927,BID-000581,28,17,23,1,0,4,82.14,0,0,0,0,0.8364,4,1,0,1,0,0.9583,LOW
TND-000929,BID-000978,25,16,3,0,9,13,12.0,0,5,0,0,0.8934,14,1,1,1,1,0.8571,HIGH
TND-000929,BID-000028,25,16,22,1,2,0,88.0,0,0,0,0,0.8825,2,1,1,0,0,0.8214,LOW
TND-000929,BID-000941,25,16,19,5,1,0,76.0,0,0,0,0,0.7925,4,0,1,0,0,0.8929,LOW
TND-000929,BID-001511,25,16,21,0,3,1,84.0,0,0,0,0,0.8664,3,1,1,0,0,0.7143,LOW
TND-000930,BID-001055,29,18,26,0,2,1,89.66,1,0,0,0,0.8192,2,1,0,0,1,0.875,LOW
TND-000930,BID-000213,29,18,21,0,0,8,72.41,5,0,0,0,0.5601,4,1,0,0,0,0.95,MEDIUM
TND-000930,BID-000005,29,18,25,3,1,0,86.21,0,0,0,0,0.8305,2,0,1,0,0,0.8929,LOW
TND-000930,BID-001270,29,18,2,0,17,10,6.9,0,5,0,0,0.8146,16,1,0,1,1,0.8214,HIGH
TND-000931,BID-000748,24,13,23,1,0,0,95.83,0,0,0,0,0.8362,1,0,1,0,0,0.75,LOW
TND-000931,BID-000851,24,13,22,0,1,1,91.67,0,0,0,0,0.9615,2,0,1,1,0,0.9167,LOW
TND-000931,BID-001250,24,13,0,0,10,14,0.0,0,5,0,0,0.6896,13,1,1,1,0,0.7,HIGH
TND-000931,BID-001137,24,13,9,1,2,12,37.5,0,0,0,0,0.7113,7,1,1,0,0,0.75,MEDIUM
TND-000934,BID-000223,27,18,7,0,1,19,25.93,1,0,0,0,0.2934,13,1,1,1,0,0.8,HIGH
TND-000934,BID-000339,27,18,13,8,5,1,48.15,1,0,0,0,0.8543,12,1,1,0,1,0.9167,MEDIUM
TND-000934,BID-000892,27,18,5,0,4,18,18.52,0,0,0,0,0.3275,14,1,1,0,0,0.7917,HIGH
TND-000934,BID-000424,27,18,23,0,2,2,85.19,1,0,0,0,0.8331,4,1,1,0,1,0.7917,LOW
TND-000935,BID-000941,23,15,16,6,0,1,69.57,1,0,0,0,0.8203,5,0,1,0,1,0.7083,MEDIUM
TND-000935,BID-001540,23,15,14,0,3,6,60.87,0,4,0,0,0.8045,6,1,1,0,1,0.75,MEDIUM
TND-000935,BID-001462,23,15,15,4,2,2,65.22,0,0,0,0,0.907,6,1,1,1,1,0.75,MEDIUM
TND-000935,BID-000482,23,15,17,0,3,3,73.91,0,0,0,0,0.7696,6,1,1,1,0,0.8571,MEDIUM
TND-000937,BID-001689,30,19,1,0,2,27,3.33,0,0,0,5,0.2393,18,1,1,1,1,0.875,HIGH
TND-000937,BID-001292,30,19,30,0,0,0,100.0,0,0,0,0,0.84,0,0,0,0,0,0.7143,LOW
TND-000937,BID-001921,30,19,16,13,0,1,53.33,1,0,0,0,0.7825,9,0,0,0,1,0.7917,MEDIUM
TND-000939,BID-001590,25,14,16,9,0,0,64.0,0,0,0,0,0.7908,4,0,0,0,0,0.875,LOW
TND-000939,BID-001007,25,14,19,1,3,2,76.0,0,0,0,2,0.8144,3,1,1,0,0,0.875,MEDIUM
TND-000939,BID-000523,25,14,18,6,0,1,72.0,0,0,0,0,0.7945,4,0,0,0,0,0.875,LOW
TND-000939,BID-000037,25,14,22,1,0,2,88.0,0,0,0,0,0.88,2,1,1,0,0,0.7083,LOW
TND-000939,BID-000742,25,14,25,0,0,0,100.0,0,0,0,0,0.8353,0,0,0,0,0,0.625,LOW
TND-000942,BID-000976,24,16,10,10,0,4,41.67,1,0,0,0,0.7515,9,0,1,1,1,1.0,MEDIUM
TND-000942,BID-000974,24,16,2,0,12,10,8.33,0,0,0,4,0.8016,14,1,1,1,0,0.875,HIGH
TND-000942,BID-000126,24,16,21,2,0,1,87.5,0,0,0,0,0.8994,3,0,1,1,1,0.9643,LOW
TND-000943,BID-001738,30,20,12,2,6,10,40.0,0,0,0,0,0.8187,13,1,1,1,0,0.8333,MEDIUM
TND-000943,BID-000977,30,20,27,2,1,0,90.0,0,0,0,0,0.7982,3,1,1,0,0,0.6667,LOW
TND-000943,BID-000135,30,20,19,0,1,10,63.33,1,0,0,0,0.6287,9,1,1,1,0,0.875,MEDIUM
TND-000943,BID-000538,30,20,20,5,1,4,66.67,0,0,0,0,0.7719,8,1,1,0,0,0.95,MEDIUM
TND-000943,BID-001564,30,20,12,7,6,5,40.0,0,0,0,0,0.8954,10,1,1,0,0,0.8333,MEDIUM
TND-000944,BID-001567,25,15,19,0,4,2,76.0,0,0,0,0,0.8657,4,1,1,0,0,0.9,LOW
TND-000944,BID-001299,25,15,21,2,0,2,84.0,0,0,0,0,0.875,2,1,0,0,0,0.75,LOW
TND-000944,BID-001238,25,15,2,0,2,21,8.0,0,0,0,0,0.2406,13,1,1,0,0,0.75,HIGH
TND-000944,BID-001503,25,15,20,0,3,2,80.0,0,0,0,3,0.8857,4,1,1,1,0,0.6667,MEDIUM
TND-000945,BID-000131,27,17,17,3,3,4,62.96,0,0,0,0,0.8251,5,1,1,0,0,0.7083,LOW
TND-000945,BID-000285,27,17,25,1,0,1,92.59,0,0,0,0,0.7486,1,0,1,0,0,0.875,LOW
TND-000945,BID-001058,27,17,25,0,1,1,92.59,0,0,0,0,0.8144,2,1,1,0,0,0.8333,LOW
TND-000945,BID-001905,27,17,15,11,0,1,55.56,0,0,0,0,0.8202,6,1,0,0,0,0.75,LOW
TND-000945,BID-000483,27,17,21,0,0,6,77.78,4,0,0,0,0.6946,4,1,1,0,0,0.8333,MEDIUM
TND-000947,BID-001367,25,18,21,0,4,0,84.0,0,0,0,0,0.7914,2,1,1,0,0,0.8571,LOW
TND-000947,BID-001947,25,18,7,0,0,18,28.0,1,0,0,0,0.3523,14,1,1,0,1,0.65,HIGH
TND-000947,BID-000714,25,18,11,8,0,6,44.0,0,0,0,0,0.8564,10,1,1,0,0,0.9643,MEDIUM
TND-000947,BID-000212,25,18,10,1,1,13,40.0,5,0,0,0,0.6924,11,1,1,1,0,0.75,HIGH
TND-000948,BID-001615,24,18,5,0,8,11,20.83,0,0,0,4,0.9228,13,0,1,1,0,0.7143,HIGH
TND-000948,BID-000086,24,18,19,5,0,0,79.17,0,0,0,0,0.9215,5,1,1,1,0,0.8571,LOW
TND-000948,BID-000377,24,18,21,0,1,2,87.5,0,0,0,0,0.8171,3,1,1,0,0,0.6071,LOW
TND-000948,BID-001005,24,18,17,2,4,1,70.83,1,0,0,0,0.7804,7,1,1,0,1,0.7917,MEDIUM
TND-000948,BID-000425,24,18,15,6,1,2,62.5,0,0,0,0,0.8103,7,1,1,0,1,0.625,MEDIUM
TND-000950,BID-000893,27,17,13,3,1,10,48.15,0,0,0,0,0.8625,8,1,0,1,0,0.8333,MEDIUM
TND-000950,BID-001133,27,17,0,0,9,18,0.0,0,0,0,5,0.8501,17,1,1,1,0,0.7,HIGH
TND-000950,BID-000357,27,17,0,0,22,5,0.0,0,0,0,6,0.9131,17,1,1,1,0,0.9583,HIGH
TND-000953,BID-001201,24,18,22,0,0,2,91.67,0,0,0,0,0.8981,2,0,1,1,0,0.9167,LOW
TND-000953,BID-001699,24,18,12,7,1,4,50.0,0,0,0,0,0.8184,9,1,1,0,0,0.625,MEDIUM
TND-000953,BID-001711,24,18,11,0,1,12,45.83,0,0,0,0,0.7628,8,0,1,1,0,0.75,MEDIUM
TND-000953,BID-000210,24,18,17,0,1,6,70.83,0,0,0,0,0.8157,6,1,1,1,0,0.8333,MEDIUM
TND-000954,BID-001851,30,19,9,13,3,5,30.0,1,0,0,0,0.7335,13,1,1,1,1,1.0,MEDIUM
TND-000954,BID-000157,30,19,26,3,1,0,86.67,0,0,0,0,0.8849,2,0,1,0,1,0.75,LOW
TND-000954,BID-000762,30,19,23,4,3,0,76.67,0,0,0,0,0.7848,5,1,1,1,0,0.7857,LOW
TND-000954,BID-001565,30,19,3,1,11,15,10.0,0,3,0,0,0.8186,16,0,1,1,1,0.9583,HIGH
TND-000954,BID-000491,30,19,5,0,1,24,16.67,1,0,0,0,0.2758,14,1,1,0,1,0.85,HIGH
TND-000956,BID-000024,22,12,12,0,0,10,54.55,0,0,0,0,0.8666,4,1,0,0,0,0.95,MEDIUM
TND-000956,BID-001535,22,12,12,6,2,2,54.55,0,0,0,0,0.8096,6,1,0,1,0,0.85,MEDIUM
TND-000956,BID-001808,22,12,19,1,1,1,86.36,0,0,0,0,0.9413,3,1,0,1,0,0.7083,LOW
TND-000956,BID-000300,22,12,20,1,0,1,90.91,0,0,0,0,0.7668,2,1,0,1,0,0.8333,LOW
TND-000957,BID-001145,28,16,23,1,2,2,82.14,0,0,0,0,0.7778,5,1,1,1,0,0.65,LOW
TND-000957,BID-001294,28,16,25,1,1,1,89.29,0,0,0,0,0.8017,3,1,1,0,0,0.7083,LOW
TND-000957,BID-000851,28,16,22,0,1,5,78.57,0,0,4,0,0.8981,6,1,1,1,0,0.7917,MEDIUM
TND-000958,BID-000354,23,16,21,0,2,0,91.3,0,0,0,0,0.9261,2,1,1,0,0,0.7917,LOW
TND-000958,BID-001916,23,16,18,0,0,5,78.26,1,0,0,0,0.818,5,1,1,0,0,0.8125,LOW
TND-000958,BID-000781,23,16,20,0,3,0,86.96,0,0,0,0,0.871,3,1,1,0,0,0.9583,LOW
TND-000958,BID-000467,23,16,19,0,3,1,82.61,0,0,0,0,0.9095,3,1,1,0,0,0.875,LOW
TND-000959,BID-000592,22,14,19,1,1,1,86.36,0,0,0,0,0.8427,2,1,0,0,0,0.7083,LOW
TND-000959,BID-000910,22,14,9,0,4,9,40.91,0,0,4,0,0.8681,8,1,1,1,0,0.7917,HIGH
TND-000959,BID-000865,22,14,16,0,0,6,72.73,0,0,3,0,0.8496,5,1,1,1,0,0.75,MEDIUM
TND-000959,BID-001996,22,14,6,0,1,15,27.27,0,0,0,0,0.3021,9,0,1,0,0,0.85,HIGH
TND-000961,BID-001316,22,14,10,0,2,10,45.45,0,0,0,0,0.842,7,1,1,1,0,0.7917,MEDIUM
TND-000961,BID-001005,22,14,1,0,12,9,4.55,0,0,6,0,0.8659,13,1,1,1,1,0.6786,HIGH
TND-000961,BID-000988,22,14,14,6,2,0,63.64,0,0,0,0,0.882,5,1,1,0,0,0.9286,LOW
TND-000962,BID-001765,26,18,19,1,2,4,73.08,1,0,0,0,0.7938,5,1,0,1,1,0.9167,MEDIUM
TND-000962,BID-000926,26,18,23,2,0,1,88.46,0,0,0,0,0.8202,2,1,0,0,0,0.9583,LOW
TND-000962,BID-000704,26,18,4,3,5,14,15.38,1,4,0,0,0.8172,16,1,1,1,1,0.75,HIGH
TND-000962,BID-001849,26,18,11,0,5,10,42.31,1,0,0,0,0.8193,9,1,1,0,1,0.7083,MEDIUM
TND-000962,BID-001392,26,18,5,0,6,15,19.23,0,0,0,4,0.8322,14,1,1,1,0,0.8929,HIGH
TND-000963,BID-000296,29,16,13,12,1,3,44.83,0,0,0,0,0.8664,10,0,1,1,0,0.875,MEDIUM
TND-000963,BID-000508,29,16,21,0,1,7,72.41,2,0,0,0,0.726,5,1,1,0,0,0.6875,MEDIUM
TND-000963,BID-000449,29,16,19,0,0,10,65.52,0,0,0,0,0.8048,6,0,1,1,0,0.9583,MEDIUM
TND-000966,BID-001129,22,14,11,6,1,4,50.0,1,0,0,0,0.7277,8,0,1,1,1,0.8,MEDIUM
TND-000966,BID-000813,22,14,11,8,2,1,50.0,1,0,0,0,0.8031,7,1,1,0,1,0.75,MEDIUM
TND-000966,BID-000425,22,14,7,1,2,12,31.82,0,0,0,0,0.7748,10,1,1,0,0,0.9167,HIGH
TND-000966,BID-000615,22,14,19,0,2,1,86.36,0,0,0,0,0.9228,3,1,1,0,0,0.7857,LOW
TND-000968,BID-001254,23,17,20,0,2,1,86.96,1,0,0,0,0.89,2,1,1,0,1,0.8333,LOW
TND-000968,BID-000928,23,17,11,1,2,9,47.83,1,0,0,0,0.8476,8,1,1,0,1,0.9583,MEDIUM
TND-000968,BID-001280,23,17,15,6,1,1,65.22,1,0,0,0,0.8853,7,0,1,0,1,0.875,MEDIUM
TND-000968,BID-001155,23,17,19,0,3,1,82.61,0,0,0,0,0.8486,2,1,1,0,0,0.75,LOW
TND-000968,BID-001907,23,17,21,0,1,1,91.3,0,0,0,0,0.8393,2,0,1,0,1,0.8214,LOW
TND-000970,BID-001496,26,16,17,0,2,7,65.38,0,0,0,0,0.6808,5,1,1,0,0,0.65,MEDIUM
TND-000970,BID-000359,26,16,24,0,1,1,92.31,0,0,0,0,0.7613,2,1,1,0,0,0.9583,LOW
TND-000970,BID-001203,26,16,7,1,0,18,26.92,0,0,0,0,0.3059,11,1,1,0,0,0.45,HIGH
TND-000970,BID-001193,26,16,0,0,11,15,0.0,0,0,6,0,0.9166,16,1,1,1,0,0.75,HIGH
TND-000972,BID-000123,25,18,12,1,0,12,48.0,6,0,0,0,0.6007,11,1,1,1,1,0.8333,HIGH
TND-000972,BID-000655,25,18,18,1,4,2,72.0,1,0,0,0,0.7317,6,1,1,1,1,0.95,MEDIUM
TND-000972,BID-000864,25,18,19,1,4,1,76.0,0,0,0,0,0.755,5,1,1,1,0,0.7083,LOW
TND-000972,BID-001900,25,18,2,0,14,9,8.0,0,0,5,0,0.8698,16,1,1,1,0,0.7143,HIGH
TND-000972,BID-001352,25,18,12,10,1,2,48.0,1,0,0,0,0.7648,8,0,1,0,1,1.0,MEDIUM
TND-000973,BID-000239,30,20,0,0,11,19,0.0,0,0,0,6,0.8578,20,1,1,1,0,0.9583,HIGH
TND-000973,BID-001686,30,20,25,2,1,2,83.33,0,0,0,0,0.9497,4,1,0,1,0,0.8333,LOW
TND-000973,BID-000010,30,20,9,2,0,19,30.0,0,0,0,0,0.3305,13,0,0,1,0,0.9,HIGH
TND-000975,BID-001486,24,15,7,0,1,16,29.17,0,0,0,0,0.3484,11,0,1,1,0,0.875,HIGH
TND-000975,BID-000263,24,15,0,0,15,9,0.0,0,5,0,0,0.8179,15,1,1,1,1,0.9167,HIGH
TND-000975,BID-000161,24,15,18,0,3,3,75.0,1,0,0,0,0.8177,4,1,1,1,1,0.9583,MEDIUM
TND-000976,BID-001574,30,18,0,0,15,15,0.0,0,0,0,6,0.8755,18,1,1,1,0,0.9167,HIGH
TND-000976,BID-001250,30,18,19,0,0,11,63.33,7,0,0,0,0.5934,7,1,1,1,0,0.625,MEDIUM
TND-000976,BID-001416,30,18,8,12,1,9,26.67,0,0,0,0,0.7905,13,1,0,1,0,0.75,MEDIUM
TND-000976,BID-000878,30,18,2,0,4,24,6.67,2,0,0,0,0.1945,17,1,1,1,0,1.0,HIGH
TND-000976,BID-001261,30,18,22,2,3,3,73.33,0,0,0,0,0.7883,5,1,1,0,0,0.7083,LOW
TND-000977,BID-001095,30,17,17,2,3,8,56.67,0,0,0,0,0.8605,8,1,1,1,0,0.9167,MEDIUM
TND-000977,BID-000279,30,17,19,2,0,9,63.33,0,0,0,0,0.9161,8,0,1,1,0,0.8333,MEDIUM
TND-000977,BID-000350,30,17,9,14,3,4,30.0,0,0,0,0,0.7851,11,1,1,0,0,0.75,MEDIUM
TND-000977,BID-000386,30,17,23,0,4,3,76.67,0,0,0,0,0.7768,4,1,1,0,0,0.8,LOW
TND-000979,BID-001749,30,17,13,0,2,15,43.33,0,0,3,0,0.8635,11,0,1,1,0,0.9167,HIGH
TND-000979,BID-001608,30,17,1,0,19,10,3.33,0,3,0,0,0.7973,16,1,1,1,0,0.9167,HIGH
TND-000979,BID-000137,30,17,21,0,3,6,70.0,0,0,0,0,0.8893,5,1,0,1,0,0.7,LOW
TND-000979,BID-001964,30,17,15,0,2,13,50.0,0,0,0,0,0.8825,8,1,1,0,0,0.9167,MEDIUM
TND-000980,BID-001494,29,19,14,0,0,15,48.28,0,0,0,0,0.6472,10,0,1,0,0,0.75,MEDIUM
TND-000980,BID-001457,29,19,6,0,1,22,20.69,0,0,0,0,0.2936,15,1,1,0,0,0.9,HIGH
TND-000980,BID-000449,29,19,2,0,2,25,6.9,0,1,0,0,0.2764,18,1,1,1,0,0.9,HIGH
TND-000981,BID-000930,27,18,17,0,2,8,62.96,0,0,0,0,0.8883,5,1,0,0,0,0.7083,LOW
TND-000981,BID-001251,27,18,22,2,0,3,81.48,0,0,0,0,0.919,4,1,1,1,0,0.9,LOW
TND-000981,BID-001708,27,18,19,0,0,8,70.37,0,0,0,0,0.7324,5,0,1,0,0,0.9,LOW
TND-000982,BID-000678,25,16,16,5,0,4,64.0,0,0,0,0,0.8869,5,0,0,0,0,0.7917,LOW
TND-000982,BID-001708,25,16,5,0,0,20,20.0,0,0,0,0,0.1837,11,0,0,0,0,0.875,HIGH
TND-000982,BID-000440,25,16,22,0,1,2,88.0,0,0,0,0,0.8488,3,1,1,1,0,0.75,LOW
TND-000983,BID-001530,27,20,17,5,0,5,62.96,0,0,0,0,0.8127,8,1,0,0,0,0.9583,MEDIUM
TND-000983,BID-001376,27,20,20,0,1,6,74.07,0,0,0,1,0.8635,5,1,1,0,0,0.9167,MEDIUM
TND-000983,BID-000008,27,20,6,8,1,12,22.22,0,0,0,0,0.7931,16,1,1,1,0,0.9167,HIGH
TND-000983,BID-001606,27,20,23,1,0,3,85.19,0,0,0,0,0.7837,3,1,0,1,0,0.875,LOW
TND-000985,BID-001532,30,20,1,0,7,22,3.33,0,5,0,0,0.9077,19,1,1,1,1,0.75,HIGH
TND-000985,BID-001956,30,20,0,0,11,19,0.0,1,4,0,0,0.7617,20,1,1,1,1,0.85,HIGH
TND-000985,BID-000975,30,20,23,0,5,2,76.67,0,0,4,0,0.9292,5,1,1,1,1,0.8571,MEDIUM
TND-000985,BID-001093,30,20,20,9,1,0,66.67,0,0,0,0,0.8116,8,0,1,0,0,0.8929,LOW
TND-000985,BID-000738,30,20,13,1,3,13,43.33,1,0,0,0,0.7277,12,1,1,1,1,0.8,MEDIUM
TND-000987,BID-001117,26,17,23,0,1,2,88.46,0,0,0,0,0.7789,2,1,0,1,0,0.7917,LOW
TND-000987,BID-000002,26,17,15,0,0,11,57.69,0,0,0,0,0.8547,9,0,0,1,0,0.9583,MEDIUM
TND-000987,BID-001396,26,17,6,0,0,20,23.08,0,0,0,0,0.2452,13,0,0,0,0,0.9,HIGH
TND-000988,BID-001208,25,15,1,3,3,18,4.0,0,0,0,0,0.2444,14,1,1,1,0,1.0,HIGH
TND-000988,BID-001114,25,15,5,0,2,18,20.0,0,0,0,3,0.3132,12,1,1,1,0,0.75,HIGH
TND-000988,BID-000435,25,15,22,0,2,1,88.0,0,0,0,0,0.8318,2,1,1,1,0,0.6667,LOW
TND-000988,BID-001666,25,15,7,3,2,13,28.0,0,0,0,0,0.8502,12,1,1,0,0,0.8333,HIGH
TND-000989,BID-001559,26,18,14,7,1,4,53.85,0,0,0,0,0.802,10,1,1,1,0,0.9167,MEDIUM
TND-000989,BID-001661,26,18,0,0,12,14,0.0,0,5,0,0,0.7901,18,1,1,1,0,0.9583,HIGH
TND-000989,BID-000965,26,18,23,0,2,1,88.46,0,0,0,0,0.878,2,1,1,0,0,0.9583,LOW
TND-000989,BID-001700,26,18,12,0,1,13,46.15,0,0,0,0,0.8667,8,0,1,0,0,0.9167,MEDIUM
TND-000989,BID-000438,26,18,13,6,1,6,50.0,0,0,0,0,0.7163,10,1,1,0,0,0.7,MEDIUM
TND-000991,BID-001336,23,15,8,0,0,15,34.78,0,0,0,0,0.3275,8,0,0,0,0,0.8,MEDIUM
TND-000991,BID-001923,23,15,18,2,0,3,78.26,0,0,0,0,0.9157,5,1,1,1,0,0.8333,LOW
TND-000991,BID-001068,23,15,11,9,0,3,47.83,0,0,0,0,0.8925,6,0,0,0,0,0.875,MEDIUM
TND-000993,BID-000212,30,17,14,12,2,2,46.67,0,0,0,0,0.7977,12,1,0,1,1,0.9286,MEDIUM
TND-000993,BID-000548,30,17,1,0,13,16,3.33,1,0,4,0,0.734,16,1,1,1,1,0.65,HIGH
TND-000993,BID-001814,30,17,7,1,1,21,23.33,0,0,0,0,0.315,12,1,1,0,0,0.75,HIGH
TND-000993,BID-000706,30,17,4,1,4,21,13.33,1,0,0,0,0.3015,15,1,1,0,1,0.65,HIGH
TND-000994,BID-001890,25,14,19,1,2,3,76.0,0,0,0,0,0.7408,4,1,1,0,0,0.6,LOW
TND-000994,BID-000216,25,14,3,0,10,12,12.0,0,4,0,0,0.7989,12,1,1,1,0,0.7917,HIGH
TND-000994,BID-001327,25,14,18,0,3,4,72.0,0,0,0,0,0.837,5,1,1,1,0,0.65,MEDIUM
TND-000994,BID-000563,25,14,2,0,0,23,8.0,5,0,0,0,0.0999,12,1,1,0,0,0.875,HIGH
TND-000994,BID-000357,25,14,21,0,3,1,84.0,0,0,0,0,0.9012,3,1,1,1,0,0.875,LOW
TND-000995,BID-000331,25,18,19,1,5,0,76.0,0,0,0,0,0.8024,5,1,1,1,0,0.875,LOW
TND-000995,BID-001162,25,18,16,2,3,4,64.0,0,0,0,0,0.7078,6,1,1,1,0,0.85,MEDIUM
TND-000995,BID-000096,25,18,0,0,13,12,0.0,0,5,0,0,0.7456,18,1,1,1,0,0.7,HIGH
TND-000995,BID-001447,25,18,15,0,5,5,60.0,0,0,0,0,0.8227,7,1,1,0,0,0.9167,MEDIUM
TND-000995,BID-000541,25,18,10,12,1,2,40.0,0,0,0,0,0.908,9,1,0,0,0,0.875,MEDIUM
TND-000996,BID-001957,29,17,26,2,1,0,89.66,0,0,0,0,0.8537,2,1,1,0,0,0.9583,LOW
TND-000996,BID-000289,29,17,13,10,5,1,44.83,0,0,0,0,0.8454,11,1,1,1,0,0.9167,MEDIUM
TND-000996,BID-001564,29,17,2,1,4,22,6.9,0,0,0,0,0.3204,16,1,1,1,0,0.85,HIGH
TND-000996,BID-001660,29,17,4,2,8,15,13.79,0,0,0,2,0.7765,14,1,1,1,0,0.6667,HIGH
TND-001000,BID-001456,25,16,0,0,14,11,0.0,0,0,0,6,0.8318,16,1,1,1,0,0.9583,HIGH
TND-001000,BID-000158,25,16,4,1,12,8,16.0,0,3,0,0,0.9352,14,1,1,1,0,0.8333,HIGH
TND-001000,BID-001793,25,16,21,1,3,0,84.0,0,0,0,0,0.8237,3,1,1,1,0,0.625,LOW
TND-001000,BID-001843,25,16,19,0,3,3,76.0,0,0,0,0,0.8077,3,1,1,0,0,0.8,LOW
TND-001000,BID-001407,25,16,17,2,3,3,68.0,0,0,0,0,0.6957,5,1,1,1,0,0.8,MEDIUM
TND-001001,BID-000797,26,17,23,0,1,2,88.46,0,0,0,0,0.851,3,0,1,0,0,0.85,LOW
TND-001001,BID-001950,26,17,14,8,2,2,53.85,0,0,0,0,0.7469,9,1,1,0,0,0.8,MEDIUM
TND-001001,BID-000099,26,17,0,0,16,10,0.0,0,0,0,6,0.8205,17,1,1,1,0,0.9583,HIGH
TND-001001,BID-000766,26,17,12,2,2,10,46.15,0,0,0,0,0.7834,8,1,1,1,0,0.8,MEDIUM
TND-001003,BID-001450,25,16,22,0,0,3,88.0,0,0,0,0,0.863,3,0,0,1,0,0.875,LOW
TND-001003,BID-001592,25,16,22,0,2,1,88.0,1,0,0,0,0.7764,2,1,1,0,1,0.875,LOW
TND-001003,BID-001490,25,16,21,1,0,3,84.0,1,0,0,0,0.8616,4,0,1,0,1,0.75,LOW
TND-001004,BID-000736,27,17,23,1,1,2,85.19,1,0,0,0,0.7629,4,1,1,1,1,0.7083,LOW
TND-001004,BID-000741,27,17,19,3,4,1,70.37,0,0,0,0,0.8957,5,1,1,1,0,0.6429,LOW
TND-001004,BID-000728,27,17,19,0,2,6,70.37,0,0,5,0,0.9057,7,1,1,1,0,0.8571,MEDIUM
TND-001004,BID-000228,27,17,19,0,2,6,70.37,0,0,0,0,0.9102,4,1,1,1,1,0.7857,LOW
TND-001006,BID-000409,30,19,1,0,12,17,3.33,0,0,3,0,0.8448,18,1,1,1,0,0.95,HIGH
TND-001006,BID-001205,30,19,4,0,0,26,13.33,3,0,0,0,0.1397,15,1,1,0,0,0.5833,HIGH
TND-001006,BID-000998,30,19,15,12,1,2,50.0,0,0,0,0,0.957,7,1,1,0,0,0.875,MEDIUM
TND-001006,BID-001725,30,19,10,17,1,2,33.33,0,0,0,0,0.8081,11,1,1,0,0,0.85,MEDIUM
TND-001007,BID-001278,26,17,21,0,1,4,80.77,0,0,0,0,0.7943,3,0,1,1,0,0.75,LOW
TND-001007,BID-000818,26,17,11,14,0,1,42.31,0,0,0,0,0.8012,12,1,1,1,0,0.7083,MEDIUM
TND-001007,BID-001295,26,17,16,0,2,8,61.54,0,0,0,0,0.7926,7,1,1,1,0,0.8,MEDIUM
TND-001009,BID-000377,27,20,16,10,1,0,59.26,0,0,0,0,0.9145,10,0,1,1,0,0.8571,MEDIUM
TND-001009,BID-000988,27,20,24,0,1,2,88.89,0,0,0,0,0.7846,3,0,1,1,1,0.7857,LOW
TND-001009,BID-001173,27,20,1,1,15,10,3.7,0,5,0,0,0.8671,19,1,1,1,1,0.9286,HIGH
TND-001009,BID-001347,27,20,24,0,1,2,88.89,1,0,0,0,0.8482,3,0,1,1,1,0.8333,LOW
TND-001009,BID-000349,27,20,16,0,1,10,59.26,0,0,0,0,0.8335,7,0,1,0,0,0.8929,MEDIUM
TND-001010,BID-000771,30,21,18,0,0,12,60.0,0,0,0,0,0.9191,7,0,0,0,0,0.8929,MEDIUM
TND-001010,BID-001868,30,21,1,0,11,18,3.33,1,0,0,4,0.7279,20,1,1,1,1,0.65,HIGH
TND-001010,BID-000577,30,21,1,1,10,18,3.33,0,0,0,4,0.9215,20,1,1,1,1,0.8571,HIGH
TND-001010,BID-000648,30,21,27,3,0,0,90.0,0,0,0,0,0.9234,3,1,0,0,0,0.7143,LOW
TND-001010,BID-000130,30,21,5,3,7,15,16.67,0,3,0,0,0.8797,17,1,1,1,1,0.8214,HIGH
TND-001011,BID-000222,27,18,17,8,2,0,62.96,0,0,0,0,0.8464,6,1,1,0,0,0.875,LOW
TND-001011,BID-000044,27,18,26,0,1,0,96.3,0,0,0,0,0.8393,1,0,1,0,0,0.8333,LOW
TND-001011,BID-000470,27,18,17,9,0,1,62.96,1,0,0,0,0.8831,6,0,1,0,0,0.9,LOW
TND-001011,BID-000963,27,18,2,0,1,24,7.41,5,0,0,0,0.1178,16,1,1,0,0,1.0,HIGH
TND-001011,BID-001246,27,18,5,1,2,19,18.52,0,0,0,0,0.2962,14,1,1,1,0,0.6875,HIGH
TND-001012,BID-001055,25,14,10,11,0,4,40.0,0,0,0,0,0.8721,6,1,0,0,0,0.8571,MEDIUM
TND-001012,BID-001269,25,14,22,1,2,0,88.0,0,0,0,0,0.8782,2,1,1,0,0,0.8214,LOW
TND-001012,BID-000407,25,14,16,1,1,7,64.0,0,0,0,4,0.7749,6,1,1,1,1,0.9286,MEDIUM
TND-001013,BID-001883,26,16,5,10,1,10,19.23,0,0,0,0,0.8164,13,1,1,1,0,0.8333,HIGH
TND-001013,BID-001645,26,16,2,1,3,20,7.69,1,0,0,0,0.2323,14,1,1,0,1,0.6875,HIGH
TND-001013,BID-000463,26,16,25,0,1,0,96.15,0,0,0,0,0.8472,1,0,1,0,0,0.8929,LOW
TND-001015,BID-001683,30,19,25,0,3,2,83.33,0,0,0,0,0.7365,3,1,1,0,0,0.7917,LOW
TND-001015,BID-000756,30,19,27,0,1,2,90.0,0,0,0,0,0.8057,2,0,1,0,0,0.7917,LOW
TND-001015,BID-001910,30,19,26,1,3,0,86.67,0,0,0,0,0.861,3,1,1,1,0,0.8929,LOW
TND-001016,BID-000105,25,15,6,1,1,17,24.0,0,0,0,0,0.2982,10,0,1,1,0,0.875,HIGH
TND-001016,BID-001392,25,15,22,0,2,1,88.0,0,0,0,0,0.8111,2,1,1,0,0,0.6786,LOW
TND-001016,BID-001879,25,15,11,13,0,1,44.0,0,0,0,0,0.9107,10,1,1,1,0,0.8929,MEDIUM
TND-001017,BID-000421,30,20,17,9,3,1,56.67,1,0,0,0,0.8447,11,1,1,1,1,0.9167,MEDIUM
TND-001017,BID-001188,30,20,26,2,1,1,86.67,0,0,0,0,0.8085,4,0,1,1,1,0.9643,LOW
TND-001017,BID-001792,30,20,27,0,1,2,90.0,0,0,3,0,0.8301,3,0,1,0,1,0.8571,LOW
TND-001017,BID-001099,30,20,17,3,2,8,56.67,0,0,0,0,0.834,10,1,1,1,0,0.75,MEDIUM
TND-001020,BID-001880,29,21,23,3,1,2,79.31,1,0,0,0,0.8638,6,1,1,1,1,0.875,LOW
TND-001020,BID-000883,29,21,24,3,0,2,82.76,0,0,0,0,0.7546,5,1,0,0,0,0.7917,LOW
TND-001020,BID-001466,29,21,27,0,1,1,93.1,1,0,0,0,0.7725,2,0,1,0,1,0.75,LOW
TND-001021,BID-001452,23,17,1,0,6,16,4.35,0,0,3,0,0.9286,17,1,1,1,0,0.875,HIGH
TND-001021,BID-000675,23,17,16,4,0,3,69.57,0,0,0,0,0.8068,5,0,1,0,0,0.85,LOW
TND-001021,BID-000526,23,17,1,0,11,11,4.35,0,4,0,0,0.8162,16,1,1,1,0,0.55,HIGH
TND-001021,BID-000154,23,17,12,2,3,6,52.17,0,0,0,0,0.8343,8,1,1,1,0,0.7083,MEDIUM
TND-001021,BID-001752,23,17,10,9,1,3,43.48,0,0,0,0,0.7397,10,0,1,1,0,0.9,MEDIUM
TND-001025,BID-000729,29,17,9,0,1,19,31.03,1,0,0,0,0.3029,11,0,1,1,0,0.8,HIGH
TND-001025,BID-000051,29,17,6,0,9,14,20.69,0,4,0,0,0.811,13,1,1,1,1,0.7857,HIGH
TND-001025,BID-001292,29,17,10,0,1,18,34.48,0,0,0,0,0.8759,10,1,1,0,0,0.6429,MEDIUM
TND-001026,BID-001985,29,16,4,1,0,24,13.79,0,0,0,0,0.272,12,1,1,0,1,0.7917,HIGH
TND-001026,BID-001684,29,16,4,1,3,21,13.79,0,0,0,0,0.2947,13,1,1,1,0,0.8333,HIGH
TND-001026,BID-000494,29,16,22,0,2,5,75.86,0,0,0,0,0.7895,5,1,0,1,0,0.7083,LOW
TND-001027,BID-001680,28,21,16,10,1,1,57.14,0,0,0,0,0.8196,10,1,1,0,0,0.8333,MEDIUM
TND-001027,BID-000979,28,21,10,14,0,4,35.71,1,0,0,0,0.8256,12,1,1,1,1,0.875,MEDIUM
TND-001027,BID-000505,28,21,10,14,1,3,35.71,0,0,0,0,0.7977,14,1,1,0,1,0.8333,MEDIUM
TND-001027,BID-000931,28,21,22,1,5,0,78.57,0,0,0,0,0.8455,4,1,1,1,0,0.8214,LOW
TND-001027,BID-001101,28,21,26,0,2,0,92.86,0,0,0,0,0.8282,2,1,1,0,0,0.8571,LOW
TND-001028,BID-001715,25,18,21,0,1,3,84.0,0,0,0,0,0.7615,3,1,1,0,0,0.9167,LOW
TND-001028,BID-000967,25,18,0,0,4,21,0.0,0,0,4,0,0.36,18,1,1,1,0,0.8125,HIGH
TND-001028,BID-000596,25,18,2,1,10,12,8.0,0,0,0,4,0.8709,16,1,1,1,0,0.8333,HIGH
TND-001028,BID-000753,25,18,8,0,1,16,32.0,0,0,0,0,0.3164,13,0,1,0,0,1.0,HIGH
TND-001029,BID-001830,25,14,11,9,1,4,44.0,0,0,0,0,0.8977,7,1,1,1,0,0.8571,MEDIUM
TND-001029,BID-000344,25,14,4,0,1,20,16.0,6,0,0,0,0.1954,11,1,1,1,1,0.9167,HIGH
TND-001029,BID-000504,25,14,16,1,3,5,64.0,0,0,0,0,0.8593,4,1,1,1,0,0.75,MEDIUM
TND-001029,BID-000850,25,14,22,0,3,0,88.0,0,0,0,0,0.8141,2,1,1,0,0,0.8214,LOW
TND-001029,BID-000708,25,14,4,0,4,17,16.0,0,0,0,0,0.3003,10,1,1,0,0,0.95,HIGH
TND-001030,BID-001963,23,15,2,0,3,18,8.7,0,0,0,0,0.2405,13,1,1,0,0,0.9375,HIGH
TND-001030,BID-000038,23,15,9,11,1,2,39.13,0,0,0,0,0.91,10,0,1,1,0,0.6667,MEDIUM
TND-001030,BID-001343,23,15,6,0,2,15,26.09,0,0,0,0,0.3273,11,1,1,0,0,0.95,HIGH
TND-001034,BID-001998,27,17,12,13,1,1,44.44,1,0,0,0,0.8676,8,1,1,1,1,0.8333,MEDIUM
TND-001034,BID-000023,27,17,23,0,4,0,85.19,0,0,0,4,0.8826,4,0,1,1,1,0.9286,MEDIUM
TND-001034,BID-000881,27,17,23,0,1,3,85.19,0,0,0,0,0.7682,3,1,1,0,0,0.6071,LOW
TND-001038,BID-000044,26,17,0,0,16,10,0.0,0,0,0,6,0.7802,17,1,1,1,0,0.875,HIGH
TND-001038,BID-001715,26,17,12,14,0,0,46.15,0,0,0,0,0.8436,9,0,0,1,0,0.9167,MEDIUM
TND-001038,BID-001428,26,17,20,4,2,0,76.92,0,0,0,0,0.8289,3,1,1,0,0,0.9167,LOW
TND-001039,BID-000201,27,18,17,0,3,7,62.96,0,0,0,4,0.697,7,1,1,1,1,0.9167,MEDIUM
TND-001039,BID-001615,27,18,8,5,5,9,29.63,0,0,5,0,0.8258,13,0,1,1,1,0.7857,HIGH
TND-001039,BID-000377,27,18,17,9,0,1,62.96,1,0,0,0,0.7918,6,0,0,0,1,0.875,MEDIUM
TND-001040,BID-000993,30,19,0,0,9,21,0.0,0,5,0,0,0.7074,19,1,1,1,0,0.9,HIGH
TND-001040,BID-001353,30,19,1,0,13,16,3.33,0,5,0,0,0.8564,18,1,1,1,0,0.875,HIGH
TND-001040,BID-000174,30,19,29,0,1,0,96.67,0,0,0,0,0.8841,1,0,1,0,0,0.7083,LOW
TND-001040,BID-000216,30,19,17,10,3,0,56.67,0,0,0,0,0.8494,8,1,1,0,0,0.9167,MEDIUM
TND-001041,BID-000835,23,14,19,0,1,3,82.61,0,0,0,0,0.8084,4,1,1,1,0,0.9643,LOW
TND-001041,BID-000975,23,14,19,2,1,1,82.61,0,0,0,0,0.8495,4,0,1,1,1,0.7857,LOW
TND-001041,BID-000544,23,14,12,3,2,6,52.17,1,0,0,0,0.8125,7,1,1,0,1,0.9583,MEDIUM
TND-001043,BID-001824,24,18,19,1,4,0,79.17,0,0,0,0,0.8811,3,1,0,0,0,0.7143,LOW
TND-001043,BID-001128,24,18,13,4,2,5,54.17,1,0,0,0,0.8378,8,1,0,0,1,0.6,MEDIUM
TND-001043,BID-000676,24,18,20,0,2,2,83.33,1,0,0,0,0.7068,3,1,0,0,1,0.75,LOW
TND-001043,BID-001207,24,18,16,0,6,2,66.67,0,0,4,0,0.8758,6,1,1,1,1,0.8214,MEDIUM
TND-001044,BID-000376,22,16,2,0,9,11,9.09,0,0,0,4,0.8032,14,1,1,1,0,0.7917,HIGH
TND-001044,BID-001536,22,16,16,1,3,2,72.73,0,0,0,0,0.8501,6,1,1,1,0,0.9,MEDIUM
TND-001044,BID-000624,22,16,18,1,1,2,81.82,0,0,0,0,0.8545,4,0,1,1,0,0.75,LOW
TND-001045,BID-000572,26,19,23,2,1,0,88.46,0,0,0,0,0.9561,2,1,1,0,0,0.75,LOW
TND-001045,BID-001553,26,19,9,4,2,11,34.62,0,0,0,0,0.8487,13,1,1,1,0,0.7857,MEDIUM
TND-001045,BID-000181,26,19,5,0,2,19,19.23,1,0,0,0,0.2508,15,1,1,0,1,0.9,HIGH
TND-001045,BID-000651,26,19,21,1,2,2,80.77,0,0,0,0,0.9277,4,1,1,1,0,0.8571,LOW
TND-001046,BID-000963,24,16,20,1,1,2,83.33,0,0,0,0,0.761,3,0,1,1,0,0.95,LOW
TND-001046,BID-000610,24,16,19,2,1,2,79.17,0,0,0,0,0.82,4,1,1,0,0,0.9,LOW
TND-001046,BID-001715,24,16,22,1,0,1,91.67,0,0,0,0,0.8341,2,1,1,0,0,0.9167,LOW
TND-001047,BID-000875,30,21,23,0,3,4,76.67,0,3,0,0,0.9403,6,1,0,1,0,0.9167,MEDIUM
TND-001047,BID-000876,30,21,24,4,0,2,80.0,0,0,0,0,0.8509,5,1,1,1,0,0.75,LOW
TND-001047,BID-000594,30,21,1,0,11,18,3.33,0,0,5,0,0.8501,20,1,1,1,0,0.8333,HIGH
TND-001047,BID-001139,30,21,17,12,0,1,56.67,0,0,0,0,0.8975,10,0,0,1,0,0.7917,MEDIUM
TND-001047,BID-000364,30,21,23,1,5,1,76.67,0,0,0,0,0.9321,6,1,1,1,0,0.65,LOW
TND-001048,BID-000038,29,20,21,0,1,7,72.41,0,0,0,0,0.8958,7,0,1,0,0,0.7917,LOW
TND-001048,BID-000141,29,20,19,0,5,5,65.52,0,0,0,0,0.7726,7,1,1,0,0,0.85,MEDIUM
TND-001048,BID-001769,29,20,23,0,1,5,79.31,0,0,0,0,0.8922,4,0,1,1,0,0.9167,LOW
TND-001049,BID-000299,25,17,13,2,1,9,52.0,0,0,0,0,0.8246,9,1,1,1,0,0.75,MEDIUM
TND-001049,BID-001535,25,17,19,0,4,2,76.0,0,0,0,0,0.8179,5,1,1,0,0,0.85,LOW
TND-001049,BID-000870,25,17,20,0,5,0,80.0,0,0,0,0,0.8268,5,1,1,0,0,0.8333,LOW
TND-001049,BID-000820,25,17,19,0,5,1,76.0,0,0,0,0,0.8936,6,1,1,0,0,0.75,LOW
TND-001052,BID-000469,22,13,11,0,3,8,50.0,0,0,0,0,0.7342,6,1,1,0,0,0.95,MEDIUM
TND-001052,BID-001799,22,13,6,1,1,14,27.27,0,0,0,0,0.3068,10,0,1,1,0,0.75,HIGH
TND-001052,BID-001472,22,13,9,1,2,10,40.91,0,0,0,0,0.8212,7,1,1,0,0,0.8333,MEDIUM
TND-001053,BID-000721,28,16,0,2,1,25,0.0,4,0,0,0,0.1239,16,1,1,1,1,0.8333,HIGH
TND-001053,BID-000926,28,16,17,9,0,2,60.71,0,0,0,0,0.8416,5,1,0,0,0,0.625,LOW
TND-001053,BID-000003,28,16,14,1,0,13,50.0,1,0,0,0,0.7522,10,0,1,0,1,0.8333,MEDIUM
TND-001054,BID-001390,28,16,19,2,0,7,67.86,0,0,0,0,0.8442,5,1,1,0,0,0.75,LOW
TND-001054,BID-000693,28,16,21,1,1,5,75.0,0,0,0,0,0.8978,5,1,1,1,0,0.7083,LOW
TND-001054,BID-000087,28,16,27,0,1,0,96.43,0,0,0,0,0.9106,1,0,1,0,0,0.9583,LOW
TND-001055,BID-000392,25,14,19,0,1,5,76.0,0,0,0,0,0.8512,2,1,0,0,0,0.6429,LOW
TND-001055,BID-001516,25,14,0,0,9,16,0.0,0,0,0,7,0.9352,14,1,1,1,1,0.8214,HIGH
TND-001055,BID-001815,25,14,20,3,1,1,80.0,0,0,0,0,0.9008,4,1,1,0,1,0.75,LOW
TND-001056,BID-001648,23,17,17,3,3,0,73.91,0,0,0,0,0.8692,4,1,1,0,0,0.7917,LOW
TND-001056,BID-001076,23,17,8,0,1,14,34.78,0,0,0,0,0.374,11,0,1,0,0,0.7,HIGH
TND-001056,BID-000959,23,17,16,0,3,4,69.57,0,0,0,0,0.759,5,1,1,1,0,0.95,MEDIUM
TND-001058,BID-000602,23,13,16,3,3,1,69.57,0,0,0,0,0.829,5,1,1,1,0,0.875,MEDIUM
TND-001058,BID-001742,23,13,14,1,1,7,60.87,0,0,0,0,0.8323,4,1,1,0,0,0.6667,MEDIUM
TND-001058,BID-001283,23,13,17,0,1,5,73.91,0,3,0,0,0.8718,5,1,1,1,0,0.9167,MEDIUM
TND-001059,BID-001307,29,16,10,8,3,8,34.48,0,0,0,0,0.8898,10,1,1,0,0,0.7917,MEDIUM
TND-001059,BID-001585,29,16,18,10,0,1,62.07,0,0,0,0,0.8392,6,1,1,0,0,0.75,MEDIUM
TND-001059,BID-000077,29,16,25,1,2,1,86.21,0,0,0,0,0.9003,3,1,1,1,0,0.9583,LOW
TND-001060,BID-000301,26,18,9,0,5,12,34.62,0,0,0,0,0.8762,11,1,1,1,0,0.8,MEDIUM
TND-001060,BID-000595,26,18,10,8,0,8,38.46,0,0,0,0,0.8338,11,1,1,0,0,0.9583,MEDIUM
TND-001060,BID-000222,26,18,12,12,1,1,46.15,0,0,0,0,0.8357,10,1,0,1,0,1.0,MEDIUM
TND-001060,BID-001406,26,18,5,0,3,18,19.23,0,0,0,0,0.2756,14,1,1,0,0,0.95,HIGH
TND-001060,BID-001715,26,18,1,0,10,15,3.85,0,0,0,5,0.8338,17,1,1,1,0,0.875,HIGH
TND-001062,BID-000524,23,15,11,0,1,11,47.83,0,0,0,0,0.8428,9,1,1,0,0,0.875,MEDIUM
TND-001062,BID-001336,23,15,2,3,1,17,8.7,0,0,0,0,0.2763,14,1,1,1,0,0.875,HIGH
TND-001062,BID-001510,23,15,1,0,6,16,4.35,0,0,4,0,0.7461,14,1,1,1,0,0.85,HIGH
TND-001063,BID-000518,24,15,14,0,1,9,58.33,0,0,0,0,0.8272,6,0,1,1,0,0.65,MEDIUM
TND-001063,BID-000702,24,15,12,0,1,11,50.0,0,0,0,0,0.8702,7,1,1,1,0,0.9167,MEDIUM
TND-001063,BID-000901,24,15,12,11,0,1,50.0,0,0,0,0,0.8549,6,1,0,1,0,0.8333,MEDIUM
TND-001065,BID-001790,24,15,20,0,2,2,83.33,0,0,0,0,0.8112,3,1,0,0,0,0.9643,LOW
TND-001065,BID-000324,24,15,21,0,1,2,87.5,0,0,0,0,0.7825,2,0,1,0,0,0.9583,LOW
TND-001065,BID-000107,24,15,14,0,1,9,58.33,0,0,0,0,0.8527,6,0,1,0,0,0.8571,MEDIUM
TND-001065,BID-001580,24,15,15,0,1,8,62.5,0,0,0,0,0.8201,5,1,0,1,0,0.7083,MEDIUM
TND-001065,BID-000591,24,15,4,0,3,17,16.67,0,0,0,0,0.264,11,1,1,0,0,0.7,HIGH
TND-001066,BID-001981,25,15,18,1,1,5,72.0,0,0,0,0,0.8116,3,1,0,0,0,0.6429,LOW
TND-001066,BID-000554,25,15,6,0,3,16,24.0,0,0,0,0,0.3613,10,1,0,0,0,0.7083,HIGH
TND-001066,BID-000168,25,15,7,0,0,18,28.0,0,0,0,0,0.2541,9,0,0,0,0,0.7,HIGH
TND-001066,BID-001297,25,15,18,1,3,3,72.0,0,0,0,0,0.8766,5,1,1,0,1,0.8214,LOW
TND-001068,BID-000723,28,17,24,0,2,2,85.71,0,0,0,0,0.7476,3,1,1,0,0,0.7917,LOW
TND-001068,BID-001404,28,17,27,0,1,0,96.43,0,0,0,0,0.8538,1,1,0,0,0,0.8214,LOW
TND-001068,BID-000667,28,17,1,0,13,14,3.57,1,0,4,0,0.8331,16,1,1,1,1,0.7917,HIGH
TND-001068,BID-001958,28,17,25,0,1,2,89.29,0,0,0,0,0.8282,2,0,1,0,0,0.7917,LOW
TND-001069,BID-001605,30,19,26,0,1,3,86.67,0,0,0,0,0.8731,3,1,1,0,0,0.875,LOW
TND-001069,BID-001378,30,19,26,1,3,0,86.67,0,0,0,0,0.9173,3,1,1,0,0,0.7917,LOW
TND-001069,BID-000759,30,19,6,0,2,22,20.0,0,0,0,0,0.2822,16,1,1,1,0,0.75,HIGH
TND-001069,BID-001881,30,19,5,0,1,24,16.67,0,0,0,0,0.289,16,1,1,0,0,0.95,HIGH
TND-001069,BID-000612,30,19,26,0,1,3,86.67,0,0,0,0,0.846,2,0,1,0,0,0.7,LOW
TND-001070,BID-001234,22,15,11,7,1,3,50.0,1,0,0,0,0.8141,7,1,1,1,1,0.9583,MEDIUM
TND-001070,BID-001217,22,15,15,0,1,6,68.18,1,4,0,0,0.7528,6,1,1,1,1,0.9167,MEDIUM
TND-001070,BID-000065,22,15,21,0,1,0,95.45,0,0,0,0,0.8731,1,0,1,0,0,0.7143,LOW
TND-001071,BID-000852,26,18,17,0,0,9,65.38,0,0,0,0,0.8082,4,0,0,0,0,0.8,LOW
TND-001071,BID-001379,26,18,23,1,1,1,88.46,0,0,0,2,0.8014,3,1,0,1,0,0.875,LOW
TND-001071,BID-000443,26,18,23,0,2,1,88.46,0,0,0,0,0.9461,3,1,0,0,0,0.625,LOW
TND-001072,BID-000150,27,16,12,7,2,6,44.44,0,0,3,0,0.8897,9,1,1,1,0,0.85,MEDIUM
TND-001072,BID-001306,27,16,22,1,3,1,81.48,0,0,0,0,0.8787,4,1,1,1,0,0.75,LOW
TND-001072,BID-001189,27,16,13,3,0,11,48.15,0,0,0,0,0.8027,10,1,0,0,0,0.95,MEDIUM
TND-001072,BID-000411,27,16,17,0,3,7,62.96,0,0,0,0,0.8894,6,1,0,0,0,0.8333,MEDIUM
TND-001074,BID-000213,25,14,6,8,5,6,24.0,1,0,0,4,0.834,10,1,1,1,1,0.85,HIGH
TND-001074,BID-001820,25,14,7,2,0,16,28.0,0,0,0,0,0.3265,9,1,0,0,1,0.75,HIGH
TND-001074,BID-001402,25,14,16,0,0,9,64.0,0,0,0,0,0.7983,5,1,1,1,1,0.75,MEDIUM
TND-001076,BID-001020,29,16,15,4,4,6,51.72,0,0,0,0,0.645,8,1,1,1,0,0.9,MEDIUM
TND-001076,BID-001572,29,16,9,13,3,4,31.03,0,0,0,0,0.8555,12,1,1,0,0,0.875,MEDIUM
TND-001076,BID-000154,29,16,6,0,4,19,20.69,0,0,0,0,0.4046,13,1,1,1,0,0.95,HIGH
TND-001076,BID-001481,29,16,12,1,0,16,41.38,0,0,0,0,0.8246,8,1,1,0,0,0.8333,MEDIUM
TND-001076,BID-001623,29,16,4,0,2,23,13.79,0,0,0,0,0.2429,14,1,1,1,0,0.8125,HIGH
TND-001077,BID-001079,29,21,27,0,1,1,93.1,0,0,0,0,0.8524,2,0,1,1,0,0.75,LOW
TND-001077,BID-000415,29,21,28,0,1,0,96.55,0,0,0,0,0.8239,1,0,1,0,0,0.7917,LOW
TND-001077,BID-000923,29,21,16,0,1,12,55.17,0,0,0,0,0.827,9,0,1,0,0,0.65,MEDIUM
TND-001077,BID-000995,29,21,26,0,1,2,89.66,0,0,0,0,0.7098,2,0,1,0,0,0.7,LOW
TND-001077,BID-000010,29,21,2,1,0,26,6.9,2,0,0,0,0.1972,20,1,1,1,0,1.0,HIGH
TND-001078,BID-001741,23,17,16,2,3,2,69.57,0,0,0,0,0.7822,7,1,1,1,1,0.875,MEDIUM
TND-001078,BID-001702,23,17,13,1,2,7,56.52,0,0,0,0,0.8824,8,1,1,0,0,0.8571,MEDIUM
TND-001078,BID-001046,23,17,1,0,9,13,4.35,0,0,0,6,0.879,16,1,1,1,0,0.7143,HIGH
TND-001080,BID-000452,24,15,23,0,0,1,95.83,0,0,0,0,0.7814,1,0,0,0,0,0.8333,LOW
TND-001080,BID-000290,24,15,1,0,16,7,4.17,0,0,0,5,0.7823,14,1,1,1,0,0.9167,HIGH
TND-001080,BID-000031,24,15,14,8,0,2,58.33,0,0,0,0,0.8906,5,1,0,0,0,0.7917,LOW
TND-001080,BID-000115,24,15,3,2,1,18,12.5,0,0,0,0,0.2513,12,1,0,0,0,0.75,HIGH
TND-001080,BID-001194,24,15,13,0,0,11,54.17,0,0,0,0,0.8339,8,0,0,1,0,0.8,MEDIUM
TND-001081,BID-001222,22,12,12,7,1,2,54.55,0,0,0,0,0.8986,4,0,1,0,0,0.7857,MEDIUM
TND-001081,BID-001296,22,12,9,1,2,10,40.91,1,0,0,0,0.7508,8,1,1,0,1,0.9,MEDIUM
TND-001081,BID-000197,22,12,0,0,8,14,0.0,1,0,0,5,0.857,12,1,1,1,1,0.7917,HIGH
TND-001082,BID-001257,25,15,1,1,5,18,4.0,0,0,3,0,0.7121,14,1,1,1,0,0.85,HIGH
TND-001082,BID-001065,25,15,10,0,0,15,40.0,0,0,2,0,0.4171,9,0,1,1,0,0.9,HIGH
TND-001082,BID-001038,25,15,19,2,0,4,76.0,0,0,0,0,0.69,4,1,0,1,0,0.9,LOW
TND-001082,BID-000309,25,15,8,0,4,13,32.0,0,0,0,0,0.4185,9,1,0,0,0,0.95,MEDIUM
TND-001082,BID-001591,25,15,19,6,0,0,76.0,0,0,0,0,0.858,2,0,0,0,0,0.8333,LOW
TND-001083,BID-000002,28,20,5,2,1,20,17.86,0,0,0,0,0.2666,16,1,1,0,0,1.0,HIGH
TND-001083,BID-000780,28,20,21,0,4,3,75.0,0,0,4,0,0.8999,6,1,1,1,0,0.8333,MEDIUM
TND-001083,BID-000631,28,20,25,0,0,3,89.29,0,0,0,0,0.7552,2,1,0,0,0,0.7917,LOW
TND-001083,BID-000896,28,20,19,0,0,9,67.86,0,0,0,0,0.9071,4,1,0,0,0,0.9167,LOW
TND-001083,BID-001075,28,20,23,3,0,2,82.14,0,0,0,0,0.7969,4,1,0,0,0,0.8,LOW
TND-001085,BID-001045,23,15,4,1,2,16,17.39,0,0,0,0,0.3098,12,1,1,1,0,0.75,HIGH
TND-001085,BID-001361,23,15,22,0,1,0,95.65,0,0,0,0,0.767,1,0,1,0,0,0.75,LOW
TND-001085,BID-001445,23,15,16,1,2,4,69.57,0,0,0,0,0.8143,5,1,1,1,0,0.95,MEDIUM
TND-001086,BID-001484,22,16,6,11,4,1,27.27,1,0,0,0,0.8543,11,1,1,0,1,0.8333,MEDIUM
TND-001086,BID-000709,22,16,0,0,5,17,0.0,0,5,0,0,0.4087,16,1,1,1,1,0.9,HIGH
TND-001086,BID-001258,22,16,9,1,0,12,40.91,0,0,0,0,0.4741,9,0,1,1,1,0.7083,MEDIUM
TND-001086,BID-001956,22,16,16,2,0,4,72.73,0,0,0,0,0.8413,5,1,1,1,0,0.875,LOW
TND-001086,BID-001448,22,16,20,1,1,0,90.91,0,0,0,0,0.8305,2,0,1,0,1,0.7857,LOW
TND-001088,BID-000855,29,19,23,2,1,3,79.31,0,0,0,0,0.7485,4,1,1,0,0,0.9,LOW
TND-001088,BID-000657,29,19,0,0,13,16,0.0,0,0,0,5,0.6992,19,1,1,1,0,0.65,HIGH
TND-001088,BID-001350,29,19,28,0,1,0,96.55,0,0,0,0,0.8091,1,0,1,0,0,0.7083,LOW
TND-001088,BID-001436,29,19,0,0,16,13,0.0,0,0,6,0,0.88,19,1,1,1,0,0.75,HIGH
TND-001089,BID-000536,28,20,8,0,1,19,28.57,0,0,0,0,0.2893,15,0,1,1,0,0.75,HIGH
TND-001089,BID-000137,28,20,10,8,8,2,35.71,0,0,0,0,0.7885,12,1,1,0,0,0.9,MEDIUM
TND-001089,BID-000507,28,20,2,0,0,26,7.14,9,0,0,0,0.1169,18,1,1,1,0,0.375,HIGH
TND-001092,BID-000038,25,14,14,2,0,9,56.0,0,0,0,0,0.888,6,0,1,1,0,0.75,MEDIUM
TND-001092,BID-001391,25,14,2,5,0,18,8.0,0,0,0,0,0.3535,13,1,1,1,0,0.9,HIGH
TND-001092,BID-000046,25,14,20,0,0,5,80.0,0,0,0,0,0.7848,2,1,1,0,0,0.9,LOW
TND-001092,BID-000669,25,14,22,0,1,2,88.0,0,0,0,0,0.8561,2,1,1,0,0,0.8333,LOW
TND-001093,BID-000850,26,15,10,10,2,4,38.46,1,0,0,0,0.8545,8,1,0,1,1,0.9167,MEDIUM
TND-001093,BID-000198,26,15,22,0,2,2,84.62,2,0,0,0,0.8559,3,1,1,1,0,0.7,LOW
TND-001093,BID-001765,26,15,15,7,4,0,57.69,0,0,0,0,0.8928,5,1,0,0,0,0.8214,LOW
TND-001093,BID-001638,26,15,24,1,0,1,92.31,1,0,0,0,0.8677,2,0,1,0,1,0.875,LOW
TND-001094,BID-001972,23,16,3,0,3,17,13.04,0,0,0,0,0.2767,13,1,1,0,1,0.6667,HIGH
TND-001094,BID-000813,23,16,8,0,1,14,34.78,0,0,1,0,0.825,9,1,1,0,0,0.9643,MEDIUM
TND-001094,BID-000123,23,16,19,0,2,2,82.61,1,0,0,0,0.8482,4,1,1,0,1,0.8,LOW
TND-001095,BID-000312,24,17,6,1,4,13,25.0,1,0,0,0,0.4094,12,1,1,0,1,0.7,HIGH
TND-001095,BID-000028,24,17,12,1,4,7,50.0,0,0,0,0,0.8613,8,1,1,1,1,0.8214,MEDIUM
TND-001095,BID-001853,24,17,11,7,1,5,45.83,0,0,0,0,0.7744,8,0,1,1,0,0.875,MEDIUM
TND-001095,BID-000522,24,17,7,1,1,15,29.17,1,0,0,0,0.6897,12,1,1,1,1,0.75,HIGH
TND-001096,BID-001990,24,16,11,2,2,9,45.83,0,0,0,0,0.7703,9,1,1,0,0,0.45,MEDIUM
TND-001096,BID-001049,24,16,6,0,0,18,25.0,0,0,0,0,0.237,11,0,0,0,0,0.9375,HIGH
TND-001096,BID-001408,24,16,20,1,0,3,83.33,0,0,0,0,0.8235,1,1,0,0,0,0.7917,LOW
TND-001096,BID-000376,24,16,2,0,10,12,8.33,0,3,0,0,0.7772,14,1,0,1,0,0.9167,HIGH
TND-001097,BID-001598,23,13,22,0,0,1,95.65,0,0,0,0,0.9371,1,0,0,1,0,0.7857,LOW
TND-001097,BID-000539,23,13,15,1,1,6,65.22,0,0,0,0,0.8574,5,1,1,1,0,0.7143,MEDIUM
TND-001097,BID-000402,23,13,14,1,0,8,60.87,0,0,0,0,0.8593,4,0,0,1,0,0.8214,MEDIUM
TND-001097,BID-000330,23,13,21,1,0,1,91.3,0,0,0,0,0.9029,2,0,1,1,0,0.6786,LOW
TND-001097,BID-001441,23,13,19,1,1,2,82.61,0,0,0,0,0.8287,4,0,1,1,0,0.9167,LOW
TND-001098,BID-001995,22,14,14,0,1,7,63.64,0,0,0,0,0.8317,6,0,1,1,0,0.9167,MEDIUM
TND-001098,BID-000102,22,14,14,0,5,3,63.64,0,0,0,0,0.6809,4,1,1,0,0,0.75,MEDIUM
TND-001098,BID-001605,22,14,17,2,2,1,77.27,0,0,0,0,0.8462,3,1,1,1,0,0.9583,LOW
TND-001102,BID-001171,22,16,19,1,2,0,86.36,0,0,0,0,0.7915,2,1,1,0,0,0.75,LOW
TND-001102,BID-001076,22,16,10,0,0,12,45.45,0,0,0,0,0.8783,9,1,1,0,0,0.8333,MEDIUM
TND-001102,BID-001472,22,16,5,0,5,12,22.73,0,0,2,0,0.855,12,1,1,1,0,0.9583,HIGH
TND-001103,BID-000899,22,15,8,1,3,10,36.36,0,0,0,0,0.8205,8,1,1,0,0,0.9167,MEDIUM
TND-001103,BID-000353,22,15,0,0,15,7,0.0,0,6,0,0,0.876,15,1,1,1,0,0.9583,HIGH
TND-001103,BID-001095,22,15,17,0,3,2,77.27,0,0,0,0,0.9504,4,1,1,0,0,0.8333,LOW
TND-001105,BID-000942,23,15,17,5,0,1,73.91,0,0,0,0,0.7762,4,0,1,1,0,0.7857,LOW
TND-001105,BID-000582,23,15,10,10,0,3,43.48,0,0,0,0,0.7905,9,1,1,1,0,0.8571,MEDIUM
TND-001105,BID-001397,23,15,1,0,2,20,4.35,0,0,0,4,0.317,14,1,1,1,1,0.8,HIGH
TND-001108,BID-000968,30,18,11,4,1,14,36.67,0,0,0,0,0.8106,13,1,1,0,0,0.7,MEDIUM
TND-001108,BID-000560,30,18,23,3,2,2,76.67,0,0,0,0,0.7554,5,1,1,1,0,0.75,LOW
TND-001108,BID-000088,30,18,2,0,0,28,6.67,6,0,0,0,0.0869,16,1,0,1,0,0.5,HIGH
TND-001109,BID-001365,26,16,24,1,0,1,92.31,1,0,0,0,0.7926,2,0,1,0,1,0.7917,LOW
TND-001109,BID-000151,26,16,13,0,0,13,50.0,0,0,0,0,0.8557,8,1,1,0,0,0.9286,MEDIUM
TND-001109,BID-001358,26,16,20,4,1,1,76.92,0,0,0,0,0.8256,4,1,1,1,0,0.8929,LOW
TND-001109,BID-000229,26,16,17,1,2,6,65.38,1,0,0,0,0.7063,5,1,1,1,1,0.8,MEDIUM
TND-001109,BID-000979,26,16,12,1,1,12,46.15,1,0,0,0,0.8576,8,0,1,0,1,0.9583,MEDIUM
TND-001110,BID-001291,22,13,0,0,3,19,0.0,0,0,0,5,0.4172,13,1,1,1,0,0.4,HIGH
TND-001110,BID-000211,22,13,21,0,1,0,95.45,0,0,0,0,0.9315,1,0,1,0,0,0.8333,LOW
TND-001110,BID-000364,22,13,17,0,2,3,77.27,0,0,0,0,0.7156,3,1,1,0,0,0.85,LOW
TND-001110,BID-001777,22,13,13,1,0,8,59.09,0,0,0,0,0.7984,5,0,0,1,0,0.85,MEDIUM
TND-001110,BID-001276,22,13,18,0,0,4,81.82,0,0,0,0,0.8017,2,0,0,1,0,0.85,LOW
TND-001111,BID-000470,22,14,19,0,1,2,86.36,0,0,0,0,0.8549,2,0,1,1,0,0.875,LOW
TND-001111,BID-000173,22,14,14,4,1,3,63.64,0,0,0,0,0.7736,5,1,1,0,0,0.85,MEDIUM
TND-001111,BID-001003,22,14,12,3,1,6,54.55,0,0,0,0,0.8747,6,0,1,1,0,0.9167,MEDIUM
TND-001112,BID-000655,24,17,0,1,15,8,0.0,1,4,0,0,0.7418,17,1,1,1,1,0.85,HIGH
TND-001112,BID-001028,24,17,18,1,1,4,75.0,0,2,0,0,0.8589,5,1,1,1,0,0.8571,MEDIUM
TND-001112,BID-001135,24,17,7,0,1,16,29.17,1,0,0,0,0.2835,11,0,1,0,1,0.8,HIGH
TND-001113,BID-001671,28,21,22,1,3,2,78.57,0,0,0,0,0.784,6,1,1,1,0,0.95,LOW
TND-001113,BID-001117,28,21,9,0,7,12,32.14,0,0,0,0,0.7751,12,1,1,0,0,0.7,MEDIUM
TND-001113,BID-001076,28,21,15,11,1,1,53.57,0,0,0,0,0.8673,9,0,1,1,0,0.7917,MEDIUM
TND-001113,BID-000952,28,21,24,0,1,3,85.71,0,0,0,0,0.7728,4,1,0,1,0,0.85,LOW
TND-001113,BID-000694,28,21,22,4,1,1,78.57,0,0,0,0,0.8456,5,1,1,0,0,0.6667,LOW
TND-001114,BID-000877,22,14,15,0,0,7,68.18,0,0,0,0,0.8513,2,0,1,0,0,0.875,LOW
TND-001114,BID-000125,22,14,7,0,1,14,31.82,0,0,0,0,0.3278,8,0,1,0,0,0.75,HIGH
TND-001114,BID-000204,22,14,3,0,5,14,13.64,0,0,0,0,0.3299,11,1,1,0,0,0.8,HIGH
TND-001114,BID-001797,22,14,18,2,2,0,81.82,0,0,0,0,0.8285,4,1,1,0,0,0.875,LOW
TND-001114,BID-001073,22,14,19,1,1,1,86.36,0,0,0,0,0.7757,3,0,1,1,0,0.875,LOW
TND-001115,BID-001145,24,18,20,3,0,1,83.33,0,0,0,0,0.7892,4,1,1,0,0,0.75,LOW
TND-001115,BID-001470,24,18,10,9,3,2,41.67,0,0,0,0,0.7358,11,1,1,1,0,0.7,MEDIUM
TND-001115,BID-000084,24,18,19,1,1,3,79.17,0,0,0,0,0.8583,5,1,1,1,0,1.0,LOW
TND-001115,BID-001552,24,18,21,1,1,1,87.5,0,0,0,0,0.8571,3,1,0,1,0,0.8333,LOW
TND-001115,BID-001677,24,18,3,1,1,19,12.5,0,0,0,0,0.2068,15,1,0,0,0,0.6875,HIGH
TND-001117,BID-000698,28,20,8,2,5,13,28.57,2,0,0,0,0.8267,13,1,1,1,0,0.75,HIGH
TND-001117,BID-001701,28,20,1,0,6,21,3.57,0,0,2,0,0.2858,19,1,1,1,0,1.0,HIGH
TND-001117,BID-000703,28,20,14,4,1,9,50.0,0,0,0,0,0.8066,11,0,1,1,0,0.75,MEDIUM
TND-001117,BID-000462,28,20,19,2,1,6,67.86,0,0,0,0,0.7254,7,1,1,1,0,0.8,MEDIUM
TND-001120,BID-000880,29,19,22,0,4,3,75.86,0,0,0,0,0.7781,4,1,1,0,0,0.9,LOW
TND-001120,BID-001306,29,19,25,0,1,3,86.21,0,0,0,0,0.9561,3,1,1,0,0,0.7917,LOW
TND-001120,BID-000841,29,19,11,0,1,17,37.93,0,0,0,0,0.8732,10,1,1,0,0,0.75,MEDIUM
TND-001120,BID-001073,29,19,2,0,9,18,6.9,0,0,3,0,0.8352,18,1,1,1,0,0.75,HIGH
TND-001120,BID-000171,29,19,11,12,1,5,37.93,0,0,0,0,0.7721,11,1,1,0,0,0.7,MEDIUM
TND-001121,BID-001916,29,18,13,0,5,11,44.83,0,0,0,0,0.7954,12,1,1,0,0,0.9167,MEDIUM
TND-001121,BID-000894,29,18,5,0,4,20,17.24,0,0,0,0,0.3149,14,1,1,1,0,1.0,HIGH
TND-001121,BID-000826,29,18,22,1,4,2,75.86,0,0,0,0,0.7987,6,1,1,1,0,0.9,LOW
TND-001122,BID-001071,23,15,5,0,1,17,21.74,0,0,2,0,0.2958,13,0,1,1,0,0.8125,HIGH
TND-001122,BID-001307,23,15,18,0,5,0,78.26,0,0,0,0,0.8497,2,1,1,0,0,0.8333,LOW
TND-001122,BID-001255,23,15,17,2,4,0,73.91,0,0,0,0,0.8339,2,1,1,0,0,0.75,LOW
TND-001123,BID-000087,29,17,11,13,1,4,37.93,0,0,0,0,0.8337,11,1,1,1,0,0.875,MEDIUM
TND-001123,BID-000237,29,17,20,9,0,0,68.97,0,0,0,0,0.8924,7,0,0,1,0,0.9167,LOW
TND-001123,BID-001962,29,17,24,4,1,0,82.76,0,0,0,0,0.8399,2,1,1,1,0,0.875,LOW
TND-001123,BID-000025,29,17,19,0,0,10,65.52,0,0,0,0,0.7784,6,0,1,0,0,0.7083,MEDIUM
TND-001123,BID-001703,29,17,7,1,1,20,24.14,0,0,0,0,0.2982,13,1,1,0,0,0.875,HIGH
TND-001124,BID-000259,23,13,4,0,0,19,17.39,0,0,0,0,0.2373,9,1,0,0,0,1.0,HIGH
TND-001124,BID-000165,23,13,13,7,0,3,56.52,3,0,0,0,0.776,5,1,0,0,0,0.85,MEDIUM
TND-001124,BID-000849,23,13,22,0,0,1,95.65,0,0,0,0,0.8053,1,0,1,0,0,0.7917,LOW
TND-001124,BID-001902,23,13,0,0,11,12,0.0,0,6,0,0,0.8771,13,1,1,1,0,0.6667,HIGH
TND-001125,BID-001301,30,19,20,0,3,7,66.67,0,0,3,0,0.8858,7,1,1,1,0,1.0,MEDIUM
TND-001125,BID-000528,30,19,29,0,1,0,96.67,0,0,0,0,0.8686,1,0,1,0,0,0.875,LOW
TND-001125,BID-000551,30,19,7,1,4,18,23.33,0,0,0,0,0.7796,14,1,1,1,0,0.9,HIGH
TND-001125,BID-001653,30,19,21,0,1,8,70.0,3,0,0,0,0.6052,6,1,1,0,0,0.6875,MEDIUM
TND-001125,BID-000758,30,19,26,0,1,3,86.67,0,0,0,0,0.8486,3,1,1,0,0,0.7917,LOW
TND-001126,BID-000264,26,15,12,5,1,8,46.15,0,0,0,0,0.8818,7,1,1,0,0,0.9583,MEDIUM
TND-001126,BID-000783,26,15,20,1,2,3,76.92,0,0,0,0,0.6877,5,1,1,1,0,0.7,LOW
TND-001126,BID-001070,26,15,22,0,3,1,84.62,0,0,0,0,0.8826,2,1,0,0,0,0.8333,LOW
TND-001126,BID-001677,26,15,19,1,3,3,73.08,0,0,0,0,0.7318,5,1,1,0,0,0.85,LOW
TND-001129,BID-000572,26,18,5,2,1,18,19.23,1,0,0,0,0.276,15,1,1,0,1,0.75,HIGH
TND-001129,BID-000433,26,18,6,2,3,15,23.08,0,0,0,0,0.7956,14,1,1,1,1,0.875,HIGH
TND-001129,BID-001593,26,18,14,7,1,4,53.85,0,0,0,0,0.8325,8,0,1,1,1,0.8333,MEDIUM
TND-001129,BID-000590,26,18,12,6,1,7,46.15,3,0,0,0,0.665,13,1,1,1,1,0.6667,HIGH
TND-001129,BID-000367,26,18,12,0,4,10,46.15,1,0,0,0,0.7829,9,1,1,1,1,0.8,MEDIUM
TND-001130,BID-001414,26,15,17,0,5,4,65.38,0,0,0,5,0.8573,6,1,1,1,0,0.7143,MEDIUM
TND-001130,BID-001943,26,15,4,0,7,15,15.38,0,4,0,0,0.8634,12,1,1,1,0,0.8929,HIGH
TND-001130,BID-000224,26,15,19,2,1,4,73.08,0,0,0,0,0.7843,4,1,1,1,0,0.8333,LOW
TND-001130,BID-000436,26,15,22,1,1,2,84.62,0,0,0,0,0.884,4,1,1,0,0,0.8214,LOW
TND-001130,BID-001340,26,15,13,0,2,11,50.0,0,0,0,0,0.8667,9,1,1,0,0,0.75,MEDIUM
TND-001131,BID-000138,30,20,1,1,3,25,3.33,0,3,0,0,0.2521,19,1,1,1,0,0.95,HIGH
TND-001131,BID-001842,30,20,13,1,2,14,43.33,0,0,0,0,0.8302,10,1,0,0,0,0.6667,MEDIUM
TND-001131,BID-000301,30,20,1,1,18,10,3.33,0,0,0,3,0.8741,19,1,0,1,0,0.9,HIGH
TND-001132,BID-000710,28,17,24,3,1,0,85.71,0,0,0,0,0.9083,3,1,1,0,0,0.875,LOW
TND-001132,BID-000408,28,17,25,0,0,3,89.29,0,0,0,0,0.8797,3,0,0,1,0,0.7917,LOW
TND-001132,BID-000689,28,17,1,0,13,14,3.57,0,0,0,4,0.9015,16,1,1,1,0,0.9167,HIGH
TND-001133,BID-000932,27,16,12,0,3,12,44.44,0,0,0,0,0.6837,9,1,1,0,0,0.9,MEDIUM
TND-001133,BID-000603,27,16,5,2,1,19,18.52,0,0,0,0,0.3773,12,1,1,0,0,0.65,HIGH
TND-001133,BID-001185,27,16,19,1,1,6,70.37,0,0,0,0,0.7504,5,1,1,1,0,0.7,MEDIUM
TND-001133,BID-001776,27,16,20,1,0,6,74.07,0,0,0,0,0.6856,5,0,1,1,0,0.9,LOW
TND-001136,BID-000067,22,16,2,0,15,5,9.09,0,0,0,4,0.8144,14,1,0,1,0,0.7917,HIGH
TND-001136,BID-000918,22,16,2,0,4,16,9.09,0,0,0,0,0.2693,14,1,0,1,0,0.75,HIGH
TND-001136,BID-001813,22,16,9,9,1,3,40.91,0,0,0,0,0.864,9,1,1,1,0,0.8333,MEDIUM
TND-001136,BID-001658,22,16,21,0,1,0,95.45,0,0,0,0,0.943,1,0,1,0,0,0.75,LOW
TND-001139,BID-000434,26,19,25,0,1,0,96.15,0,0,0,0,0.8433,1,0,1,0,0,0.8333,LOW
TND-001139,BID-001095,26,19,23,0,3,0,88.46,0,0,0,0,0.9265,2,1,1,0,0,1.0,LOW
TND-001139,BID-000279,26,19,22,1,1,2,84.62,0,0,0,0,0.8063,3,0,1,1,0,0.5833,LOW
TND-001139,BID-001394,26,19,19,0,1,6,73.08,0,0,0,0,0.8689,5,0,1,0,0,0.75,LOW
TND-001140,BID-001942,25,14,18,2,0,5,72.0,1,0,0,0,0.857,6,1,1,1,1,0.875,MEDIUM
TND-001140,BID-001940,25,14,21,0,0,4,84.0,0,0,0,0,0.7994,3,0,0,0,1,0.8333,LOW
TND-001140,BID-000600,25,14,9,4,1,11,36.0,0,0,0,0,0.8602,9,1,1,1,0,0.8214,MEDIUM
TND-001140,BID-001082,25,14,12,0,1,12,48.0,1,0,0,0,0.7446,7,0,1,0,1,0.8,MEDIUM
TND-001140,BID-000140,25,14,16,0,0,9,64.0,0,0,0,0,0.7758,6,0,0,0,0,0.9167,MEDIUM
TND-001141,BID-001560,28,21,18,0,1,9,64.29,0,0,0,0,0.9016,8,0,1,0,0,0.8333,MEDIUM
TND-001141,BID-000847,28,21,17,5,2,4,60.71,0,0,0,0,0.8415,8,1,1,0,0,0.875,MEDIUM
TND-001141,BID-000902,28,21,7,5,4,12,25.0,0,0,0,0,0.8859,15,1,1,0,0,0.7083,MEDIUM
TND-001141,BID-001179,28,21,5,0,10,13,17.86,0,0,4,0,0.9289,17,1,1,1,0,0.6667,HIGH
TND-001141,BID-001264,28,21,22,0,4,2,78.57,0,0,0,0,0.9027,4,1,1,0,0,0.7917,LOW
TND-001143,BID-000835,23,17,14,0,2,7,60.87,1,0,0,0,0.7949,6,1,1,0,1,0.95,MEDIUM
TND-001143,BID-000745,23,17,20,1,1,1,86.96,1,0,0,0,0.8699,3,1,1,0,1,0.875,LOW
TND-001143,BID-000261,23,17,19,1,2,1,82.61,1,0,0,0,0.8627,4,1,1,1,1,0.7917,LOW
TND-001144,BID-000003,22,14,6,8,3,5,27.27,1,0,0,5,0.8468,11,1,1,1,1,0.875,HIGH
TND-001144,BID-001450,22,14,4,0,0,18,18.18,0,0,0,0,0.2548,10,0,1,0,1,0.95,HIGH
TND-001144,BID-001368,22,14,9,0,2,11,40.91,0,0,0,0,0.7344,9,1,1,0,0,0.9167,MEDIUM
TND-001145,BID-001216,26,19,13,1,1,11,50.0,0,0,0,0,0.8191,9,1,0,0,0,0.5833,MEDIUM
TND-001145,BID-000173,26,19,6,0,0,20,23.08,0,0,0,0,0.239,14,0,0,0,0,0.875,HIGH
TND-001145,BID-000221,26,19,23,0,2,1,88.46,0,0,0,0,0.8762,2,1,0,0,0,0.8,LOW
TND-001145,BID-000350,26,19,22,0,2,2,84.62,0,0,0,0,0.7642,3,1,0,1,0,0.8,LOW
TND-001145,BID-000825,26,19,21,0,3,2,80.77,0,0,0,0,0.915,4,1,1,1,0,0.7917,LOW
TND-001146,BID-001189,27,18,4,0,0,23,14.81,0,0,0,0,0.1821,14,1,0,0,0,0.75,HIGH
TND-001146,BID-000490,27,18,8,0,0,19,29.63,0,0,0,0,0.2811,12,0,0,0,0,0.75,HIGH
TND-001146,BID-000597,27,18,24,0,1,2,88.89,0,0,0,0,0.845,3,1,0,1,0,0.9167,LOW
TND-001146,BID-000598,27,18,24,0,1,2,88.89,0,0,0,0,0.8902,3,1,0,0,0,0.4167,LOW
TND-001146,BID-000761,27,18,4,0,0,23,14.81,4,0,0,0,0.1487,16,1,1,1,0,0.375,HIGH
TND-001147,BID-000419,29,21,21,0,6,2,72.41,0,3,0,0,0.9267,6,1,1,1,0,0.8333,MEDIUM
TND-001147,BID-001861,29,21,12,0,4,13,41.38,0,0,0,0,0.7717,12,1,1,1,0,0.8,MEDIUM
TND-001147,BID-000664,29,21,24,0,3,2,82.76,0,0,0,0,0.9296,3,1,1,1,0,0.7917,LOW
TND-001147,BID-001125,29,21,28,0,1,0,96.55,0,0,0,0,0.8292,1,0,1,0,0,0.9167,LOW
TND-001152,BID-001334,24,13,7,1,0,16,29.17,1,0,0,0,0.873,9,1,1,0,1,0.75,HIGH
TND-001152,BID-000955,24,13,13,5,5,1,54.17,1,0,0,0,0.8418,5,1,1,0,1,0.875,MEDIUM
TND-001152,BID-000065,24,13,19,0,0,5,79.17,0,0,0,0,0.8343,3,1,0,1,0,0.7857,LOW
TND-001152,BID-000653,24,13,20,0,1,3,83.33,0,0,0,0,0.6834,2,0,1,0,0,0.875,LOW
TND-001153,BID-000549,23,15,3,1,1,18,13.04,0,0,0,0,0.2018,13,1,1,0,0,0.875,HIGH
TND-001153,BID-000376,23,15,17,0,2,4,73.91,0,0,5,0,0.9591,5,1,1,1,0,0.6667,MEDIUM
TND-001153,BID-001806,23,15,21,1,1,0,91.3,0,0,0,0,0.813,2,0,1,1,0,0.875,LOW
TND-001153,BID-000734,23,15,1,0,10,12,4.35,0,4,0,0,0.8714,14,1,1,1,0,0.9,HIGH
TND-001156,BID-001190,27,17,25,0,1,1,92.59,1,0,0,0,0.8366,2,0,1,0,1,0.8333,LOW
TND-001156,BID-001592,27,17,6,0,4,17,22.22,0,0,0,0,0.3603,13,1,1,0,0,0.85,HIGH
TND-001156,BID-000370,27,17,21,4,2,0,77.78,0,0,0,0,0.8769,4,1,1,0,1,0.8571,LOW
TND-001156,BID-001429,27,17,6,4,6,11,22.22,0,0,0,0,0.8434,13,1,1,1,0,0.8214,HIGH
TND-001156,BID-001382,27,17,15,0,7,5,55.56,1,4,0,0,0.8012,8,1,1,1,1,0.9,MEDIUM
TND-001157,BID-000839,22,15,21,0,1,0,95.45,0,0,0,0,0.8279,1,0,1,0,0,0.75,LOW
TND-001157,BID-001160,22,15,4,0,1,17,18.18,0,0,0,0,0.2545,12,0,1,0,0,0.6,HIGH
TND-001157,BID-000332,22,15,21,0,0,1,95.45,0,0,0,0,0.9196,1,0,1,0,0,0.7917,LOW
TND-001157,BID-000319,22,15,15,6,1,0,68.18,0,0,0,0,0.9178,4,0,1,0,0,0.75,LOW
TND-001158,BID-001149,29,21,5,0,1,23,17.24,1,0,0,0,0.3295,16,0,1,0,1,0.9,HIGH
TND-001158,BID-000617,29,21,19,0,2,8,65.52,1,0,0,0,0.6779,9,1,1,1,1,0.85,MEDIUM
TND-001158,BID-001810,29,21,19,4,0,6,65.52,0,0,0,0,0.637,9,1,1,1,1,0.875,MEDIUM
TND-001158,BID-001930,29,21,24,3,2,0,82.76,0,0,0,0,0.8636,5,1,1,1,0,0.7143,LOW
TND-001160,BID-000070,27,17,15,2,0,10,55.56,0,0,0,0,0.7844,6,0,0,0,0,0.75,MEDIUM
TND-001160,BID-000972,27,17,4,0,14,9,14.81,0,4,0,0,0.8245,15,1,1,1,0,0.8333,HIGH
TND-001160,BID-000016,27,17,21,0,4,2,77.78,0,0,3,0,0.9237,4,1,0,1,0,0.7083,LOW
TND-001160,BID-000355,27,17,27,0,0,0,100.0,0,0,0,0,0.8908,0,0,0,0,0,0.875,LOW
TND-001161,BID-001758,30,17,10,0,1,19,33.33,0,0,0,0,0.3866,11,0,1,0,0,0.7083,HIGH
TND-001161,BID-001764,30,17,20,0,0,10,66.67,1,0,0,0,0.8628,7,0,0,0,1,0.875,MEDIUM
TND-001161,BID-001626,30,17,27,1,0,2,90.0,0,0,0,0,0.8826,3,0,1,1,0,0.875,LOW
TND-001161,BID-001438,30,17,3,4,11,12,10.0,1,0,0,4,0.8461,16,1,1,1,1,0.9,HIGH
TND-001161,BID-000124,30,17,1,0,19,10,3.33,1,5,0,0,0.8083,16,1,1,1,1,0.875,HIGH
TND-001162,BID-000372,30,22,21,1,2,6,70.0,0,0,0,0,0.7162,7,1,1,1,0,0.95,MEDIUM
TND-001162,BID-001664,30,22,9,13,0,8,30.0,0,0,0,0,0.6756,16,1,1,1,0,0.9,HIGH
TND-001162,BID-000278,30,22,21,3,1,5,70.0,0,0,0,0,0.7326,6,1,1,0,0,0.75,LOW
TND-001162,BID-001858,30,22,16,0,3,11,53.33,0,0,0,0,0.8437,10,1,1,0,0,0.8333,MEDIUM
TND-001163,BID-001724,24,18,12,5,1,6,50.0,0,0,0,0,0.8384,10,1,1,1,0,0.875,MEDIUM
TND-001163,BID-000365,24,18,1,0,0,23,4.17,2,0,0,0,0.1863,17,1,1,1,0,1.0,HIGH
TND-001163,BID-001984,24,18,23,0,1,0,95.83,0,0,0,0,0.8839,1,0,1,0,0,0.75,LOW
TND-001164,BID-000909,30,22,16,14,0,0,53.33,0,0,0,0,0.7939,8,0,1,1,0,0.8333,MEDIUM
TND-001164,BID-001786,30,22,26,1,1,2,86.67,0,0,0,0,0.9014,4,1,1,0,0,0.8333,LOW
TND-001164,BID-001009,30,22,10,14,1,5,33.33,0,0,0,0,0.8362,17,1,1,1,0,0.9,MEDIUM
TND-001164,BID-000417,30,22,23,0,1,6,76.67,3,0,0,0,0.7463,7,1,1,1,0,0.9167,MEDIUM
TND-001164,BID-000246,30,22,12,0,2,16,40.0,0,0,0,0,0.8362,15,1,1,1,0,0.7083,MEDIUM
TND-001165,BID-000497,24,15,7,0,0,17,29.17,0,0,0,0,0.3206,9,0,1,0,0,0.95,HIGH
TND-001165,BID-001937,24,15,2,2,1,19,8.33,0,0,0,0,0.2422,13,1,0,1,0,0.9375,HIGH
TND-001165,BID-001535,24,15,18,0,0,6,75.0,0,0,0,0,0.8069,5,1,0,1,0,0.8,LOW
TND-001165,BID-001166,24,15,9,7,3,5,37.5,0,0,0,0,0.8258,10,1,1,1,0,0.875,MEDIUM
TND-001172,BID-000123,27,20,18,1,2,6,66.67,0,0,0,0,0.785,7,1,1,0,0,0.7917,MEDIUM
TND-001172,BID-000864,27,20,22,0,3,2,81.48,0,0,0,0,0.7359,4,1,1,0,0,0.75,LOW
TND-001172,BID-000030,27,20,12,13,0,2,44.44,0,0,0,0,0.8477,9,0,1,0,0,0.875,MEDIUM
TND-001172,BID-000377,27,20,10,15,1,1,37.04,1,0,0,0,0.7942,12,1,1,0,1,0.875,MEDIUM
TND-001173,BID-000055,22,15,9,10,1,2,40.91,0,0,0,0,0.8232,8,1,1,0,1,0.7857,MEDIUM
TND-001173,BID-001263,22,15,7,11,1,3,31.82,0,0,0,0,0.7918,11,1,1,1,0,0.875,MEDIUM
TND-001173,BID-001879,22,15,18,2,2,0,81.82,0,0,0,0,0.8538,3,1,1,0,0,0.9643,LOW
TND-001173,BID-001765,22,15,16,1,4,1,72.73,1,0,0,0,0.8379,5,1,1,1,1,0.7917,MEDIUM
TND-001176,BID-001640,22,15,12,8,1,1,54.55,0,0,0,0,0.8263,7,1,1,0,0,0.6667,MEDIUM
TND-001176,BID-001986,22,15,18,0,1,3,81.82,0,0,0,0,0.8881,4,1,1,1,0,0.8333,LOW
TND-001176,BID-000006,22,15,17,0,3,2,77.27,0,0,0,0,0.7632,5,1,1,1,0,0.875,LOW
TND-001176,BID-001962,22,15,3,1,1,17,13.64,0,0,0,0,0.2698,12,1,1,1,0,0.5625,HIGH
TND-001176,BID-001317,22,15,18,1,3,0,81.82,0,0,0,0,0.8777,4,1,1,0,0,0.8333,LOW
TND-001177,BID-000830,23,13,10,10,1,2,43.48,0,0,0,0,0.767,7,1,1,0,0,0.9,MEDIUM
TND-001177,BID-001092,23,13,19,0,4,0,82.61,0,0,0,0,0.9453,4,1,1,0,0,0.9167,LOW
TND-001177,BID-001585,23,13,13,1,1,8,56.52,0,0,0,0,0.7837,7,1,1,1,0,1.0,MEDIUM
TND-001177,BID-000664,23,13,12,0,2,9,52.17,0,0,0,0,0.8126,4,1,1,1,0,0.8333,MEDIUM
TND-001178,BID-000538,22,12,17,0,3,2,77.27,0,0,0,0,0.842,3,1,0,1,0,0.8,LOW
TND-001178,BID-001757,22,12,3,1,1,17,13.64,0,0,0,0,0.2661,10,1,0,1,0,0.75,HIGH
TND-001178,BID-000793,22,12,8,9,2,3,36.36,0,0,0,0,0.8514,7,1,1,1,0,0.9167,MEDIUM
TND-001178,BID-001654,22,12,16,1,4,1,72.73,0,0,0,0,0.7752,3,1,1,0,0,0.75,LOW
TND-001178,BID-000621,22,12,18,0,3,1,81.82,0,0,0,0,0.7974,2,1,1,1,0,0.75,LOW
TND-001179,BID-000279,24,13,16,2,0,6,66.67,0,0,0,0,0.8434,4,0,1,1,0,0.9167,MEDIUM
TND-001179,BID-001605,24,13,1,0,11,12,4.17,0,0,0,5,0.7762,12,1,1,1,0,0.75,HIGH
TND-001179,BID-001995,24,13,19,4,1,0,79.17,0,0,0,0,0.8076,4,1,1,0,0,0.7917,LOW
TND-001181,BID-001957,27,16,8,1,1,17,29.63,0,0,0,0,0.8422,13,1,1,1,0,0.7917,HIGH
TND-001181,BID-000145,27,16,23,0,3,1,85.19,0,0,0,0,0.9426,3,1,1,1,0,0.7917,LOW
TND-001181,BID-001927,27,16,1,0,1,25,3.7,2,0,0,0,0.1463,15,1,1,1,0,0.875,HIGH
TND-001187,BID-000655,29,18,14,0,1,14,48.28,1,0,0,0,0.8638,9,1,0,0,1,0.85,MEDIUM
TND-001187,BID-001705,29,18,24,0,3,2,82.76,1,0,0,0,0.7515,5,1,1,1,1,0.6667,LOW
TND-001187,BID-000122,29,18,27,1,0,1,93.1,0,0,0,0,0.908,2,0,0,1,0,0.6786,LOW
TND-001187,BID-000201,29,18,17,7,0,5,58.62,0,0,0,0,0.8308,8,1,1,1,0,0.8333,MEDIUM
TND-001188,BID-001836,22,14,0,0,10,12,0.0,1,0,4,0,0.7485,14,1,1,1,1,0.7,HIGH
TND-001188,BID-001460,22,14,2,0,10,10,9.09,0,0,4,0,0.8067,12,1,1,1,0,0.7083,HIGH
TND-001188,BID-000607,22,14,9,1,4,8,40.91,0,0,0,0,0.7494,9,1,1,0,0,0.6667,MEDIUM
TND-001190,BID-000376,28,18,22,3,3,0,78.57,0,0,0,0,0.8024,6,1,1,0,0,0.7083,LOW
TND-001190,BID-001961,28,18,23,1,1,3,82.14,0,0,3,0,0.8356,4,0,1,1,0,0.75,LOW
TND-001190,BID-000875,28,18,23,0,0,5,82.14,0,0,0,0,0.8126,5,1,1,1,0,0.9167,LOW
TND-001191,BID-000611,29,19,16,9,1,3,55.17,0,0,0,0,0.7762,8,1,1,0,0,0.875,MEDIUM
TND-001191,BID-001061,29,19,9,0,1,19,31.03,0,0,0,0,0.3627,12,1,1,0,0,0.8333,HIGH
TND-001191,BID-001602,29,19,13,2,4,10,44.83,0,0,0,0,0.8642,9,1,1,1,1,0.8214,MEDIUM
TND-001192,BID-001105,27,16,12,12,1,2,44.44,0,0,0,0,0.8047,10,1,1,0,0,0.9167,MEDIUM
TND-001192,BID-001774,27,16,11,1,0,15,40.74,1,0,0,0,0.7521,11,0,0,1,1,0.95,HIGH
TND-001192,BID-000140,27,16,0,0,9,18,0.0,1,5,0,0,0.8727,16,1,1,1,1,0.95,HIGH
TND-001196,BID-000588,23,13,0,0,13,10,0.0,0,0,0,4,0.7719,13,1,1,1,0,0.95,HIGH
TND-001196,BID-000070,23,13,23,0,0,0,100.0,0,0,0,0,0.9206,0,0,0,0,0,1.0,LOW
TND-001196,BID-001541,23,13,8,0,4,11,34.78,0,5,0,0,0.8395,9,1,1,1,0,1.0,HIGH
TND-001196,BID-001993,23,13,16,0,3,4,69.57,0,0,0,0,0.7279,4,1,1,1,0,0.9,MEDIUM
TND-001197,BID-000618,30,18,2,0,13,15,6.67,0,4,0,0,0.9134,17,1,1,1,0,0.6667,HIGH
TND-001197,BID-000146,30,18,11,4,1,14,36.67,0,2,0,0,0.8808,11,1,0,1,0,0.9167,MEDIUM
TND-001197,BID-001654,30,18,25,0,2,3,83.33,0,0,0,0,0.8686,3,1,0,0,0,0.8,LOW
TND-001197,BID-000187,30,18,14,12,0,4,46.67,0,0,0,0,0.8006,11,1,0,1,0,0.875,MEDIUM
TND-001197,BID-000775,30,18,15,1,2,12,50.0,0,0,0,0,0.8256,10,1,1,0,0,0.875,MEDIUM
TND-001199,BID-001808,27,17,11,14,1,1,40.74,0,0,0,0,0.9016,9,1,1,0,0,0.9167,MEDIUM
TND-001199,BID-000958,27,17,25,0,1,1,92.59,1,0,0,0,0.8208,2,0,1,1,0,0.9,LOW
TND-001199,BID-000698,27,17,23,0,1,3,85.19,0,0,0,0,0.7672,4,1,1,0,0,0.6667,LOW
TND-001200,BID-001047,25,16,23,1,1,0,92.0,0,0,0,0,0.7714,1,1,0,0,0,0.7143,LOW
TND-001200,BID-000453,25,16,16,1,3,5,64.0,1,0,0,0,0.7918,7,1,1,1,1,0.7917,MEDIUM
TND-001200,BID-001569,25,16,21,0,2,2,84.0,0,0,0,0,0.8886,3,1,1,0,0,0.9583,LOW
TND-001200,BID-000919,25,16,24,1,0,0,96.0,0,0,0,0,0.8759,1,1,0,0,0,0.8214,LOW
TND-001200,BID-000729,25,16,21,2,1,1,84.0,0,0,0,0,0.8936,4,1,1,1,0,0.9643,LOW
