tender_id,tender_title,procuring_organization,department,procurement_category,tender_type,issue_date,submission_deadline,estimated_value,currency,location_state,location_city,minimum_eligibility_summary,number_of_requirements,mandatory_requirement_count,optional_requirement_count,difficulty_level,synthetic_flag
TND-000001,Network Security Platform — Package 2,Federal Medical Supply Division,Civil Works,Cybersecurity,Limited Tender,2026-03-13,2026-04-27,50347000.0,INR,Uttar Pradesh,Kanpur,"Eligibility for cybersecurity covering statutory registration, financial capacity, relevant experience and scope-specific capability.",24,16,8,MEDIUM,True
TND-000003,Plant Instrumentation — Package 9,Bharat Services Operations Board,Information Technology,Industrial Equipment,Limited Tender,2025-10-27,2025-11-25,66036000.0,INR,Uttar Pradesh,Noida,"Eligibility for industrial equipment covering statutory registration, financial capacity, relevant experience and scope-specific capability.",23,15,8,MEDIUM,True
TND-000006,Document Management Equipment — Package 3,Strategic Medical Projects Corporation,Electrical Engineering,Office Equipment,RFP,2026-02-22,2026-04-01,125590000.0,INR,Gujarat,Ahmedabad,"Eligibility for office equipment covering statutory registration, financial capacity, relevant experience and scope-specific capability.",25,14,11,EASY,True
TND-000007,Diagnostic Equipment Supply — Package 7,National Services Operations Board,Civil Works,Medical Equipment,EOI-cum-RFP,2026-03-26,2026-04-22,56266000.0,INR,Delhi,New Delhi,"Eligibility for medical equipment covering statutory registration, financial capacity, relevant experience and scope-specific capability.",28,20,8,HARD,True
TND-000008,Meeting Room Equipment — Package 2,Central Digital Operations Board,Industrial Operations,Office Equipment,Open Tender,2026-05-06,2026-06-16,244828000.0,INR,West Bengal,Siliguri,"Eligibility for office equipment covering statutory registration, financial capacity, relevant experience and scope-specific capability.",28,16,12,MEDIUM,True
TND-000009,Logistics Support Services — Package 4,Bharat Engineering Systems Unit,Industrial Operations,Transportation,EOI-cum-RFP,2026-08-22,2026-10-04,42544000.0,INR,Gujarat,Rajkot,"Eligibility for transportation covering statutory registration, financial capacity, relevant experience and scope-specific capability.",25,15,10,MEDIUM,True
TND-000010,Process Improvement Consultancy — Package 8,Public Infrastructure Supply Division,Cybersecurity,Consulting Services,EOI-cum-RFP,2025-09-10,2025-11-06,45654000.0,INR,Tamil Nadu,Chennai,"Eligibility for consulting services covering statutory registration, financial capacity, relevant experience and scope-specific capability.",27,20,7,HARD,True
TND-000011,Facility Security Services — Package 8,Central Digital Projects Corporation,Industrial Operations,Security Services,RFP,2026-03-01,2026-03-30,156197000.0,INR,Uttar Pradesh,Lucknow,"Eligibility for security services covering statutory registration, financial capacity, relevant experience and scope-specific capability.",28,16,12,MEDIUM,True
TND-000012,Core Network Equipment — Package 5,Public Engineering Supply Division,General Administration,Networking Equipment,Open Tender,2025-03-21,2025-04-16,69399000.0,INR,Telangana,Warangal,"Eligibility for networking equipment covering statutory registration, financial capacity, relevant experience and scope-specific capability.",22,13,9,MEDIUM,True
TND-000013,Security Operations Contract — Package 8,Central Infrastructure Services Directorate,Civil Works,Security Services,EOI-cum-RFP,2025-04-21,2025-05-13,74149000.0,INR,Tamil Nadu,Chennai,"Eligibility for security services covering statutory registration, financial capacity, relevant experience and scope-specific capability.",29,17,12,MEDIUM,True
TND-000014,Technology Advisory Services — Package 1,Public Infrastructure Services Directorate,Cybersecurity,Consulting Services,Open Tender,2026-03-14,2026-05-04,115755000.0,INR,Punjab,Jalandhar,"Eligibility for consulting services covering statutory registration, financial capacity, relevant experience and scope-specific capability.",25,18,7,MEDIUM,True
TND-000015,Software Modernisation Services — Package 7,Federal Medical Systems Unit,Medical Procurement,Software Services,Open Tender,2025-09-12,2025-10-05,28399000.0,INR,Tamil Nadu,Salem,"Eligibility for software services covering statutory registration, financial capacity, relevant experience and scope-specific capability.",25,17,8,EASY,True
TND-000016,Fleet Transportation Services — Package 6,Public Industrial Services Directorate,Cybersecurity,Transportation,Limited Tender,2025-07-11,2025-09-06,241164000.0,INR,West Bengal,Siliguri,"Eligibility for transportation covering statutory registration, financial capacity, relevant experience and scope-specific capability.",29,16,13,MEDIUM,True
TND-000017,Application Maintenance Services — Package 4,Public Services Projects Corporation,Medical Procurement,Software Services,EOI-cum-RFP,2025-05-17,2025-07-04,125556000.0,INR,Delhi,New Delhi,"Eligibility for software services covering statutory registration, financial capacity, relevant experience and scope-specific capability.",25,18,7,MEDIUM,True
TND-000018,Server and Storage Equipment — Package 4,Central Engineering Supply Division,Electrical Engineering,IT Hardware,Open Tender,2025-02-13,2025-03-09,111719000.0,INR,Karnataka,Mangaluru,"Eligibility for it hardware covering statutory registration, financial capacity, relevant experience and scope-specific capability.",26,19,7,MEDIUM,True
TND-000021,Workstation and Desktop Supply — Package 1,Advanced Public Works Infrastructure Agency,Transport & Logistics,IT Hardware,RFP,2025-10-04,2025-11-29,4370000.0,INR,Karnataka,Hubballi,"Eligibility for it hardware covering statutory registration, financial capacity, relevant experience and scope-specific capability.",29,18,11,MEDIUM,True
TND-000022,Secure Routing Equipment — Package 6,Unified Technology Services Directorate,Electrical Engineering,Networking Equipment,RFP,2025-01-05,2025-01-27,18979000.0,INR,West Bengal,Kolkata,"Eligibility for networking equipment covering statutory registration, financial capacity, relevant experience and scope-specific capability.",28,19,9,MEDIUM,True
TND-000023,Enterprise Application Implementation — Package 4,Strategic Digital Operations Board,Cybersecurity,Software Services,EOI-cum-RFP,2026-05-21,2026-07-02,221377000.0,INR,West Bengal,Siliguri,"Eligibility for software services covering statutory registration, financial capacity, relevant experience and scope-specific capability.",30,18,12,EASY,True
TND-000024,Server and Storage Equipment — Package 6,Central Procurement Services Directorate,General Administration,IT Hardware,EOI-cum-RFP,2025-01-24,2025-02-19,83227000.0,INR,Gujarat,Rajkot,"Eligibility for it hardware covering statutory registration, financial capacity, relevant experience and scope-specific capability.",28,20,8,EASY,True
TND-000025,Core Network Equipment — Package 9,Unified Systems Services Directorate,Information Technology,Networking Equipment,Open Tender,2025-07-30,2025-09-27,45048000.0,INR,Haryana,Panipat,"Eligibility for networking equipment covering statutory registration, financial capacity, relevant experience and scope-specific capability.",29,18,11,MEDIUM,True
TND-000026,Vulnerability Assessment Services — Package 2,Advanced Public Works Services Directorate,Medical Procurement,Cybersecurity,Open Tender,2025-04-12,2025-06-01,49168000.0,INR,Maharashtra,Nashik,"Eligibility for cybersecurity covering statutory registration, financial capacity, relevant experience and scope-specific capability.",25,18,7,EASY,True
TND-000027,Production Equipment Upgrade — Package 7,National Public Works Procurement Cell,Cybersecurity,Industrial Equipment,EOI-cum-RFP,2025-03-09,2025-05-08,217898000.0,INR,Odisha,Rourkela,"Eligibility for industrial equipment covering statutory registration, financial capacity, relevant experience and scope-specific capability.",28,20,8,MEDIUM,True
TND-000028,Industrial Machinery Supply — Package 6,Strategic Services Systems Unit,Medical Procurement,Mechanical Equipment,RFP,2025-02-16,2025-04-06,28163000.0,INR,West Bengal,Durgapur,"Eligibility for mechanical equipment covering statutory registration, financial capacity, relevant experience and scope-specific capability.",29,17,12,EASY,True
TND-000029,Cybersecurity Monitoring Solution — Package 2,Integrated Infrastructure Systems Unit,Medical Procurement,Cybersecurity,Limited Tender,2025-01-01,2025-02-09,75865000.0,INR,Telangana,Warangal,"Eligibility for cybersecurity covering statutory registration, financial capacity, relevant experience and scope-specific capability.",30,19,11,MEDIUM,True
TND-000030,Production Equipment Upgrade — Package 4,Federal Digital Projects Corporation,Transport & Logistics,Industrial Equipment,EOI-cum-RFP,2025-07-28,2025-09-01,208972000.0,INR,Gujarat,Surat,"Eligibility for industrial equipment covering statutory registration, financial capacity, relevant experience and scope-specific capability.",27,18,9,EASY,True
TND-000031,Workplace Equipment Supply — Package 8,Strategic Systems Supply Division,General Administration,Office Equipment,Limited Tender,2026-08-15,2026-09-29,150303000.0,INR,Maharashtra,Nashik,"Eligibility for office equipment covering statutory registration, financial capacity, relevant experience and scope-specific capability.",30,20,10,EASY,True
TND-000032,Network Infrastructure Development — Package 7,Federal Digital Supply Division,Information Technology,Infrastructure,EOI-cum-RFP,2025-01-10,2025-02-02,168318000.0,INR,West Bengal,Durgapur,"Eligibility for infrastructure covering statutory registration, financial capacity, relevant experience and scope-specific capability.",25,14,11,MEDIUM,True
TND-000033,Technology Advisory Services — Package 5,Strategic Public Works Operations Board,Information Technology,Consulting Services,RFP,2025-01-09,2025-02-20,241491000.0,INR,Odisha,Cuttack,"Eligibility for consulting services covering statutory registration, financial capacity, relevant experience and scope-specific capability.",30,18,12,MEDIUM,True
TND-000034,Workplace Equipment Supply — Package 5,Federal Technology Procurement Cell,Electrical Engineering,Office Equipment,EOI-cum-RFP,2026-05-19,2026-07-07,63955000.0,INR,West Bengal,Durgapur,"Eligibility for office equipment covering statutory registration, financial capacity, relevant experience and scope-specific capability.",30,19,11,MEDIUM,True
TND-000035,Building Construction Works — Package 6,Bharat Industrial Supply Division,Civil Works,Civil Works,EOI-cum-RFP,2025-04-14,2025-06-07,27421000.0,INR,Uttar Pradesh,Agra,"Eligibility for civil works covering statutory registration, financial capacity, relevant experience and scope-specific capability.",29,21,8,EASY,True
TND-000036,Meeting Room Equipment — Package 8,Unified Procurement Operations Board,Cybersecurity,Office Equipment,EOI-cum-RFP,2025-11-18,2025-12-12,107664000.0,INR,Haryana,Hisar,"Eligibility for office equipment covering statutory registration, financial capacity, relevant experience and scope-specific capability.",24,14,10,HARD,True
TND-000037,Wireless Infrastructure Supply — Package 5,Advanced Digital Procurement Cell,Information Technology,Networking Equipment,Limited Tender,2025-07-06,2025-08-22,68224000.0,INR,Rajasthan,Udaipur,"Eligibility for networking equipment covering statutory registration, financial capacity, relevant experience and scope-specific capability.",30,21,9,EASY,True
TND-000039,Data Centre Hardware Supply — Package 9,Public Medical Procurement Cell,Transport & Logistics,IT Hardware,RFP,2025-06-06,2025-07-07,178961000.0,INR,Punjab,Amritsar,"Eligibility for it hardware covering statutory registration, financial capacity, relevant experience and scope-specific capability.",23,17,6,EASY,True
TND-000042,Technology Advisory Services — Package 8,Federal Medical Procurement Corporation,Information Technology,Consulting Services,RFP,2026-02-03,2026-02-28,100361000.0,INR,Maharashtra,Nagpur,"Eligibility for consulting services covering statutory registration, financial capacity, relevant experience and scope-specific capability.",26,17,9,EASY,True
TND-000044,Clinical Equipment Upgrade — Package 6,Unified Medical Operations Board,Industrial Operations,Medical Equipment,Open Tender,2026-05-08,2026-07-01,41831000.0,INR,Telangana,Nizamabad,"Eligibility for medical equipment covering statutory registration, financial capacity, relevant experience and scope-specific capability.",28,19,9,EASY,True
TND-000047,Utility Civil Works — Package 6,National Systems Supply Division,General Administration,Civil Works,Open Tender,2025-05-02,2025-06-07,160158000.0,INR,Maharashtra,Nashik,"Eligibility for civil works covering statutory registration, financial capacity, relevant experience and scope-specific capability.",29,21,8,MEDIUM,True
TND-000048,Digital Platform Development — Package 7,Public Industrial Supply Division,Information Technology,Software Services,EOI-cum-RFP,2025-06-03,2025-07-01,216765000.0,INR,Odisha,Rourkela,"Eligibility for software services covering statutory registration, financial capacity, relevant experience and scope-specific capability.",23,14,9,HARD,True
TND-000049,Utility Infrastructure Works — Package 1,Central Infrastructure Supply Division,Electrical Engineering,Infrastructure,Open Tender,2026-06-29,2026-08-02,37765000.0,INR,West Bengal,Siliguri,"Eligibility for infrastructure covering statutory registration, financial capacity, relevant experience and scope-specific capability.",23,15,8,HARD,True
TND-000050,Network Security Platform — Package 2,Central Industrial Infrastructure Agency,Industrial Operations,Cybersecurity,Open Tender,2025-10-28,2025-12-26,234688000.0,INR,West Bengal,Siliguri,"Eligibility for cybersecurity covering statutory registration, financial capacity, relevant experience and scope-specific capability.",26,19,7,EASY,True
TND-000051,Facility Maintenance Services — Package 9,Unified Engineering Procurement Corporation,Information Technology,Maintenance Services,Limited Tender,2025-07-10,2025-08-13,215733000.0,INR,Maharashtra,Nashik,"Eligibility for maintenance services covering statutory registration, financial capacity, relevant experience and scope-specific capability.",24,17,7,HARD,True
TND-000053,Vehicle Hiring Services — Package 3,Federal Digital Infrastructure Agency,Transport & Logistics,Transportation,Open Tender,2026-09-03,2026-10-07,226048000.0,INR,Telangana,Nizamabad,"Eligibility for transportation covering statutory registration, financial capacity, relevant experience and scope-specific capability.",22,15,7,HARD,True
TND-000054,Energy Monitoring Equipment — Package 3,Advanced Systems Procurement Cell,General Administration,Electrical Equipment,EOI-cum-RFP,2026-04-18,2026-06-03,139199000.0,INR,West Bengal,Durgapur,"Eligibility for electrical equipment covering statutory registration, financial capacity, relevant experience and scope-specific capability.",22,14,8,EASY,True
TND-000055,Digital Platform Development — Package 5,Bharat Technology Infrastructure Agency,Transport & Logistics,Software Services,RFP,2025-04-25,2025-05-25,150472000.0,INR,Maharashtra,Nashik,"Eligibility for software services covering statutory registration, financial capacity, relevant experience and scope-specific capability.",23,15,8,EASY,True
TND-000057,Utility Civil Works — Package 1,Advanced Medical Supply Division,General Administration,Civil Works,Limited Tender,2025-11-14,2026-01-01,55853000.0,INR,West Bengal,Durgapur,"Eligibility for civil works covering statutory registration, financial capacity, relevant experience and scope-specific capability.",26,19,7,MEDIUM,True
TND-000060,Vehicle Hiring Services — Package 2,Unified Digital Supply Division,General Administration,Transportation,RFP,2025-12-24,2026-02-15,195688000.0,INR,Uttar Pradesh,Lucknow,"Eligibility for transportation covering statutory registration, financial capacity, relevant experience and scope-specific capability.",24,13,11,HARD,True
TND-000062,Data Centre Hardware Supply — Package 2,Public Industrial Infrastructure Agency,General Administration,IT Hardware,Open Tender,2026-05-23,2026-06-27,14013000.0,INR,Maharashtra,Nashik,"Eligibility for it hardware covering statutory registration, financial capacity, relevant experience and scope-specific capability.",22,16,6,MEDIUM,True
TND-000064,Workplace Equipment Supply — Package 5,Integrated Infrastructure Projects Corporation,Industrial Operations,Office Equipment,Open Tender,2025-10-19,2025-12-06,79252000.0,INR,Gujarat,Vadodara,"Eligibility for office equipment covering statutory registration, financial capacity, relevant experience and scope-specific capability.",27,19,8,HARD,True
TND-000065,Industrial Machinery Supply — Package 4,Advanced Systems Infrastructure Agency,Civil Works,Mechanical Equipment,RFP,2026-07-28,2026-09-05,232831000.0,INR,Telangana,Warangal,"Eligibility for mechanical equipment covering statutory registration, financial capacity, relevant experience and scope-specific capability.",24,16,8,MEDIUM,True
TND-000066,Technical Support Services — Package 5,Unified Infrastructure Systems Unit,General Administration,Maintenance Services,RFP,2025-03-29,2025-05-10,118470000.0,INR,Gujarat,Surat,"Eligibility for maintenance services covering statutory registration, financial capacity, relevant experience and scope-specific capability.",22,15,7,MEDIUM,True
TND-000067,Digital Platform Development — Package 5,Integrated Medical Infrastructure Agency,Civil Works,Software Services,RFP,2026-06-29,2026-08-27,213447000.0,INR,Telangana,Nizamabad,"Eligibility for software services covering statutory registration, financial capacity, relevant experience and scope-specific capability.",24,18,6,EASY,True
TND-000069,Application Maintenance Services — Package 8,Public Engineering Supply Division,Medical Procurement,Software Services,Limited Tender,2025-06-27,2025-08-06,110163000.0,INR,Haryana,Gurugram,"Eligibility for software services covering statutory registration, financial capacity, relevant experience and scope-specific capability.",26,16,10,MEDIUM,True
TND-000070,Enterprise Laptop Supply — Package 7,Public Medical Procurement Cell,Transport & Logistics,IT Hardware,Open Tender,2026-04-07,2026-06-02,244382000.0,INR,Uttar Pradesh,Noida,"Eligibility for it hardware covering statutory registration, financial capacity, relevant experience and scope-specific capability.",26,17,9,EASY,True
TND-000072,Specialised Parts Procurement — Package 8,Federal Digital Procurement Corporation,Cybersecurity,Manufacturing Supplies,EOI-cum-RFP,2026-06-05,2026-07-01,106509000.0,INR,Tamil Nadu,Chennai,"Eligibility for manufacturing supplies covering statutory registration, financial capacity, relevant experience and scope-specific capability.",27,19,8,EASY,True
TND-000075,Specialised Parts Procurement — Package 4,Strategic Systems Procurement Corporation,Cybersecurity,Manufacturing Supplies,EOI-cum-RFP,2025-02-27,2025-04-28,203077000.0,INR,Delhi,New Delhi,"Eligibility for manufacturing supplies covering statutory registration, financial capacity, relevant experience and scope-specific capability.",22,14,8,HARD,True
TND-000077,Energy Monitoring Equipment — Package 2,Integrated Public Works Systems Unit,Electrical Engineering,Electrical Equipment,RFP,2026-06-10,2026-07-31,100762000.0,INR,Uttar Pradesh,Lucknow,"Eligibility for electrical equipment covering statutory registration, financial capacity, relevant experience and scope-specific capability.",28,21,7,EASY,True
TND-000078,Plant Instrumentation — Package 2,Public Medical Supply Division,Medical Procurement,Industrial Equipment,Open Tender,2025-04-15,2025-05-11,74054000.0,INR,Tamil Nadu,Madurai,"Eligibility for industrial equipment covering statutory registration, financial capacity, relevant experience and scope-specific capability.",28,17,11,EASY,True
TND-000081,Power Conditioning Systems — Package 5,National Procurement Supply Division,Cybersecurity,Electrical Equipment,Open Tender,2025-05-28,2025-07-03,172417000.0,INR,West Bengal,Durgapur,"Eligibility for electrical equipment covering statutory registration, financial capacity, relevant experience and scope-specific capability.",27,15,12,EASY,True
TND-000082,Campus Networking Upgrade — Package 6,Public Medical Infrastructure Agency,Medical Procurement,Networking Equipment,Open Tender,2025-08-15,2025-10-07,77527000.0,INR,Haryana,Panipat,"Eligibility for networking equipment covering statutory registration, financial capacity, relevant experience and scope-specific capability.",22,12,10,MEDIUM,True
TND-000083,Road Improvement Package — Package 4,Integrated Services Supply Division,Cybersecurity,Civil Works,Open Tender,2026-05-16,2026-07-05,44860000.0,INR,Uttar Pradesh,Lucknow,"Eligibility for civil works covering statutory registration, financial capacity, relevant experience and scope-specific capability.",25,14,11,EASY,True
TND-000084,Road Improvement Package — Package 4,Advanced Services Procurement Corporation,General Administration,Civil Works,Open Tender,2025-02-10,2025-04-11,86427000.0,INR,Maharashtra,Nagpur,"Eligibility for civil works covering statutory registration, financial capacity, relevant experience and scope-specific capability.",25,14,11,HARD,True
TND-000086,Cybersecurity Monitoring Solution — Package 1,Integrated Industrial Supply Division,Medical Procurement,Cybersecurity,Open Tender,2025-01-06,2025-02-17,112475000.0,INR,West Bengal,Kolkata,"Eligibility for cybersecurity covering statutory registration, financial capacity, relevant experience and scope-specific capability.",24,15,9,EASY,True
TND-000088,Preventive Maintenance Contract — Package 9,Unified Engineering Services Directorate,Transport & Logistics,Maintenance Services,RFP,2026-09-10,2026-10-02,170244000.0,INR,Maharashtra,Pune,"Eligibility for maintenance services covering statutory registration, financial capacity, relevant experience and scope-specific capability.",22,16,6,MEDIUM,True
TND-000090,Material Handling Systems — Package 6,National Digital Procurement Cell,Transport & Logistics,Mechanical Equipment,Open Tender,2025-11-11,2025-12-03,226909000.0,INR,Maharashtra,Pune,"Eligibility for mechanical equipment covering statutory registration, financial capacity, relevant experience and scope-specific capability.",25,17,8,EASY,True
TND-000091,Workplace Equipment Supply — Package 3,Unified Technology Supply Division,Medical Procurement,Office Equipment,Open Tender,2025-06-12,2025-07-11,70299000.0,INR,Rajasthan,Udaipur,"Eligibility for office equipment covering statutory registration, financial capacity, relevant experience and scope-specific capability.",28,19,9,MEDIUM,True
TND-000093,Industrial Consumables Supply — Package 6,Bharat Digital Procurement Corporation,Cybersecurity,Manufacturing Supplies,RFP,2025-12-20,2026-01-23,113477000.0,INR,Uttar Pradesh,Agra,"Eligibility for manufacturing supplies covering statutory registration, financial capacity, relevant experience and scope-specific capability.",23,17,6,EASY,True
TND-000095,Workstation and Desktop Supply — Package 8,Advanced Medical Procurement Cell,General Administration,IT Hardware,Open Tender,2026-08-13,2026-09-13,156397000.0,INR,Punjab,Amritsar,"Eligibility for it hardware covering statutory registration, financial capacity, relevant experience and scope-specific capability.",22,14,8,HARD,True
TND-000097,Technology Advisory Services — Package 1,Federal Technology Systems Unit,Information Technology,Consulting Services,Limited Tender,2025-11-04,2025-12-27,79678000.0,INR,Rajasthan,Jodhpur,"Eligibility for consulting services covering statutory registration, financial capacity, relevant experience and scope-specific capability.",24,17,7,MEDIUM,True
TND-000098,Security Operations Contract — Package 7,Advanced Systems Supply Division,Information Technology,Security Services,Limited Tender,2026-08-24,2026-09-21,108058000.0,INR,Maharashtra,Nagpur,"Eligibility for security services covering statutory registration, financial capacity, relevant experience and scope-specific capability.",29,21,8,EASY,True
TND-000101,Wireless Infrastructure Supply — Package 3,National Engineering Services Directorate,Cybersecurity,Networking Equipment,Limited Tender,2025-02-03,2025-03-18,198297000.0,INR,Haryana,Hisar,"Eligibility for networking equipment covering statutory registration, financial capacity, relevant experience and scope-specific capability.",30,22,8,HARD,True
TND-000103,Vehicle Hiring Services — Package 8,Unified Procurement Systems Unit,Medical Procurement,Transportation,EOI-cum-RFP,2026-08-10,2026-09-04,162491000.0,INR,Tamil Nadu,Salem,"Eligibility for transportation covering statutory registration, financial capacity, relevant experience and scope-specific capability.",25,16,9,HARD,True
TND-000104,Workstation and Desktop Supply — Package 6,Unified Digital Operations Board,Transport & Logistics,IT Hardware,Open Tender,2026-04-07,2026-06-02,134139000.0,INR,Odisha,Rourkela,"Eligibility for it hardware covering statutory registration, financial capacity, relevant experience and scope-specific capability.",24,18,6,EASY,True
TND-000106,Specialised Parts Procurement — Package 6,Strategic Public Works Supply Division,Industrial Operations,Manufacturing Supplies,Limited Tender,2026-04-13,2026-06-06,214996000.0,INR,Rajasthan,Jaipur,"Eligibility for manufacturing supplies covering statutory registration, financial capacity, relevant experience and scope-specific capability.",29,20,9,MEDIUM,True
TND-000107,Digital Platform Development — Package 3,Advanced Procurement Operations Board,Civil Works,Software Services,RFP,2026-03-02,2026-04-23,133013000.0,INR,Karnataka,Bengaluru,"Eligibility for software services covering statutory registration, financial capacity, relevant experience and scope-specific capability.",26,19,7,MEDIUM,True
TND-000108,Document Management Equipment — Package 1,Strategic Services Procurement Cell,Civil Works,Office Equipment,Open Tender,2025-07-21,2025-08-17,127729000.0,INR,Punjab,Jalandhar,"Eligibility for office equipment covering statutory registration, financial capacity, relevant experience and scope-specific capability.",26,15,11,EASY,True
TND-000111,Facility Renovation Works — Package 1,Advanced Procurement Services Directorate,Medical Procurement,Civil Works,Limited Tender,2026-02-10,2026-04-09,184349000.0,INR,Punjab,Mohali,"Eligibility for civil works covering statutory registration, financial capacity, relevant experience and scope-specific capability.",27,16,11,EASY,True
TND-000113,Diagnostic Equipment Supply — Package 4,Bharat Industrial Procurement Corporation,Civil Works,Medical Equipment,Limited Tender,2025-01-11,2025-02-04,142954000.0,INR,Telangana,Hyderabad,"Eligibility for medical equipment covering statutory registration, financial capacity, relevant experience and scope-specific capability.",28,21,7,EASY,True
TND-000114,Application Maintenance Services — Package 7,Federal Public Works Projects Corporation,Industrial Operations,Software Services,EOI-cum-RFP,2026-03-30,2026-05-12,155565000.0,INR,Tamil Nadu,Chennai,"Eligibility for software services covering statutory registration, financial capacity, relevant experience and scope-specific capability.",30,19,11,MEDIUM,True
TND-000115,Facility Security Services — Package 3,Bharat Medical Procurement Cell,Electrical Engineering,Security Services,RFP,2025-07-22,2025-09-08,31778000.0,INR,Telangana,Warangal,"Eligibility for security services covering statutory registration, financial capacity, relevant experience and scope-specific capability.",25,17,8,EASY,True
TND-000116,Industrial Switchgear Supply — Package 3,Central Public Works Operations Board,Information Technology,Electrical Equipment,Open Tender,2026-03-07,2026-05-03,158957000.0,INR,Odisha,Bhubaneswar,"Eligibility for electrical equipment covering statutory registration, financial capacity, relevant experience and scope-specific capability.",26,17,9,MEDIUM,True
TND-000117,Process Equipment Supply — Package 1,Unified Public Works Services Directorate,Electrical Engineering,Industrial Equipment,EOI-cum-RFP,2026-03-27,2026-05-22,212605000.0,INR,Uttar Pradesh,Kanpur,"Eligibility for industrial equipment covering statutory registration, financial capacity, relevant experience and scope-specific capability.",23,16,7,HARD,True
TND-000118,Security Operations Support — Package 6,Federal Procurement Operations Board,Medical Procurement,Cybersecurity,Limited Tender,2025-12-03,2025-12-30,186595000.0,INR,Delhi,New Delhi,"Eligibility for cybersecurity covering statutory registration, financial capacity, relevant experience and scope-specific capability.",23,15,8,MEDIUM,True
TND-000119,Road Improvement Package — Package 4,Public Engineering Procurement Corporation,Electrical Engineering,Civil Works,Limited Tender,2025-10-10,2025-11-24,57488000.0,INR,Haryana,Faridabad,"Eligibility for civil works covering statutory registration, financial capacity, relevant experience and scope-specific capability.",27,17,10,EASY,True
TND-000121,Enterprise Application Implementation — Package 8,National Public Works Procurement Cell,Industrial Operations,Software Services,RFP,2025-09-20,2025-11-19,185323000.0,INR,Punjab,Amritsar,"Eligibility for software services covering statutory registration, financial capacity, relevant experience and scope-specific capability.",23,13,10,EASY,True
TND-000122,Preventive Maintenance Contract — Package 6,Central Medical Procurement Cell,General Administration,Maintenance Services,EOI-cum-RFP,2025-04-09,2025-05-04,198755000.0,INR,West Bengal,Durgapur,"Eligibility for maintenance services covering statutory registration, financial capacity, relevant experience and scope-specific capability.",23,15,8,HARD,True
TND-000124,Vulnerability Assessment Services — Package 1,Bharat Medical Projects Corporation,Medical Procurement,Cybersecurity,Open Tender,2026-05-16,2026-06-05,219636000.0,INR,Haryana,Panipat,"Eligibility for cybersecurity covering statutory registration, financial capacity, relevant experience and scope-specific capability.",26,16,10,MEDIUM,True
TND-000125,Project Management Consultancy — Package 6,Federal Public Works Supply Division,Electrical Engineering,Consulting Services,Open Tender,2025-09-07,2025-10-22,143188000.0,INR,West Bengal,Siliguri,"Eligibility for consulting services covering statutory registration, financial capacity, relevant experience and scope-specific capability.",25,18,7,EASY,True
TND-000126,Facility Renovation Works — Package 1,Central Infrastructure Services Directorate,Transport & Logistics,Civil Works,Open Tender,2026-02-11,2026-04-05,217631000.0,INR,Uttar Pradesh,Kanpur,"Eligibility for civil works covering statutory registration, financial capacity, relevant experience and scope-specific capability.",30,22,8,MEDIUM,True
TND-000127,Vulnerability Assessment Services — Package 9,Advanced Industrial Systems Unit,Information Technology,Cybersecurity,Limited Tender,2026-06-22,2026-07-17,91077000.0,INR,Rajasthan,Jodhpur,"Eligibility for cybersecurity covering statutory registration, financial capacity, relevant experience and scope-specific capability.",25,17,8,MEDIUM,True
TND-000129,Security Operations Contract — Package 1,Unified Industrial Services Directorate,Electrical Engineering,Security Services,Open Tender,2025-01-14,2025-02-12,117793000.0,INR,Delhi,New Delhi,"Eligibility for security services covering statutory registration, financial capacity, relevant experience and scope-specific capability.",24,15,9,HARD,True
TND-000130,Process Improvement Consultancy — Package 6,Bharat Engineering Services Directorate,Cybersecurity,Consulting Services,Limited Tender,2025-10-06,2025-11-02,155542000.0,INR,Tamil Nadu,Madurai,"Eligibility for consulting services covering statutory registration, financial capacity, relevant experience and scope-specific capability.",23,15,8,MEDIUM,True
TND-000133,Facility Infrastructure Upgrade — Package 8,Federal Infrastructure Infrastructure Agency,General Administration,Infrastructure,RFP,2025-04-06,2025-05-06,119439000.0,INR,Punjab,Mohali,"Eligibility for infrastructure covering statutory registration, financial capacity, relevant experience and scope-specific capability.",29,16,13,EASY,True
TND-000134,Enterprise Application Implementation — Package 1,Federal Infrastructure Systems Unit,Civil Works,Software Services,Open Tender,2025-05-18,2025-07-17,83542000.0,INR,Haryana,Gurugram,"Eligibility for software services covering statutory registration, financial capacity, relevant experience and scope-specific capability.",29,20,9,MEDIUM,True
TND-000135,Laboratory Equipment Supply — Package 8,Strategic Procurement Operations Board,Civil Works,Medical Equipment,Limited Tender,2025-10-06,2025-10-26,227508000.0,INR,Telangana,Warangal,"Eligibility for medical equipment covering statutory registration, financial capacity, relevant experience and scope-specific capability.",25,14,11,MEDIUM,True
TND-000136,Facility Security Services — Package 8,Federal Services Services Directorate,Medical Procurement,Security Services,Open Tender,2026-04-28,2026-05-30,62835000.0,INR,West Bengal,Kolkata,"Eligibility for security services covering statutory registration, financial capacity, relevant experience and scope-specific capability.",22,13,9,MEDIUM,True
TND-000137,Integrated Security Services — Package 7,Bharat Digital Services Directorate,General Administration,Security Services,Limited Tender,2025-06-04,2025-06-26,236203000.0,INR,Delhi,New Delhi,"Eligibility for security services covering statutory registration, financial capacity, relevant experience and scope-specific capability.",28,17,11,EASY,True
TND-000138,Industrial Control Systems — Package 1,Central Infrastructure Procurement Cell,Electrical Engineering,Industrial Equipment,RFP,2026-08-06,2026-10-03,237796000.0,INR,Delhi,New Delhi,"Eligibility for industrial equipment covering statutory registration, financial capacity, relevant experience and scope-specific capability.",22,15,7,MEDIUM,True
TND-000139,Meeting Room Equipment — Package 8,Integrated Systems Infrastructure Agency,Cybersecurity,Office Equipment,Limited Tender,2025-11-29,2025-12-25,113727000.0,INR,Delhi,New Delhi,"Eligibility for office equipment covering statutory registration, financial capacity, relevant experience and scope-specific capability.",22,16,6,EASY,True
TND-000140,Integrated Security Services — Package 7,Integrated Industrial Projects Corporation,Electrical Engineering,Security Services,RFP,2026-01-02,2026-01-28,225897000.0,INR,Maharashtra,Pune,"Eligibility for security services covering statutory registration, financial capacity, relevant experience and scope-specific capability.",28,19,9,HARD,True
TND-000143,Logistics Support Services — Package 7,Public Medical Systems Unit,Medical Procurement,Transportation,RFP,2025-03-12,2025-05-05,212263000.0,INR,Telangana,Hyderabad,"Eligibility for transportation covering statutory registration, financial capacity, relevant experience and scope-specific capability.",27,17,10,EASY,True
TND-000144,Data Centre Hardware Supply — Package 5,National Public Works Procurement Cell,Electrical Engineering,IT Hardware,RFP,2025-11-07,2025-12-22,238519000.0,INR,Karnataka,Mangaluru,"Eligibility for it hardware covering statutory registration, financial capacity, relevant experience and scope-specific capability.",30,20,10,MEDIUM,True
TND-000145,Technology Advisory Services — Package 4,National Public Works Services Directorate,Civil Works,Consulting Services,Open Tender,2026-09-13,2026-10-17,19858000.0,INR,Karnataka,Bengaluru,"Eligibility for consulting services covering statutory registration, financial capacity, relevant experience and scope-specific capability.",30,22,8,EASY,True
TND-000146,Workplace Equipment Supply — Package 9,Integrated Public Works Procurement Cell,Medical Procurement,Office Equipment,Open Tender,2026-05-19,2026-06-22,10640000.0,INR,Odisha,Bhubaneswar,"Eligibility for office equipment covering statutory registration, financial capacity, relevant experience and scope-specific capability.",26,19,7,EASY,True
TND-000147,Data Centre Hardware Supply — Package 1,Bharat Systems Systems Unit,Medical Procurement,IT Hardware,EOI-cum-RFP,2025-08-09,2025-09-30,124917000.0,INR,Maharashtra,Pune,"Eligibility for it hardware covering statutory registration, financial capacity, relevant experience and scope-specific capability.",27,20,7,MEDIUM,True
TND-000148,Technical Support Services — Package 6,Public Technology Systems Unit,Transport & Logistics,Maintenance Services,RFP,2026-07-31,2026-08-21,240504000.0,INR,West Bengal,Siliguri,"Eligibility for maintenance services covering statutory registration, financial capacity, relevant experience and scope-specific capability.",26,15,11,EASY,True
TND-000149,Technical Support Services — Package 4,Central Infrastructure Procurement Corporation,General Administration,Maintenance Services,RFP,2025-05-05,2025-06-07,33613000.0,INR,Karnataka,Mysuru,"Eligibility for maintenance services covering statutory registration, financial capacity, relevant experience and scope-specific capability.",29,21,8,EASY,True
TND-000150,Precision Components Supply — Package 2,National Infrastructure Infrastructure Agency,Civil Works,Manufacturing Supplies,RFP,2025-11-14,2025-12-05,89250000.0,INR,Uttar Pradesh,Agra,"Eligibility for manufacturing supplies covering statutory registration, financial capacity, relevant experience and scope-specific capability.",28,18,10,EASY,True
TND-000151,Data Centre Hardware Supply — Package 7,Advanced Medical Procurement Corporation,Industrial Operations,IT Hardware,Open Tender,2026-04-03,2026-05-31,106470000.0,INR,Tamil Nadu,Madurai,"Eligibility for it hardware covering statutory registration, financial capacity, relevant experience and scope-specific capability.",22,15,7,EASY,True
TND-000152,Security Operations Support — Package 3,Unified Medical Systems Unit,Electrical Engineering,Cybersecurity,RFP,2026-06-16,2026-08-10,243002000.0,INR,Telangana,Warangal,"Eligibility for cybersecurity covering statutory registration, financial capacity, relevant experience and scope-specific capability.",25,18,7,EASY,True
TND-000153,Electronic Security Support — Package 4,Central Technology Procurement Cell,Civil Works,Security Services,RFP,2025-08-13,2025-10-06,110255000.0,INR,Karnataka,Mysuru,"Eligibility for security services covering statutory registration, financial capacity, relevant experience and scope-specific capability.",28,16,12,EASY,True
TND-000156,Annual Equipment Maintenance — Package 8,Public Medical Infrastructure Agency,Industrial Operations,Maintenance Services,Limited Tender,2026-04-21,2026-06-09,122718000.0,INR,Delhi,New Delhi,"Eligibility for maintenance services covering statutory registration, financial capacity, relevant experience and scope-specific capability.",29,18,11,HARD,True
TND-000157,Material Handling Systems — Package 1,Public Technology Procurement Cell,Medical Procurement,Mechanical Equipment,RFP,2026-06-29,2026-07-27,218645000.0,INR,Uttar Pradesh,Lucknow,"Eligibility for mechanical equipment covering statutory registration, financial capacity, relevant experience and scope-specific capability.",28,16,12,EASY,True
TND-000160,Campus Networking Upgrade — Package 5,National Systems Procurement Corporation,Medical Procurement,Networking Equipment,EOI-cum-RFP,2026-02-08,2026-02-28,104676000.0,INR,Rajasthan,Udaipur,"Eligibility for networking equipment covering statutory registration, financial capacity, relevant experience and scope-specific capability.",27,16,11,MEDIUM,True
TND-000164,Plant Instrumentation — Package 1,Advanced Services Projects Corporation,Medical Procurement,Industrial Equipment,EOI-cum-RFP,2026-01-22,2026-02-15,223151000.0,INR,Telangana,Hyderabad,"Eligibility for industrial equipment covering statutory registration, financial capacity, relevant experience and scope-specific capability.",28,16,12,EASY,True
TND-000165,Utility Civil Works — Package 7,Strategic Public Works Supply Division,Information Technology,Civil Works,Open Tender,2025-03-14,2025-04-06,64771000.0,INR,Haryana,Gurugram,"Eligibility for civil works covering statutory registration, financial capacity, relevant experience and scope-specific capability.",30,19,11,EASY,True
TND-000166,Fleet Transportation Services — Package 6,Bharat Systems Infrastructure Agency,Information Technology,Transportation,RFP,2026-01-17,2026-03-01,184264000.0,INR,Punjab,Amritsar,"Eligibility for transportation covering statutory registration, financial capacity, relevant experience and scope-specific capability.",22,16,6,EASY,True
TND-000168,Material Transportation Contract — Package 1,Strategic Systems Services Directorate,Civil Works,Transportation,Limited Tender,2025-02-09,2025-03-29,103913000.0,INR,Punjab,Mohali,"Eligibility for transportation covering statutory registration, financial capacity, relevant experience and scope-specific capability.",29,20,9,HARD,True
TND-000169,Workshop Equipment Supply — Package 9,Unified Procurement Operations Board,Transport & Logistics,Mechanical Equipment,EOI-cum-RFP,2026-02-13,2026-03-06,168433000.0,INR,Haryana,Gurugram,"Eligibility for mechanical equipment covering statutory registration, financial capacity, relevant experience and scope-specific capability.",26,19,7,MEDIUM,True
TND-000170,Annual Equipment Maintenance — Package 3,Integrated Digital Systems Unit,Cybersecurity,Maintenance Services,Open Tender,2025-06-22,2025-07-13,121315000.0,INR,Odisha,Bhubaneswar,"Eligibility for maintenance services covering statutory registration, financial capacity, relevant experience and scope-specific capability.",26,16,10,EASY,True
TND-000171,Security Operations Support — Package 8,Public Infrastructure Systems Unit,Industrial Operations,Cybersecurity,EOI-cum-RFP,2025-02-13,2025-04-02,50020000.0,INR,Telangana,Hyderabad,"Eligibility for cybersecurity covering statutory registration, financial capacity, relevant experience and scope-specific capability.",26,15,11,MEDIUM,True
TND-000173,Wireless Infrastructure Supply — Package 1,Advanced Medical Systems Unit,Cybersecurity,Networking Equipment,RFP,2025-10-16,2025-11-28,249678000.0,INR,Rajasthan,Udaipur,"Eligibility for networking equipment covering statutory registration, financial capacity, relevant experience and scope-specific capability.",29,19,10,EASY,True
TND-000175,Logistics Support Services — Package 6,Advanced Digital Infrastructure Agency,Transport & Logistics,Transportation,Open Tender,2025-05-27,2025-07-04,209304000.0,INR,Karnataka,Mysuru,"Eligibility for transportation covering statutory registration, financial capacity, relevant experience and scope-specific capability.",22,16,6,MEDIUM,True
TND-000176,Meeting Room Equipment — Package 3,Advanced Public Works Procurement Cell,Cybersecurity,Office Equipment,EOI-cum-RFP,2025-05-29,2025-07-27,98689000.0,INR,West Bengal,Durgapur,"Eligibility for office equipment covering statutory registration, financial capacity, relevant experience and scope-specific capability.",24,18,6,EASY,True
TND-000177,Enterprise Application Implementation — Package 7,Bharat Engineering Services Directorate,Electrical Engineering,Software Services,Limited Tender,2026-07-18,2026-09-07,35551000.0,INR,Punjab,Amritsar,"Eligibility for software services covering statutory registration, financial capacity, relevant experience and scope-specific capability.",25,18,7,EASY,True
TND-000179,Utility Civil Works — Package 8,Strategic Systems Infrastructure Agency,Cybersecurity,Civil Works,Limited Tender,2025-02-01,2025-03-07,217713000.0,INR,West Bengal,Kolkata,"Eligibility for civil works covering statutory registration, financial capacity, relevant experience and scope-specific capability.",29,18,11,MEDIUM,True
TND-000181,Process Improvement Consultancy — Package 1,Federal Systems Procurement Corporation,General Administration,Consulting Services,RFP,2026-07-19,2026-08-23,215213000.0,INR,West Bengal,Siliguri,"Eligibility for consulting services covering statutory registration, financial capacity, relevant experience and scope-specific capability.",25,17,8,EASY,True
TND-000183,Core Network Equipment — Package 9,Public Industrial Procurement Corporation,Medical Procurement,Networking Equipment,Open Tender,2025-08-23,2025-10-21,44472000.0,INR,Delhi,New Delhi,"Eligibility for networking equipment covering statutory registration, financial capacity, relevant experience and scope-specific capability.",26,19,7,HARD,True
TND-000184,Utility Civil Works — Package 7,Integrated Public Works Supply Division,Industrial Operations,Civil Works,RFP,2025-07-26,2025-09-08,247732000.0,INR,Uttar Pradesh,Lucknow,"Eligibility for civil works covering statutory registration, financial capacity, relevant experience and scope-specific capability.",29,16,13,EASY,True
TND-000185,Security Operations Contract — Package 8,Public Engineering Services Directorate,Electrical Engineering,Security Services,Limited Tender,2026-03-25,2026-04-27,12742000.0,INR,Gujarat,Ahmedabad,"Eligibility for security services covering statutory registration, financial capacity, relevant experience and scope-specific capability.",30,21,9,HARD,True
TND-000187,Fleet Transportation Services — Package 6,Central Engineering Projects Corporation,Electrical Engineering,Transportation,Limited Tender,2025-02-02,2025-03-17,247956000.0,INR,Rajasthan,Jaipur,"Eligibility for transportation covering statutory registration, financial capacity, relevant experience and scope-specific capability.",24,15,9,HARD,True
TND-000188,Enterprise Laptop Supply — Package 7,Public Infrastructure Procurement Corporation,Cybersecurity,IT Hardware,EOI-cum-RFP,2025-11-25,2025-12-28,28690000.0,INR,Rajasthan,Udaipur,"Eligibility for it hardware covering statutory registration, financial capacity, relevant experience and scope-specific capability.",28,20,8,HARD,True
TND-000190,Integrated Security Services — Package 7,Integrated Systems Systems Unit,Cybersecurity,Security Services,Limited Tender,2025-03-19,2025-05-11,177830000.0,INR,Haryana,Gurugram,"Eligibility for security services covering statutory registration, financial capacity, relevant experience and scope-specific capability.",27,20,7,MEDIUM,True
TND-000194,Material Transportation Contract — Package 1,Unified Services Procurement Corporation,Cybersecurity,Transportation,RFP,2025-02-23,2025-04-08,87991000.0,INR,Delhi,New Delhi,"Eligibility for transportation covering statutory registration, financial capacity, relevant experience and scope-specific capability.",27,18,9,EASY,True
TND-000195,Meeting Room Equipment — Package 8,Central Procurement Systems Unit,Industrial Operations,Office Equipment,EOI-cum-RFP,2026-02-12,2026-03-27,53831000.0,INR,Haryana,Faridabad,"Eligibility for office equipment covering statutory registration, financial capacity, relevant experience and scope-specific capability.",28,19,9,MEDIUM,True
TND-000196,Clinical Equipment Upgrade — Package 8,Federal Industrial Procurement Corporation,Medical Procurement,Medical Equipment,Open Tender,2026-06-03,2026-07-06,177069000.0,INR,Karnataka,Mangaluru,"Eligibility for medical equipment covering statutory registration, financial capacity, relevant experience and scope-specific capability.",22,12,10,MEDIUM,True
TND-000199,Logistics Support Services — Package 8,Public Industrial Infrastructure Agency,Transport & Logistics,Transportation,RFP,2025-06-20,2025-07-28,103676000.0,INR,Gujarat,Vadodara,"Eligibility for transportation covering statutory registration, financial capacity, relevant experience and scope-specific capability.",26,15,11,MEDIUM,True
TND-000200,Fleet Transportation Services — Package 3,Unified Procurement Systems Unit,General Administration,Transportation,Limited Tender,2026-06-17,2026-07-09,139281000.0,INR,Uttar Pradesh,Kanpur,"Eligibility for transportation covering statutory registration, financial capacity, relevant experience and scope-specific capability.",28,19,9,MEDIUM,True
TND-000201,Project Management Consultancy — Package 2,Central Public Works Procurement Cell,Information Technology,Consulting Services,EOI-cum-RFP,2026-02-21,2026-03-21,86458000.0,INR,Haryana,Panipat,"Eligibility for consulting services covering statutory registration, financial capacity, relevant experience and scope-specific capability.",27,15,12,MEDIUM,True
TND-000202,Technical Support Services — Package 1,Central Public Works Infrastructure Agency,Electrical Engineering,Maintenance Services,Limited Tender,2026-08-21,2026-10-20,236327000.0,INR,Tamil Nadu,Madurai,"Eligibility for maintenance services covering statutory registration, financial capacity, relevant experience and scope-specific capability.",28,20,8,HARD,True
TND-000203,Logistics Support Services — Package 1,National Procurement Procurement Corporation,Information Technology,Transportation,EOI-cum-RFP,2025-08-25,2025-10-14,64849000.0,INR,Odisha,Bhubaneswar,"Eligibility for transportation covering statutory registration, financial capacity, relevant experience and scope-specific capability.",23,13,10,HARD,True
TND-000206,Fabricated Components Supply — Package 4,Bharat Public Works Systems Unit,Transport & Logistics,Manufacturing Supplies,Open Tender,2025-06-26,2025-08-21,223848000.0,INR,Punjab,Ludhiana,"Eligibility for manufacturing supplies covering statutory registration, financial capacity, relevant experience and scope-specific capability.",25,18,7,HARD,True
TND-000208,Material Transportation Contract — Package 8,Unified Medical Systems Unit,Electrical Engineering,Transportation,Open Tender,2026-07-13,2026-08-29,208290000.0,INR,Tamil Nadu,Chennai,"Eligibility for transportation covering statutory registration, financial capacity, relevant experience and scope-specific capability.",29,18,11,MEDIUM,True
TND-000209,Power Conditioning Systems — Package 9,Central Digital Procurement Cell,Industrial Operations,Electrical Equipment,EOI-cum-RFP,2025-08-06,2025-08-30,70261000.0,INR,Haryana,Faridabad,"Eligibility for electrical equipment covering statutory registration, financial capacity, relevant experience and scope-specific capability.",25,14,11,EASY,True
TND-000210,Industrial Machinery Supply — Package 9,Strategic Digital Infrastructure Agency,Information Technology,Mechanical Equipment,RFP,2025-04-10,2025-05-04,102458000.0,INR,Haryana,Gurugram,"Eligibility for mechanical equipment covering statutory registration, financial capacity, relevant experience and scope-specific capability.",24,16,8,MEDIUM,True
TND-000212,Security Operations Contract — Package 3,Bharat Procurement Procurement Corporation,Medical Procurement,Security Services,RFP,2025-01-20,2025-02-10,149803000.0,INR,Haryana,Panipat,"Eligibility for security services covering statutory registration, financial capacity, relevant experience and scope-specific capability.",27,19,8,MEDIUM,True
TND-000213,Material Transportation Contract — Package 3,Public Infrastructure Procurement Corporation,Civil Works,Transportation,Open Tender,2026-08-24,2026-09-13,162496000.0,INR,Maharashtra,Pune,"Eligibility for transportation covering statutory registration, financial capacity, relevant experience and scope-specific capability.",23,17,6,EASY,True
TND-000215,Integrated Security Services — Package 5,Public Services Operations Board,Cybersecurity,Security Services,EOI-cum-RFP,2025-05-09,2025-06-17,3124000.0,INR,Tamil Nadu,Salem,"Eligibility for security services covering statutory registration, financial capacity, relevant experience and scope-specific capability.",29,19,10,HARD,True
TND-000216,Workstation and Desktop Supply — Package 5,Unified Digital Procurement Cell,Civil Works,IT Hardware,Open Tender,2026-05-20,2026-07-06,163562000.0,INR,Uttar Pradesh,Kanpur,"Eligibility for it hardware covering statutory registration, financial capacity, relevant experience and scope-specific capability.",22,15,7,MEDIUM,True
TND-000217,Electronic Security Support — Package 2,Bharat Services Supply Division,Electrical Engineering,Security Services,EOI-cum-RFP,2025-04-10,2025-04-30,178431000.0,INR,Telangana,Nizamabad,"Eligibility for security services covering statutory registration, financial capacity, relevant experience and scope-specific capability.",29,19,10,EASY,True
TND-000219,Implementation Advisory Services — Package 7,National Digital Systems Unit,Cybersecurity,Consulting Services,Open Tender,2025-06-02,2025-07-15,86465000.0,INR,Maharashtra,Nashik,"Eligibility for consulting services covering statutory registration, financial capacity, relevant experience and scope-specific capability.",29,17,12,MEDIUM,True
TND-000220,Technology Advisory Services — Package 2,Unified Infrastructure Infrastructure Agency,Cybersecurity,Consulting Services,Limited Tender,2025-01-24,2025-03-22,108985000.0,INR,Telangana,Warangal,"Eligibility for consulting services covering statutory registration, financial capacity, relevant experience and scope-specific capability.",28,19,9,EASY,True
TND-000222,Facility Security Services — Package 2,Integrated Industrial Procurement Corporation,General Administration,Security Services,RFP,2025-03-27,2025-04-18,185515000.0,INR,Odisha,Cuttack,"Eligibility for security services covering statutory registration, financial capacity, relevant experience and scope-specific capability.",27,18,9,HARD,True
TND-000223,Precision Components Supply — Package 6,Unified Medical Procurement Corporation,Information Technology,Manufacturing Supplies,Open Tender,2025-07-02,2025-08-19,105489000.0,INR,Maharashtra,Nagpur,"Eligibility for manufacturing supplies covering statutory registration, financial capacity, relevant experience and scope-specific capability.",27,15,12,EASY,True
TND-000224,Project Management Consultancy — Package 1,Strategic Public Works Infrastructure Agency,Information Technology,Consulting Services,Limited Tender,2026-04-30,2026-06-18,158404000.0,INR,Gujarat,Surat,"Eligibility for consulting services covering statutory registration, financial capacity, relevant experience and scope-specific capability.",29,21,8,EASY,True
TND-000225,Wireless Infrastructure Supply — Package 6,Bharat Infrastructure Projects Corporation,Electrical Engineering,Networking Equipment,Open Tender,2026-06-28,2026-08-07,92867000.0,INR,Maharashtra,Aurangabad,"Eligibility for networking equipment covering statutory registration, financial capacity, relevant experience and scope-specific capability.",26,15,11,MEDIUM,True
TND-000226,Facility Infrastructure Upgrade — Package 8,National Services Infrastructure Agency,Transport & Logistics,Infrastructure,Open Tender,2026-01-21,2026-02-28,179353000.0,INR,Odisha,Cuttack,"Eligibility for infrastructure covering statutory registration, financial capacity, relevant experience and scope-specific capability.",23,17,6,MEDIUM,True
TND-000227,Preventive Maintenance Contract — Package 9,Federal Public Works Systems Unit,Information Technology,Maintenance Services,RFP,2025-11-07,2026-01-02,183618000.0,INR,Karnataka,Mysuru,"Eligibility for maintenance services covering statutory registration, financial capacity, relevant experience and scope-specific capability.",25,16,9,EASY,True
TND-000228,Material Transportation Contract — Package 1,Strategic Public Works Procurement Corporation,Civil Works,Transportation,RFP,2025-09-17,2025-10-28,194850000.0,INR,Punjab,Mohali,"Eligibility for transportation covering statutory registration, financial capacity, relevant experience and scope-specific capability.",23,14,9,EASY,True
TND-000229,Industrial Consumables Supply — Package 1,Strategic Infrastructure Services Directorate,Transport & Logistics,Manufacturing Supplies,EOI-cum-RFP,2026-02-12,2026-04-11,234959000.0,INR,Gujarat,Ahmedabad,"Eligibility for manufacturing supplies covering statutory registration, financial capacity, relevant experience and scope-specific capability.",25,17,8,EASY,True
TND-000230,Power Conditioning Systems — Package 4,Bharat Engineering Systems Unit,Civil Works,Electrical Equipment,RFP,2025-02-15,2025-04-13,238686000.0,INR,Rajasthan,Jaipur,"Eligibility for electrical equipment covering statutory registration, financial capacity, relevant experience and scope-specific capability.",22,16,6,MEDIUM,True
TND-000231,Project Management Consultancy — Package 3,Federal Digital Supply Division,Electrical Engineering,Consulting Services,Open Tender,2025-10-05,2025-11-04,60450000.0,INR,Haryana,Faridabad,"Eligibility for consulting services covering statutory registration, financial capacity, relevant experience and scope-specific capability.",28,17,11,MEDIUM,True
TND-000232,Digital Platform Development — Package 2,National Systems Procurement Corporation,Information Technology,Software Services,EOI-cum-RFP,2025-06-11,2025-07-05,28599000.0,INR,Odisha,Rourkela,"Eligibility for software services covering statutory registration, financial capacity, relevant experience and scope-specific capability.",24,14,10,MEDIUM,True
TND-000233,Power Conditioning Systems — Package 2,Central Systems Infrastructure Agency,General Administration,Electrical Equipment,EOI-cum-RFP,2025-09-10,2025-10-15,231281000.0,INR,Gujarat,Vadodara,"Eligibility for electrical equipment covering statutory registration, financial capacity, relevant experience and scope-specific capability.",22,14,8,MEDIUM,True
TND-000234,Wireless Infrastructure Supply — Package 1,Advanced Public Works Supply Division,Transport & Logistics,Networking Equipment,Open Tender,2025-07-28,2025-08-24,159697000.0,INR,Haryana,Gurugram,"Eligibility for networking equipment covering statutory registration, financial capacity, relevant experience and scope-specific capability.",22,12,10,EASY,True
TND-000235,Facility Security Services — Package 4,Public Services Services Directorate,Electrical Engineering,Security Services,Open Tender,2026-06-17,2026-07-09,27817000.0,INR,Uttar Pradesh,Kanpur,"Eligibility for security services covering statutory registration, financial capacity, relevant experience and scope-specific capability.",23,17,6,MEDIUM,True
TND-000236,Workplace Equipment Supply — Package 1,Advanced Systems Infrastructure Agency,Medical Procurement,Office Equipment,Open Tender,2026-08-12,2026-09-11,24345000.0,INR,Haryana,Gurugram,"Eligibility for office equipment covering statutory registration, financial capacity, relevant experience and scope-specific capability.",24,13,11,MEDIUM,True
TND-000237,Power Conditioning Systems — Package 2,National Public Works Infrastructure Agency,Transport & Logistics,Electrical Equipment,RFP,2025-08-16,2025-10-15,76876000.0,INR,Rajasthan,Udaipur,"Eligibility for electrical equipment covering statutory registration, financial capacity, relevant experience and scope-specific capability.",30,20,10,MEDIUM,True
TND-000238,Industrial Switchgear Supply — Package 2,Advanced Public Works Operations Board,Transport & Logistics,Electrical Equipment,EOI-cum-RFP,2026-06-16,2026-07-09,202372000.0,INR,Punjab,Mohali,"Eligibility for electrical equipment covering statutory registration, financial capacity, relevant experience and scope-specific capability.",26,15,11,EASY,True
TND-000239,Fabricated Components Supply — Package 7,Federal Engineering Infrastructure Agency,Transport & Logistics,Manufacturing Supplies,Limited Tender,2025-12-08,2026-02-05,25061000.0,INR,Punjab,Mohali,"Eligibility for manufacturing supplies covering statutory registration, financial capacity, relevant experience and scope-specific capability.",23,17,6,EASY,True
TND-000240,Precision Components Supply — Package 6,Central Digital Services Directorate,Cybersecurity,Manufacturing Supplies,Limited Tender,2026-01-29,2026-03-06,40162000.0,INR,Haryana,Panipat,"Eligibility for manufacturing supplies covering statutory registration, financial capacity, relevant experience and scope-specific capability.",27,15,12,EASY,True
TND-000241,Electronic Security Support — Package 1,Public Systems Systems Unit,Medical Procurement,Security Services,EOI-cum-RFP,2025-12-12,2026-01-05,56372000.0,INR,Punjab,Ludhiana,"Eligibility for security services covering statutory registration, financial capacity, relevant experience and scope-specific capability.",25,15,10,MEDIUM,True
TND-000242,Secure Routing Equipment — Package 4,Federal Digital Operations Board,Transport & Logistics,Networking Equipment,RFP,2025-04-27,2025-06-20,210537000.0,INR,Delhi,New Delhi,"Eligibility for networking equipment covering statutory registration, financial capacity, relevant experience and scope-specific capability.",28,18,10,MEDIUM,True
TND-000244,Electrical Distribution Equipment — Package 3,Advanced Public Works Systems Unit,Medical Procurement,Electrical Equipment,Limited Tender,2026-08-18,2026-10-16,130747000.0,INR,West Bengal,Kolkata,"Eligibility for electrical equipment covering statutory registration, financial capacity, relevant experience and scope-specific capability.",26,19,7,MEDIUM,True
TND-000247,Secure Routing Equipment — Package 1,Advanced Procurement Procurement Corporation,Civil Works,Networking Equipment,Limited Tender,2026-05-04,2026-06-09,136625000.0,INR,Telangana,Warangal,"Eligibility for networking equipment covering statutory registration, financial capacity, relevant experience and scope-specific capability.",27,15,12,HARD,True
TND-000249,Meeting Room Equipment — Package 6,Bharat Systems Procurement Corporation,Cybersecurity,Office Equipment,Open Tender,2026-05-28,2026-07-20,182211000.0,INR,Odisha,Rourkela,"Eligibility for office equipment covering statutory registration, financial capacity, relevant experience and scope-specific capability.",23,13,10,HARD,True
TND-000250,Electrical Distribution Equipment — Package 2,Unified Technology Projects Corporation,Cybersecurity,Electrical Equipment,Open Tender,2025-06-18,2025-08-02,43702000.0,INR,Telangana,Warangal,"Eligibility for electrical equipment covering statutory registration, financial capacity, relevant experience and scope-specific capability.",28,16,12,EASY,True
TND-000251,Software Modernisation Services — Package 6,Advanced Services Supply Division,Civil Works,Software Services,RFP,2025-03-18,2025-05-08,8850000.0,INR,Uttar Pradesh,Kanpur,"Eligibility for software services covering statutory registration, financial capacity, relevant experience and scope-specific capability.",28,20,8,MEDIUM,True
TND-000252,Office Automation Equipment — Package 8,Strategic Systems Operations Board,Civil Works,Office Equipment,EOI-cum-RFP,2026-08-22,2026-09-28,79586000.0,INR,Odisha,Bhubaneswar,"Eligibility for office equipment covering statutory registration, financial capacity, relevant experience and scope-specific capability.",29,19,10,HARD,True
TND-000254,Cybersecurity Monitoring Solution — Package 9,National Industrial Procurement Cell,Industrial Operations,Cybersecurity,RFP,2025-08-05,2025-09-04,32231000.0,INR,Odisha,Bhubaneswar,"Eligibility for cybersecurity covering statutory registration, financial capacity, relevant experience and scope-specific capability.",29,16,13,HARD,True
TND-000256,Project Management Consultancy — Package 7,Unified Services Projects Corporation,General Administration,Consulting Services,Open Tender,2026-04-23,2026-06-19,12112000.0,INR,Tamil Nadu,Chennai,"Eligibility for consulting services covering statutory registration, financial capacity, relevant experience and scope-specific capability.",27,19,8,HARD,True
TND-000258,Preventive Maintenance Contract — Package 6,Advanced Industrial Infrastructure Agency,Information Technology,Maintenance Services,EOI-cum-RFP,2025-03-03,2025-04-01,228346000.0,INR,Maharashtra,Pune,"Eligibility for maintenance services covering statutory registration, financial capacity, relevant experience and scope-specific capability.",22,15,7,EASY,True
TND-000259,Security Operations Contract — Package 2,Central Digital Projects Corporation,Cybersecurity,Security Services,RFP,2026-05-08,2026-06-14,179569000.0,INR,Karnataka,Bengaluru,"Eligibility for security services covering statutory registration, financial capacity, relevant experience and scope-specific capability.",25,16,9,EASY,True
TND-000260,Production Equipment Upgrade — Package 1,Advanced Infrastructure Services Directorate,General Administration,Industrial Equipment,EOI-cum-RFP,2026-01-13,2026-03-01,173294000.0,INR,Delhi,New Delhi,"Eligibility for industrial equipment covering statutory registration, financial capacity, relevant experience and scope-specific capability.",25,14,11,EASY,True
TND-000261,Logistics Support Services — Package 3,Bharat Procurement Services Directorate,Transport & Logistics,Transportation,EOI-cum-RFP,2025-08-03,2025-09-28,144001000.0,INR,Karnataka,Mysuru,"Eligibility for transportation covering statutory registration, financial capacity, relevant experience and scope-specific capability.",30,21,9,EASY,True
TND-000262,Implementation Advisory Services — Package 3,Public Digital Systems Unit,General Administration,Consulting Services,Open Tender,2025-05-20,2025-07-07,144318000.0,INR,Karnataka,Mangaluru,"Eligibility for consulting services covering statutory registration, financial capacity, relevant experience and scope-specific capability.",29,21,8,MEDIUM,True
TND-000263,Meeting Room Equipment — Package 7,Bharat Systems Projects Corporation,Industrial Operations,Office Equipment,EOI-cum-RFP,2025-06-19,2025-08-16,185496000.0,INR,Delhi,New Delhi,"Eligibility for office equipment covering statutory registration, financial capacity, relevant experience and scope-specific capability.",25,14,11,MEDIUM,True
TND-000265,Security Operations Contract — Package 4,Advanced Technology Procurement Cell,Transport & Logistics,Security Services,RFP,2025-05-06,2025-06-16,57087000.0,INR,Haryana,Faridabad,"Eligibility for security services covering statutory registration, financial capacity, relevant experience and scope-specific capability.",30,22,8,EASY,True
TND-000266,Enterprise Laptop Supply — Package 4,Integrated Engineering Projects Corporation,Industrial Operations,IT Hardware,Limited Tender,2026-02-12,2026-03-16,21299000.0,INR,Rajasthan,Jaipur,"Eligibility for it hardware covering statutory registration, financial capacity, relevant experience and scope-specific capability.",29,16,13,EASY,True
TND-000267,Energy Monitoring Equipment — Package 5,Central Infrastructure Projects Corporation,Information Technology,Electrical Equipment,Limited Tender,2026-01-07,2026-01-27,190592000.0,INR,Haryana,Hisar,"Eligibility for electrical equipment covering statutory registration, financial capacity, relevant experience and scope-specific capability.",30,20,10,MEDIUM,True
TND-000268,Diagnostic Equipment Supply — Package 5,Integrated Digital Supply Division,General Administration,Medical Equipment,EOI-cum-RFP,2025-03-20,2025-05-10,79250000.0,INR,Telangana,Warangal,"Eligibility for medical equipment covering statutory registration, financial capacity, relevant experience and scope-specific capability.",28,17,11,MEDIUM,True
TND-000270,Fabricated Components Supply — Package 4,Unified Public Works Services Directorate,General Administration,Manufacturing Supplies,RFP,2025-10-20,2025-12-19,218273000.0,INR,West Bengal,Durgapur,"Eligibility for manufacturing supplies covering statutory registration, financial capacity, relevant experience and scope-specific capability.",28,19,9,MEDIUM,True
TND-000274,Enterprise Application Implementation — Package 5,Integrated Medical Infrastructure Agency,Cybersecurity,Software Services,EOI-cum-RFP,2026-01-10,2026-03-07,120397000.0,INR,Uttar Pradesh,Kanpur,"Eligibility for software services covering statutory registration, financial capacity, relevant experience and scope-specific capability.",22,16,6,EASY,True
TND-000278,Security Operations Contract — Package 5,Central Infrastructure Services Directorate,Information Technology,Security Services,EOI-cum-RFP,2026-02-23,2026-04-10,177794000.0,INR,Maharashtra,Aurangabad,"Eligibility for security services covering statutory registration, financial capacity, relevant experience and scope-specific capability.",22,15,7,MEDIUM,True
TND-000280,Logistics Support Services — Package 7,Unified Digital Systems Unit,Transport & Logistics,Transportation,EOI-cum-RFP,2025-05-24,2025-06-23,156576000.0,INR,Punjab,Amritsar,"Eligibility for transportation covering statutory registration, financial capacity, relevant experience and scope-specific capability.",23,14,9,MEDIUM,True
TND-000281,Fleet Transportation Services — Package 2,Bharat Procurement Procurement Cell,Industrial Operations,Transportation,EOI-cum-RFP,2026-03-06,2026-05-03,22380000.0,INR,Tamil Nadu,Coimbatore,"Eligibility for transportation covering statutory registration, financial capacity, relevant experience and scope-specific capability.",28,17,11,EASY,True
TND-000282,Industrial Machinery Supply — Package 2,Strategic Public Works Infrastructure Agency,General Administration,Mechanical Equipment,Limited Tender,2026-05-26,2026-06-28,66707000.0,INR,Gujarat,Vadodara,"Eligibility for mechanical equipment covering statutory registration, financial capacity, relevant experience and scope-specific capability.",25,14,11,MEDIUM,True
TND-000283,Security Operations Support — Package 2,Federal Engineering Procurement Corporation,Civil Works,Cybersecurity,Limited Tender,2026-07-24,2026-09-04,203526000.0,INR,Odisha,Cuttack,"Eligibility for cybersecurity covering statutory registration, financial capacity, relevant experience and scope-specific capability.",24,14,10,HARD,True
TND-000284,Building Construction Works — Package 8,Strategic Engineering Infrastructure Agency,Cybersecurity,Civil Works,Limited Tender,2025-08-30,2025-10-04,94280000.0,INR,Delhi,New Delhi,"Eligibility for civil works covering statutory registration, financial capacity, relevant experience and scope-specific capability.",30,21,9,EASY,True
TND-000285,Precision Components Supply — Package 3,Central Infrastructure Projects Corporation,Electrical Engineering,Manufacturing Supplies,EOI-cum-RFP,2026-08-25,2026-10-19,210339000.0,INR,Maharashtra,Pune,"Eligibility for manufacturing supplies covering statutory registration, financial capacity, relevant experience and scope-specific capability.",25,15,10,HARD,True
TND-000287,Vehicle Hiring Services — Package 2,Federal Medical Procurement Corporation,Cybersecurity,Transportation,RFP,2026-07-25,2026-08-18,37179000.0,INR,Uttar Pradesh,Kanpur,"Eligibility for transportation covering statutory registration, financial capacity, relevant experience and scope-specific capability.",28,21,7,EASY,True
TND-000288,Cybersecurity Monitoring Solution — Package 5,Advanced Public Works Procurement Corporation,Cybersecurity,Cybersecurity,Limited Tender,2025-05-03,2025-06-10,53936000.0,INR,Punjab,Ludhiana,"Eligibility for cybersecurity covering statutory registration, financial capacity, relevant experience and scope-specific capability.",26,15,11,MEDIUM,True
TND-000290,Material Handling Systems — Package 1,Integrated Industrial Projects Corporation,General Administration,Mechanical Equipment,Limited Tender,2026-06-22,2026-07-22,183066000.0,INR,Telangana,Warangal,"Eligibility for mechanical equipment covering statutory registration, financial capacity, relevant experience and scope-specific capability.",30,17,13,EASY,True
TND-000291,Annual Equipment Maintenance — Package 6,Strategic Procurement Services Directorate,Medical Procurement,Maintenance Services,Limited Tender,2025-06-25,2025-07-30,219357000.0,INR,Punjab,Amritsar,"Eligibility for maintenance services covering statutory registration, financial capacity, relevant experience and scope-specific capability.",23,17,6,MEDIUM,True
TND-000292,Electrical Distribution Equipment — Package 7,Advanced Infrastructure Operations Board,Industrial Operations,Electrical Equipment,RFP,2025-04-02,2025-04-26,92464000.0,INR,Uttar Pradesh,Lucknow,"Eligibility for electrical equipment covering statutory registration, financial capacity, relevant experience and scope-specific capability.",22,16,6,EASY,True
TND-000293,Office Automation Equipment — Package 7,Public Infrastructure Supply Division,Civil Works,Office Equipment,Limited Tender,2025-07-22,2025-09-16,54254000.0,INR,West Bengal,Kolkata,"Eligibility for office equipment covering statutory registration, financial capacity, relevant experience and scope-specific capability.",29,18,11,EASY,True
TND-000294,Infrastructure Modernisation — Package 5,Strategic Digital Projects Corporation,Civil Works,Infrastructure,Open Tender,2025-05-24,2025-06-19,186793000.0,INR,Karnataka,Hubballi,"Eligibility for infrastructure covering statutory registration, financial capacity, relevant experience and scope-specific capability.",30,19,11,EASY,True
TND-000296,Project Management Consultancy — Package 5,Bharat Infrastructure Procurement Cell,Industrial Operations,Consulting Services,Open Tender,2026-07-03,2026-08-04,205896000.0,INR,Maharashtra,Aurangabad,"Eligibility for consulting services covering statutory registration, financial capacity, relevant experience and scope-specific capability.",27,19,8,EASY,True
TND-000298,Fleet Transportation Services — Package 4,Federal Medical Projects Corporation,Transport & Logistics,Transportation,RFP,2026-08-25,2026-10-14,177102000.0,INR,Maharashtra,Pune,"Eligibility for transportation covering statutory registration, financial capacity, relevant experience and scope-specific capability.",29,21,8,MEDIUM,True
TND-000300,Office Automation Equipment — Package 7,Bharat Medical Infrastructure Agency,Industrial Operations,Office Equipment,RFP,2025-11-08,2025-12-01,150145000.0,INR,Haryana,Gurugram,"Eligibility for office equipment covering statutory registration, financial capacity, relevant experience and scope-specific capability.",22,16,6,MEDIUM,True
TND-000301,Plant Instrumentation — Package 9,Strategic Services Services Directorate,General Administration,Industrial Equipment,Limited Tender,2025-12-09,2026-01-08,33813000.0,INR,Gujarat,Vadodara,"Eligibility for industrial equipment covering statutory registration, financial capacity, relevant experience and scope-specific capability.",29,20,9,MEDIUM,True
TND-000302,Industrial Switchgear Supply — Package 3,Bharat Services Operations Board,Information Technology,Electrical Equipment,EOI-cum-RFP,2025-06-15,2025-08-11,131662000.0,INR,Punjab,Ludhiana,"Eligibility for electrical equipment covering statutory registration, financial capacity, relevant experience and scope-specific capability.",30,19,11,EASY,True
TND-000305,Implementation Advisory Services — Package 8,Integrated Engineering Infrastructure Agency,Medical Procurement,Consulting Services,RFP,2026-04-22,2026-05-31,18051000.0,INR,Uttar Pradesh,Kanpur,"Eligibility for consulting services covering statutory registration, financial capacity, relevant experience and scope-specific capability.",26,19,7,EASY,True
TND-000306,Project Management Consultancy — Package 5,Public Medical Projects Corporation,Industrial Operations,Consulting Services,EOI-cum-RFP,2025-06-11,2025-08-02,193084000.0,INR,Gujarat,Vadodara,"Eligibility for consulting services covering statutory registration, financial capacity, relevant experience and scope-specific capability.",27,17,10,HARD,True
TND-000308,Workstation and Desktop Supply — Package 8,Integrated Infrastructure Procurement Cell,Electrical Engineering,IT Hardware,Limited Tender,2025-11-23,2026-01-13,82861000.0,INR,Odisha,Bhubaneswar,"Eligibility for it hardware covering statutory registration, financial capacity, relevant experience and scope-specific capability.",22,14,8,HARD,True
TND-000309,Industrial Control Systems — Package 2,Central Industrial Procurement Cell,Civil Works,Industrial Equipment,RFP,2025-08-11,2025-09-26,55623000.0,INR,Tamil Nadu,Coimbatore,"Eligibility for industrial equipment covering statutory registration, financial capacity, relevant experience and scope-specific capability.",29,18,11,MEDIUM,True
TND-000310,Mechanical Equipment Upgrade — Package 5,Central Public Works Systems Unit,General Administration,Mechanical Equipment,EOI-cum-RFP,2025-02-27,2025-03-29,226005000.0,INR,West Bengal,Siliguri,"Eligibility for mechanical equipment covering statutory registration, financial capacity, relevant experience and scope-specific capability.",22,13,9,HARD,True
TND-000311,Laboratory Equipment Supply — Package 7,National Medical Supply Division,Cybersecurity,Medical Equipment,Limited Tender,2025-02-08,2025-03-14,156215000.0,INR,Haryana,Gurugram,"Eligibility for medical equipment covering statutory registration, financial capacity, relevant experience and scope-specific capability.",24,13,11,EASY,True
TND-000312,Implementation Advisory Services — Package 4,National Infrastructure Procurement Cell,Transport & Logistics,Consulting Services,Limited Tender,2026-03-13,2026-04-03,182794000.0,INR,Telangana,Nizamabad,"Eligibility for consulting services covering statutory registration, financial capacity, relevant experience and scope-specific capability.",30,20,10,EASY,True
TND-000314,Facility Infrastructure Upgrade — Package 9,Strategic Digital Operations Board,Civil Works,Infrastructure,Limited Tender,2025-04-23,2025-06-21,21777000.0,INR,Telangana,Warangal,"Eligibility for infrastructure covering statutory registration, financial capacity, relevant experience and scope-specific capability.",24,14,10,EASY,True
TND-000315,Power Conditioning Systems — Package 7,Unified Systems Projects Corporation,Cybersecurity,Electrical Equipment,Limited Tender,2025-06-13,2025-08-10,50411000.0,INR,Telangana,Hyderabad,"Eligibility for electrical equipment covering statutory registration, financial capacity, relevant experience and scope-specific capability.",30,18,12,HARD,True
TND-000317,Laboratory Equipment Supply — Package 1,Strategic Procurement Operations Board,Industrial Operations,Medical Equipment,Open Tender,2025-02-18,2025-03-20,131517000.0,INR,Rajasthan,Jaipur,"Eligibility for medical equipment covering statutory registration, financial capacity, relevant experience and scope-specific capability.",29,21,8,HARD,True
TND-000318,Server and Storage Equipment — Package 6,Advanced Technology Procurement Corporation,Electrical Engineering,IT Hardware,EOI-cum-RFP,2025-04-30,2025-06-17,49983000.0,INR,Uttar Pradesh,Noida,"Eligibility for it hardware covering statutory registration, financial capacity, relevant experience and scope-specific capability.",24,16,8,HARD,True
TND-000320,Core Network Equipment — Package 4,Unified Public Works Procurement Cell,Medical Procurement,Networking Equipment,Open Tender,2026-08-10,2026-10-01,113399000.0,INR,Uttar Pradesh,Agra,"Eligibility for networking equipment covering statutory registration, financial capacity, relevant experience and scope-specific capability.",26,15,11,MEDIUM,True
TND-000321,Material Handling Systems — Package 8,Strategic Public Works Systems Unit,Industrial Operations,Mechanical Equipment,Open Tender,2025-08-14,2025-09-16,224218000.0,INR,Maharashtra,Nagpur,"Eligibility for mechanical equipment covering statutory registration, financial capacity, relevant experience and scope-specific capability.",28,21,7,MEDIUM,True
TND-000322,Workstation and Desktop Supply — Package 5,Strategic Procurement Procurement Cell,Electrical Engineering,IT Hardware,Open Tender,2025-09-10,2025-10-15,139485000.0,INR,Odisha,Cuttack,"Eligibility for it hardware covering statutory registration, financial capacity, relevant experience and scope-specific capability.",24,13,11,HARD,True
TND-000323,Digital Platform Development — Package 7,Public Systems Operations Board,Cybersecurity,Software Services,EOI-cum-RFP,2026-04-18,2026-05-21,241297000.0,INR,Punjab,Mohali,"Eligibility for software services covering statutory registration, financial capacity, relevant experience and scope-specific capability.",25,17,8,EASY,True
TND-000324,Digital Platform Development — Package 8,Unified Procurement Services Directorate,Civil Works,Software Services,RFP,2025-06-28,2025-07-23,172248000.0,INR,Telangana,Warangal,"Eligibility for software services covering statutory registration, financial capacity, relevant experience and scope-specific capability.",29,19,10,MEDIUM,True
TND-000325,Building Construction Works — Package 7,Federal Industrial Systems Unit,General Administration,Civil Works,RFP,2025-10-29,2025-11-30,112560000.0,INR,Telangana,Warangal,"Eligibility for civil works covering statutory registration, financial capacity, relevant experience and scope-specific capability.",27,15,12,EASY,True
TND-000326,Mechanical Equipment Upgrade — Package 3,Unified Medical Systems Unit,Industrial Operations,Mechanical Equipment,Open Tender,2026-03-28,2026-04-19,32383000.0,INR,Punjab,Ludhiana,"Eligibility for mechanical equipment covering statutory registration, financial capacity, relevant experience and scope-specific capability.",28,19,9,MEDIUM,True
TND-000328,Material Transportation Contract — Package 1,Bharat Technology Operations Board,Civil Works,Transportation,Limited Tender,2025-11-05,2025-12-09,158321000.0,INR,Odisha,Bhubaneswar,"Eligibility for transportation covering statutory registration, financial capacity, relevant experience and scope-specific capability.",26,18,8,MEDIUM,True
TND-000329,Utility Civil Works — Package 4,Federal Engineering Projects Corporation,Cybersecurity,Civil Works,Open Tender,2025-01-03,2025-02-25,101366000.0,INR,Gujarat,Rajkot,"Eligibility for civil works covering statutory registration, financial capacity, relevant experience and scope-specific capability.",29,17,12,HARD,True
TND-000331,Infrastructure Modernisation — Package 3,Central Public Works Projects Corporation,General Administration,Infrastructure,Open Tender,2026-03-23,2026-04-15,131337000.0,INR,Karnataka,Bengaluru,"Eligibility for infrastructure covering statutory registration, financial capacity, relevant experience and scope-specific capability.",23,15,8,EASY,True
TND-000332,Fabricated Components Supply — Package 5,Bharat Public Works Procurement Cell,Industrial Operations,Manufacturing Supplies,Open Tender,2026-05-22,2026-07-21,142821000.0,INR,Punjab,Ludhiana,"Eligibility for manufacturing supplies covering statutory registration, financial capacity, relevant experience and scope-specific capability.",24,18,6,MEDIUM,True
TND-000334,Industrial Switchgear Supply — Package 7,Unified Public Works Procurement Corporation,Civil Works,Electrical Equipment,Open Tender,2025-06-27,2025-08-07,64776000.0,INR,Karnataka,Bengaluru,"Eligibility for electrical equipment covering statutory registration, financial capacity, relevant experience and scope-specific capability.",30,21,9,EASY,True
TND-000336,Data Centre Hardware Supply — Package 3,Bharat Medical Procurement Corporation,Industrial Operations,IT Hardware,RFP,2025-08-27,2025-10-07,223889000.0,INR,Maharashtra,Nagpur,"Eligibility for it hardware covering statutory registration, financial capacity, relevant experience and scope-specific capability.",26,18,8,MEDIUM,True
TND-000338,Preventive Maintenance Contract — Package 8,Central Digital Services Directorate,Transport & Logistics,Maintenance Services,Limited Tender,2026-08-26,2026-09-16,119871000.0,INR,West Bengal,Kolkata,"Eligibility for maintenance services covering statutory registration, financial capacity, relevant experience and scope-specific capability.",22,15,7,MEDIUM,True
TND-000340,Vulnerability Assessment Services — Package 2,Unified Infrastructure Operations Board,Information Technology,Cybersecurity,Open Tender,2026-06-12,2026-07-10,169069000.0,INR,Uttar Pradesh,Agra,"Eligibility for cybersecurity covering statutory registration, financial capacity, relevant experience and scope-specific capability.",25,16,9,MEDIUM,True
TND-000343,Data Centre Hardware Supply — Package 7,Bharat Industrial Operations Board,Civil Works,IT Hardware,EOI-cum-RFP,2026-02-07,2026-03-30,222105000.0,INR,West Bengal,Kolkata,"Eligibility for it hardware covering statutory registration, financial capacity, relevant experience and scope-specific capability.",27,18,9,EASY,True
TND-000344,Facility Security Services — Package 4,Advanced Infrastructure Procurement Corporation,Electrical Engineering,Security Services,EOI-cum-RFP,2026-08-30,2026-10-03,108576000.0,INR,Punjab,Ludhiana,"Eligibility for security services covering statutory registration, financial capacity, relevant experience and scope-specific capability.",26,19,7,EASY,True
TND-000346,Enterprise Application Implementation — Package 9,Integrated Digital Operations Board,Industrial Operations,Software Services,RFP,2026-04-17,2026-05-31,97771000.0,INR,Delhi,New Delhi,"Eligibility for software services covering statutory registration, financial capacity, relevant experience and scope-specific capability.",29,18,11,HARD,True
TND-000348,Secure Routing Equipment — Package 7,Advanced Public Works Supply Division,Civil Works,Networking Equipment,RFP,2025-02-26,2025-04-12,118407000.0,INR,Gujarat,Ahmedabad,"Eligibility for networking equipment covering statutory registration, financial capacity, relevant experience and scope-specific capability.",27,17,10,MEDIUM,True
TND-000349,Cybersecurity Monitoring Solution — Package 7,Central Technology Operations Board,Medical Procurement,Cybersecurity,EOI-cum-RFP,2025-03-19,2025-05-01,175620000.0,INR,Gujarat,Rajkot,"Eligibility for cybersecurity covering statutory registration, financial capacity, relevant experience and scope-specific capability.",30,17,13,MEDIUM,True
TND-000353,Material Handling Systems — Package 6,Central Engineering Projects Corporation,Transport & Logistics,Mechanical Equipment,Open Tender,2025-06-10,2025-07-24,32246000.0,INR,West Bengal,Siliguri,"Eligibility for mechanical equipment covering statutory registration, financial capacity, relevant experience and scope-specific capability.",30,22,8,EASY,True
TND-000355,Workplace Equipment Supply — Package 9,Advanced Systems Procurement Corporation,Civil Works,Office Equipment,Limited Tender,2026-08-27,2026-10-03,80933000.0,INR,Tamil Nadu,Madurai,"Eligibility for office equipment covering statutory registration, financial capacity, relevant experience and scope-specific capability.",28,21,7,EASY,True
TND-000356,Enterprise Laptop Supply — Package 4,Integrated Infrastructure Procurement Cell,Information Technology,IT Hardware,Limited Tender,2025-02-12,2025-03-30,136163000.0,INR,Telangana,Nizamabad,"Eligibility for it hardware covering statutory registration, financial capacity, relevant experience and scope-specific capability.",27,19,8,EASY,True
TND-000357,Cybersecurity Monitoring Solution — Package 1,Integrated Systems Systems Unit,Industrial Operations,Cybersecurity,EOI-cum-RFP,2026-04-15,2026-05-27,39259000.0,INR,Gujarat,Rajkot,"Eligibility for cybersecurity covering statutory registration, financial capacity, relevant experience and scope-specific capability.",30,20,10,MEDIUM,True
TND-000358,Laboratory Equipment Supply — Package 1,Public Infrastructure Supply Division,Civil Works,Medical Equipment,Open Tender,2025-11-29,2026-01-15,89993000.0,INR,Delhi,New Delhi,"Eligibility for medical equipment covering statutory registration, financial capacity, relevant experience and scope-specific capability.",29,19,10,MEDIUM,True
TND-000360,Industrial Consumables Supply — Package 7,Bharat Systems Infrastructure Agency,Civil Works,Manufacturing Supplies,Open Tender,2025-10-07,2025-11-15,97554000.0,INR,Gujarat,Surat,"Eligibility for manufacturing supplies covering statutory registration, financial capacity, relevant experience and scope-specific capability.",29,16,13,MEDIUM,True
TND-000361,Preventive Maintenance Contract — Package 7,Federal Procurement Operations Board,General Administration,Maintenance Services,RFP,2026-01-08,2026-02-06,144389000.0,INR,Gujarat,Ahmedabad,"Eligibility for maintenance services covering statutory registration, financial capacity, relevant experience and scope-specific capability.",28,20,8,MEDIUM,True
TND-000366,Enterprise Laptop Supply — Package 2,Integrated Procurement Infrastructure Agency,Medical Procurement,IT Hardware,Limited Tender,2025-11-01,2025-12-28,18130000.0,INR,Karnataka,Mangaluru,"Eligibility for it hardware covering statutory registration, financial capacity, relevant experience and scope-specific capability.",28,18,10,EASY,True
TND-000367,Integrated Security Services — Package 2,Strategic Digital Supply Division,Cybersecurity,Security Services,Open Tender,2026-01-27,2026-03-26,55845000.0,INR,Uttar Pradesh,Noida,"Eligibility for security services covering statutory registration, financial capacity, relevant experience and scope-specific capability.",27,20,7,EASY,True
TND-000369,Implementation Advisory Services — Package 1,Bharat Medical Operations Board,Civil Works,Consulting Services,Limited Tender,2025-09-30,2025-11-28,171772000.0,INR,Telangana,Hyderabad,"Eligibility for consulting services covering statutory registration, financial capacity, relevant experience and scope-specific capability.",26,18,8,MEDIUM,True
TND-000370,Meeting Room Equipment — Package 1,Advanced Procurement Procurement Corporation,General Administration,Office Equipment,Limited Tender,2025-06-08,2025-07-19,212628000.0,INR,Delhi,New Delhi,"Eligibility for office equipment covering statutory registration, financial capacity, relevant experience and scope-specific capability.",25,18,7,HARD,True
TND-000374,Software Modernisation Services — Package 4,Federal Infrastructure Operations Board,Industrial Operations,Software Services,EOI-cum-RFP,2026-04-11,2026-05-26,195740000.0,INR,Uttar Pradesh,Lucknow,"Eligibility for software services covering statutory registration, financial capacity, relevant experience and scope-specific capability.",23,16,7,MEDIUM,True
TND-000375,Specialised Parts Procurement — Package 5,Public Medical Services Directorate,Medical Procurement,Manufacturing Supplies,EOI-cum-RFP,2026-01-08,2026-02-04,226691000.0,INR,Maharashtra,Nagpur,"Eligibility for manufacturing supplies covering statutory registration, financial capacity, relevant experience and scope-specific capability.",23,15,8,EASY,True
TND-000376,Road Improvement Package — Package 8,Bharat Digital Services Directorate,Information Technology,Civil Works,Limited Tender,2025-10-24,2025-11-30,59499000.0,INR,West Bengal,Kolkata,"Eligibility for civil works covering statutory registration, financial capacity, relevant experience and scope-specific capability.",23,15,8,EASY,True
TND-000378,Security Operations Support — Package 9,Public Digital Infrastructure Agency,General Administration,Cybersecurity,Open Tender,2026-06-10,2026-07-23,137138000.0,INR,Delhi,New Delhi,"Eligibility for cybersecurity covering statutory registration, financial capacity, relevant experience and scope-specific capability.",25,17,8,EASY,True
TND-000379,Application Maintenance Services — Package 7,Unified Digital Services Directorate,Transport & Logistics,Software Services,EOI-cum-RFP,2025-12-09,2026-01-29,51627000.0,INR,Rajasthan,Udaipur,"Eligibility for software services covering statutory registration, financial capacity, relevant experience and scope-specific capability.",30,17,13,MEDIUM,True
TND-000380,Server and Storage Equipment — Package 6,National Procurement Operations Board,Cybersecurity,IT Hardware,Open Tender,2025-12-03,2026-01-29,128768000.0,INR,Maharashtra,Nagpur,"Eligibility for it hardware covering statutory registration, financial capacity, relevant experience and scope-specific capability.",24,16,8,EASY,True
TND-000381,Building Construction Works — Package 9,Public Infrastructure Procurement Corporation,Medical Procurement,Civil Works,RFP,2025-03-05,2025-03-27,149458000.0,INR,Tamil Nadu,Salem,"Eligibility for civil works covering statutory registration, financial capacity, relevant experience and scope-specific capability.",25,14,11,HARD,True
TND-000382,Electrical Distribution Equipment — Package 3,Advanced Public Works Infrastructure Agency,Information Technology,Electrical Equipment,Open Tender,2025-09-20,2025-10-11,171904000.0,INR,Odisha,Cuttack,"Eligibility for electrical equipment covering statutory registration, financial capacity, relevant experience and scope-specific capability.",30,17,13,EASY,True
TND-000383,Workstation and Desktop Supply — Package 8,Bharat Services Projects Corporation,Civil Works,IT Hardware,EOI-cum-RFP,2025-04-01,2025-05-04,175833000.0,INR,Odisha,Bhubaneswar,"Eligibility for it hardware covering statutory registration, financial capacity, relevant experience and scope-specific capability.",23,14,9,EASY,True
TND-000385,Technology Advisory Services — Package 2,Federal Public Works Operations Board,Electrical Engineering,Consulting Services,Limited Tender,2025-11-06,2025-12-13,198900000.0,INR,Karnataka,Mangaluru,"Eligibility for consulting services covering statutory registration, financial capacity, relevant experience and scope-specific capability.",23,13,10,EASY,True
TND-000386,Meeting Room Equipment — Package 5,Bharat Procurement Systems Unit,Electrical Engineering,Office Equipment,Open Tender,2025-12-21,2026-01-29,134460000.0,INR,West Bengal,Kolkata,"Eligibility for office equipment covering statutory registration, financial capacity, relevant experience and scope-specific capability.",25,16,9,EASY,True
TND-000387,Facility Infrastructure Upgrade — Package 5,Advanced Infrastructure Procurement Corporation,Information Technology,Infrastructure,Limited Tender,2025-06-04,2025-07-11,15290000.0,INR,Punjab,Amritsar,"Eligibility for infrastructure covering statutory registration, financial capacity, relevant experience and scope-specific capability.",30,20,10,HARD,True
TND-000388,Fleet Transportation Services — Package 2,National Public Works Infrastructure Agency,Medical Procurement,Transportation,Open Tender,2025-04-15,2025-06-04,190674000.0,INR,Tamil Nadu,Salem,"Eligibility for transportation covering statutory registration, financial capacity, relevant experience and scope-specific capability.",22,16,6,EASY,True
TND-000389,Material Handling Systems — Package 3,Public Industrial Systems Unit,Cybersecurity,Mechanical Equipment,EOI-cum-RFP,2026-05-11,2026-06-16,239582000.0,INR,Odisha,Rourkela,"Eligibility for mechanical equipment covering statutory registration, financial capacity, relevant experience and scope-specific capability.",24,15,9,MEDIUM,True
TND-000392,Network Security Platform — Package 7,Unified Services Operations Board,Transport & Logistics,Cybersecurity,EOI-cum-RFP,2026-04-27,2026-06-26,147261000.0,INR,West Bengal,Siliguri,"Eligibility for cybersecurity covering statutory registration, financial capacity, relevant experience and scope-specific capability.",22,14,8,EASY,True
TND-000393,Electrical Distribution Equipment — Package 7,Bharat Public Works Infrastructure Agency,Transport & Logistics,Electrical Equipment,Open Tender,2025-05-18,2025-07-06,182740000.0,INR,Rajasthan,Udaipur,"Eligibility for electrical equipment covering statutory registration, financial capacity, relevant experience and scope-specific capability.",27,19,8,EASY,True
TND-000396,Workstation and Desktop Supply — Package 5,Advanced Medical Infrastructure Agency,Civil Works,IT Hardware,Open Tender,2026-01-09,2026-02-25,216918000.0,INR,Haryana,Panipat,"Eligibility for it hardware covering statutory registration, financial capacity, relevant experience and scope-specific capability.",27,18,9,MEDIUM,True
TND-000397,Document Management Equipment — Package 8,Central Public Works Supply Division,Cybersecurity,Office Equipment,RFP,2026-01-06,2026-03-05,162550000.0,INR,Odisha,Cuttack,"Eligibility for office equipment covering statutory registration, financial capacity, relevant experience and scope-specific capability.",28,17,11,MEDIUM,True
TND-000400,Meeting Room Equipment — Package 9,Advanced Procurement Projects Corporation,Transport & Logistics,Office Equipment,Open Tender,2025-06-04,2025-07-26,142319000.0,INR,West Bengal,Kolkata,"Eligibility for office equipment covering statutory registration, financial capacity, relevant experience and scope-specific capability.",27,16,11,EASY,True
TND-000401,Fleet Transportation Services — Package 9,Strategic Industrial Supply Division,General Administration,Transportation,RFP,2025-09-19,2025-10-12,139123000.0,INR,West Bengal,Durgapur,"Eligibility for transportation covering statutory registration, financial capacity, relevant experience and scope-specific capability.",30,17,13,EASY,True
TND-000402,Process Equipment Supply — Package 9,Public Services Infrastructure Agency,General Administration,Industrial Equipment,EOI-cum-RFP,2025-05-26,2025-07-04,158229000.0,INR,West Bengal,Siliguri,"Eligibility for industrial equipment covering statutory registration, financial capacity, relevant experience and scope-specific capability.",23,15,8,HARD,True
TND-000403,Network Security Platform — Package 3,Federal Procurement Operations Board,Industrial Operations,Cybersecurity,Open Tender,2026-01-28,2026-03-04,171069000.0,INR,Odisha,Bhubaneswar,"Eligibility for cybersecurity covering statutory registration, financial capacity, relevant experience and scope-specific capability.",28,17,11,EASY,True
TND-000404,Preventive Maintenance Contract — Package 5,National Public Works Operations Board,Information Technology,Maintenance Services,Limited Tender,2025-02-09,2025-03-20,128906000.0,INR,Odisha,Rourkela,"Eligibility for maintenance services covering statutory registration, financial capacity, relevant experience and scope-specific capability.",26,16,10,EASY,True
TND-000405,Project Management Consultancy — Package 4,Central Technology Procurement Cell,Transport & Logistics,Consulting Services,Limited Tender,2025-01-02,2025-02-02,21223000.0,INR,West Bengal,Kolkata,"Eligibility for consulting services covering statutory registration, financial capacity, relevant experience and scope-specific capability.",25,16,9,EASY,True
TND-000406,Office Automation Equipment — Package 8,Integrated Technology Supply Division,Transport & Logistics,Office Equipment,Limited Tender,2026-03-13,2026-05-10,24204000.0,INR,Haryana,Gurugram,"Eligibility for office equipment covering statutory registration, financial capacity, relevant experience and scope-specific capability.",29,19,10,EASY,True
TND-000407,Utility Civil Works — Package 6,Unified Industrial Services Directorate,Industrial Operations,Civil Works,EOI-cum-RFP,2025-06-25,2025-08-22,222888000.0,INR,Delhi,New Delhi,"Eligibility for civil works covering statutory registration, financial capacity, relevant experience and scope-specific capability.",29,17,12,MEDIUM,True
TND-000408,Patient Monitoring Systems — Package 2,Bharat Systems Operations Board,Cybersecurity,Medical Equipment,Open Tender,2026-03-27,2026-05-05,244545000.0,INR,Odisha,Bhubaneswar,"Eligibility for medical equipment covering statutory registration, financial capacity, relevant experience and scope-specific capability.",25,16,9,MEDIUM,True
TND-000409,Specialised Parts Procurement — Package 6,Bharat Systems Supply Division,Medical Procurement,Manufacturing Supplies,Limited Tender,2026-06-08,2026-06-28,147506000.0,INR,West Bengal,Siliguri,"Eligibility for manufacturing supplies covering statutory registration, financial capacity, relevant experience and scope-specific capability.",26,15,11,MEDIUM,True
TND-000410,Project Management Consultancy — Package 4,Central Infrastructure Procurement Cell,Cybersecurity,Consulting Services,Limited Tender,2025-09-03,2025-09-26,72265000.0,INR,Uttar Pradesh,Kanpur,"Eligibility for consulting services covering statutory registration, financial capacity, relevant experience and scope-specific capability.",24,15,9,MEDIUM,True
TND-000412,Infrastructure Modernisation — Package 6,Bharat Services Procurement Corporation,Industrial Operations,Infrastructure,Open Tender,2025-10-30,2025-12-02,137614000.0,INR,Delhi,New Delhi,"Eligibility for infrastructure covering statutory registration, financial capacity, relevant experience and scope-specific capability.",27,17,10,MEDIUM,True
TND-000413,Industrial Switchgear Supply — Package 1,Integrated Procurement Services Directorate,Cybersecurity,Electrical Equipment,Open Tender,2025-01-19,2025-03-01,58600000.0,INR,Telangana,Nizamabad,"Eligibility for electrical equipment covering statutory registration, financial capacity, relevant experience and scope-specific capability.",24,13,11,HARD,True
TND-000416,Application Maintenance Services — Package 2,Central Infrastructure Services Directorate,Civil Works,Software Services,Limited Tender,2025-12-24,2026-02-14,55854000.0,INR,Haryana,Panipat,"Eligibility for software services covering statutory registration, financial capacity, relevant experience and scope-specific capability.",28,16,12,EASY,True
TND-000417,Integrated Security Services — Package 5,Strategic Industrial Systems Unit,General Administration,Security Services,RFP,2025-10-21,2025-12-07,183145000.0,INR,Maharashtra,Nashik,"Eligibility for security services covering statutory registration, financial capacity, relevant experience and scope-specific capability.",23,17,6,MEDIUM,True
TND-000418,Patient Monitoring Systems — Package 6,Central Engineering Supply Division,General Administration,Medical Equipment,Limited Tender,2026-04-20,2026-05-19,210813000.0,INR,Tamil Nadu,Coimbatore,"Eligibility for medical equipment covering statutory registration, financial capacity, relevant experience and scope-specific capability.",26,17,9,MEDIUM,True
TND-000419,Logistics Support Services — Package 8,Advanced Procurement Procurement Corporation,Civil Works,Transportation,RFP,2026-04-16,2026-05-24,204971000.0,INR,Tamil Nadu,Chennai,"Eligibility for transportation covering statutory registration, financial capacity, relevant experience and scope-specific capability.",24,16,8,EASY,True
TND-000420,Building Construction Works — Package 1,Public Public Works Procurement Cell,Medical Procurement,Civil Works,Limited Tender,2026-03-27,2026-04-30,58629000.0,INR,Delhi,New Delhi,"Eligibility for civil works covering statutory registration, financial capacity, relevant experience and scope-specific capability.",30,20,10,EASY,True
TND-000421,Electronic Security Support — Package 6,Unified Infrastructure Systems Unit,Cybersecurity,Security Services,EOI-cum-RFP,2025-02-12,2025-03-26,8663000.0,INR,West Bengal,Siliguri,"Eligibility for security services covering statutory registration, financial capacity, relevant experience and scope-specific capability.",24,14,10,MEDIUM,True
TND-000422,Diagnostic Equipment Supply — Package 4,Central Infrastructure Systems Unit,Information Technology,Medical Equipment,Open Tender,2026-07-17,2026-08-21,66826000.0,INR,Odisha,Rourkela,"Eligibility for medical equipment covering statutory registration, financial capacity, relevant experience and scope-specific capability.",30,20,10,HARD,True
TND-000423,Power Conditioning Systems — Package 1,Advanced Engineering Infrastructure Agency,Civil Works,Electrical Equipment,RFP,2026-06-28,2026-07-31,41133000.0,INR,Odisha,Cuttack,"Eligibility for electrical equipment covering statutory registration, financial capacity, relevant experience and scope-specific capability.",29,16,13,MEDIUM,True
TND-000424,Software Modernisation Services — Package 9,Central Engineering Infrastructure Agency,Civil Works,Software Services,Limited Tender,2026-01-24,2026-02-20,101642000.0,INR,Uttar Pradesh,Agra,"Eligibility for software services covering statutory registration, financial capacity, relevant experience and scope-specific capability.",28,17,11,MEDIUM,True
TND-000426,Network Security Platform — Package 9,Strategic Infrastructure Systems Unit,Electrical Engineering,Cybersecurity,Limited Tender,2025-06-09,2025-07-06,224061000.0,INR,Odisha,Cuttack,"Eligibility for cybersecurity covering statutory registration, financial capacity, relevant experience and scope-specific capability.",28,21,7,MEDIUM,True
TND-000427,Cybersecurity Monitoring Solution — Package 4,Integrated Infrastructure Procurement Corporation,Information Technology,Cybersecurity,Limited Tender,2025-02-26,2025-04-26,229775000.0,INR,Punjab,Ludhiana,"Eligibility for cybersecurity covering statutory registration, financial capacity, relevant experience and scope-specific capability.",30,22,8,MEDIUM,True
TND-000428,Network Infrastructure Development — Package 7,Integrated Industrial Supply Division,Cybersecurity,Infrastructure,RFP,2026-02-27,2026-04-24,12125000.0,INR,West Bengal,Siliguri,"Eligibility for infrastructure covering statutory registration, financial capacity, relevant experience and scope-specific capability.",28,20,8,HARD,True
TND-000429,Security Operations Contract — Package 9,Strategic Systems Procurement Cell,General Administration,Security Services,RFP,2026-02-25,2026-04-23,18947000.0,INR,Telangana,Warangal,"Eligibility for security services covering statutory registration, financial capacity, relevant experience and scope-specific capability.",25,16,9,HARD,True
TND-000430,Network Security Platform — Package 1,Public Medical Services Directorate,Transport & Logistics,Cybersecurity,RFP,2025-10-25,2025-11-24,146420000.0,INR,Gujarat,Rajkot,"Eligibility for cybersecurity covering statutory registration, financial capacity, relevant experience and scope-specific capability.",24,17,7,EASY,True
TND-000431,Enterprise Application Implementation — Package 4,Federal Procurement Systems Unit,Civil Works,Software Services,RFP,2026-06-20,2026-07-13,161552000.0,INR,Odisha,Cuttack,"Eligibility for software services covering statutory registration, financial capacity, relevant experience and scope-specific capability.",29,20,9,EASY,True
TND-000435,Material Transportation Contract — Package 7,Advanced Engineering Projects Corporation,Medical Procurement,Transportation,Limited Tender,2025-03-01,2025-04-26,112024000.0,INR,Gujarat,Ahmedabad,"Eligibility for transportation covering statutory registration, financial capacity, relevant experience and scope-specific capability.",28,16,12,MEDIUM,True
TND-000436,Office Automation Equipment — Package 7,Unified Infrastructure Procurement Cell,General Administration,Office Equipment,EOI-cum-RFP,2025-02-14,2025-03-20,192933000.0,INR,Karnataka,Hubballi,"Eligibility for office equipment covering statutory registration, financial capacity, relevant experience and scope-specific capability.",29,19,10,MEDIUM,True
TND-000437,Vulnerability Assessment Services — Package 6,Integrated Systems Services Directorate,Transport & Logistics,Cybersecurity,EOI-cum-RFP,2026-02-23,2026-03-17,224728000.0,INR,West Bengal,Siliguri,"Eligibility for cybersecurity covering statutory registration, financial capacity, relevant experience and scope-specific capability.",23,14,9,EASY,True
TND-000440,Clinical Equipment Upgrade — Package 1,Advanced Technology Procurement Cell,General Administration,Medical Equipment,EOI-cum-RFP,2025-09-11,2025-10-09,81907000.0,INR,Odisha,Cuttack,"Eligibility for medical equipment covering statutory registration, financial capacity, relevant experience and scope-specific capability.",23,14,9,EASY,True
TND-000441,Meeting Room Equipment — Package 9,Central Infrastructure Operations Board,Civil Works,Office Equipment,RFP,2025-12-01,2025-12-26,20445000.0,INR,Uttar Pradesh,Agra,"Eligibility for office equipment covering statutory registration, financial capacity, relevant experience and scope-specific capability.",22,13,9,EASY,True
TND-000442,Utility Infrastructure Works — Package 4,Unified Systems Procurement Corporation,Transport & Logistics,Infrastructure,Limited Tender,2026-09-10,2026-10-28,226269000.0,INR,Odisha,Rourkela,"Eligibility for infrastructure covering statutory registration, financial capacity, relevant experience and scope-specific capability.",28,16,12,MEDIUM,True
TND-000443,Core Network Equipment — Package 9,Advanced Infrastructure Operations Board,Civil Works,Networking Equipment,RFP,2026-01-28,2026-03-25,191683000.0,INR,Maharashtra,Pune,"Eligibility for networking equipment covering statutory registration, financial capacity, relevant experience and scope-specific capability.",27,15,12,MEDIUM,True
TND-000444,Enterprise Laptop Supply — Package 7,Central Procurement Procurement Cell,Civil Works,IT Hardware,Limited Tender,2025-09-26,2025-11-13,170633000.0,INR,Odisha,Bhubaneswar,"Eligibility for it hardware covering statutory registration, financial capacity, relevant experience and scope-specific capability.",26,16,10,EASY,True
TND-000445,Preventive Maintenance Contract — Package 7,Integrated Systems Projects Corporation,Cybersecurity,Maintenance Services,Open Tender,2025-09-02,2025-10-14,135069000.0,INR,Delhi,New Delhi,"Eligibility for maintenance services covering statutory registration, financial capacity, relevant experience and scope-specific capability.",28,16,12,MEDIUM,True
TND-000446,Patient Monitoring Systems — Package 7,Integrated Engineering Procurement Cell,Cybersecurity,Medical Equipment,Limited Tender,2025-10-15,2025-11-17,249688000.0,INR,Rajasthan,Kota,"Eligibility for medical equipment covering statutory registration, financial capacity, relevant experience and scope-specific capability.",29,19,10,MEDIUM,True
TND-000447,Diagnostic Equipment Supply — Package 6,Central Services Services Directorate,Medical Procurement,Medical Equipment,Open Tender,2026-06-06,2026-07-02,220228000.0,INR,Rajasthan,Kota,"Eligibility for medical equipment covering statutory registration, financial capacity, relevant experience and scope-specific capability.",28,17,11,MEDIUM,True
TND-000448,Cybersecurity Monitoring Solution — Package 1,Unified Engineering Supply Division,General Administration,Cybersecurity,EOI-cum-RFP,2026-06-25,2026-07-22,21629000.0,INR,Gujarat,Rajkot,"Eligibility for cybersecurity covering statutory registration, financial capacity, relevant experience and scope-specific capability.",29,21,8,EASY,True
TND-000450,Facility Infrastructure Upgrade — Package 1,Public Engineering Operations Board,Electrical Engineering,Infrastructure,RFP,2025-07-04,2025-08-05,143023000.0,INR,Tamil Nadu,Chennai,"Eligibility for infrastructure covering statutory registration, financial capacity, relevant experience and scope-specific capability.",26,15,11,EASY,True
TND-000451,Facility Renovation Works — Package 8,Integrated Infrastructure Infrastructure Agency,Electrical Engineering,Civil Works,EOI-cum-RFP,2025-10-03,2025-11-15,186820000.0,INR,Odisha,Rourkela,"Eligibility for civil works covering statutory registration, financial capacity, relevant experience and scope-specific capability.",25,16,9,EASY,True
TND-000452,Technical Support Services — Package 7,Strategic Services Projects Corporation,General Administration,Maintenance Services,Limited Tender,2025-02-08,2025-02-28,14177000.0,INR,Delhi,New Delhi,"Eligibility for maintenance services covering statutory registration, financial capacity, relevant experience and scope-specific capability.",22,16,6,EASY,True
TND-000454,Meeting Room Equipment — Package 4,Federal Engineering Systems Unit,Industrial Operations,Office Equipment,RFP,2026-05-25,2026-07-12,123715000.0,INR,West Bengal,Siliguri,"Eligibility for office equipment covering statutory registration, financial capacity, relevant experience and scope-specific capability.",23,17,6,HARD,True
TND-000457,Industrial Machinery Supply — Package 6,Unified Technology Procurement Cell,Industrial Operations,Mechanical Equipment,Open Tender,2025-12-02,2025-12-23,31162000.0,INR,Haryana,Panipat,"Eligibility for mechanical equipment covering statutory registration, financial capacity, relevant experience and scope-specific capability.",22,15,7,MEDIUM,True
TND-000459,Digital Platform Development — Package 7,Unified Services Infrastructure Agency,Cybersecurity,Software Services,Open Tender,2025-05-13,2025-07-11,8888000.0,INR,Haryana,Faridabad,"Eligibility for software services covering statutory registration, financial capacity, relevant experience and scope-specific capability.",23,15,8,HARD,True
TND-000460,Process Equipment Supply — Package 8,Public Systems Systems Unit,Transport & Logistics,Industrial Equipment,EOI-cum-RFP,2026-05-02,2026-06-11,242225000.0,INR,Tamil Nadu,Coimbatore,"Eligibility for industrial equipment covering statutory registration, financial capacity, relevant experience and scope-specific capability.",22,15,7,EASY,True
TND-000461,Workstation and Desktop Supply — Package 2,Integrated Medical Services Directorate,Cybersecurity,IT Hardware,RFP,2025-07-16,2025-08-13,105274000.0,INR,Haryana,Gurugram,"Eligibility for it hardware covering statutory registration, financial capacity, relevant experience and scope-specific capability.",28,19,9,EASY,True
TND-000463,Plant Instrumentation — Package 7,Advanced Infrastructure Projects Corporation,Cybersecurity,Industrial Equipment,Open Tender,2025-02-28,2025-04-19,22228000.0,INR,West Bengal,Durgapur,"Eligibility for industrial equipment covering statutory registration, financial capacity, relevant experience and scope-specific capability.",22,12,10,HARD,True
TND-000464,Technical Support Services — Package 7,Unified Industrial Services Directorate,Electrical Engineering,Maintenance Services,RFP,2025-05-09,2025-05-31,56008000.0,INR,Karnataka,Mangaluru,"Eligibility for maintenance services covering statutory registration, financial capacity, relevant experience and scope-specific capability.",28,16,12,EASY,True
TND-000466,Digital Platform Development — Package 1,Integrated Medical Services Directorate,Cybersecurity,Software Services,EOI-cum-RFP,2026-02-22,2026-03-19,39466000.0,INR,Haryana,Panipat,"Eligibility for software services covering statutory registration, financial capacity, relevant experience and scope-specific capability.",25,16,9,EASY,True
TND-000467,Campus Networking Upgrade — Package 6,Public Public Works Systems Unit,Civil Works,Networking Equipment,Open Tender,2025-03-14,2025-04-24,195853000.0,INR,Rajasthan,Jodhpur,"Eligibility for networking equipment covering statutory registration, financial capacity, relevant experience and scope-specific capability.",23,13,10,MEDIUM,True
TND-000468,Office Automation Equipment — Package 5,Public Systems Services Directorate,Electrical Engineering,Office Equipment,RFP,2025-10-26,2025-12-14,188033000.0,INR,Tamil Nadu,Chennai,"Eligibility for office equipment covering statutory registration, financial capacity, relevant experience and scope-specific capability.",23,15,8,MEDIUM,True
TND-000469,Production Equipment Upgrade — Package 2,Unified Procurement Supply Division,Cybersecurity,Industrial Equipment,RFP,2026-05-18,2026-06-08,159138000.0,INR,Tamil Nadu,Madurai,"Eligibility for industrial equipment covering statutory registration, financial capacity, relevant experience and scope-specific capability.",26,18,8,MEDIUM,True
TND-000470,Specialised Parts Procurement — Package 3,Advanced Digital Systems Unit,Cybersecurity,Manufacturing Supplies,EOI-cum-RFP,2026-06-11,2026-07-15,221927000.0,INR,Maharashtra,Aurangabad,"Eligibility for manufacturing supplies covering statutory registration, financial capacity, relevant experience and scope-specific capability.",27,15,12,EASY,True
TND-000471,Utility Infrastructure Works — Package 9,National Infrastructure Services Directorate,General Administration,Infrastructure,RFP,2025-03-24,2025-04-23,157792000.0,INR,Rajasthan,Kota,"Eligibility for infrastructure covering statutory registration, financial capacity, relevant experience and scope-specific capability.",22,16,6,EASY,True
TND-000472,Utility Civil Works — Package 2,National Procurement Systems Unit,Transport & Logistics,Civil Works,RFP,2025-11-12,2025-12-27,175799000.0,INR,Delhi,New Delhi,"Eligibility for civil works covering statutory registration, financial capacity, relevant experience and scope-specific capability.",25,14,11,MEDIUM,True
TND-000474,Infrastructure Modernisation — Package 9,National Public Works Services Directorate,Civil Works,Infrastructure,Limited Tender,2026-03-25,2026-05-04,186078000.0,INR,Gujarat,Vadodara,"Eligibility for infrastructure covering statutory registration, financial capacity, relevant experience and scope-specific capability.",28,21,7,EASY,True
TND-000476,Logistics Support Services — Package 7,Federal Infrastructure Infrastructure Agency,Cybersecurity,Transportation,Limited Tender,2025-07-01,2025-08-17,94155000.0,INR,Uttar Pradesh,Kanpur,"Eligibility for transportation covering statutory registration, financial capacity, relevant experience and scope-specific capability.",26,16,10,EASY,True
TND-000479,Project Management Consultancy — Package 3,Public Services Procurement Cell,General Administration,Consulting Services,RFP,2025-07-10,2025-08-12,201504000.0,INR,Gujarat,Vadodara,"Eligibility for consulting services covering statutory registration, financial capacity, relevant experience and scope-specific capability.",22,12,10,EASY,True
TND-000480,Software Modernisation Services — Package 5,Federal Technology Infrastructure Agency,Information Technology,Software Services,Limited Tender,2026-08-21,2026-10-02,114715000.0,INR,Odisha,Cuttack,"Eligibility for software services covering statutory registration, financial capacity, relevant experience and scope-specific capability.",22,16,6,MEDIUM,True
TND-000481,Workshop Equipment Supply — Package 7,National Services Projects Corporation,Information Technology,Mechanical Equipment,EOI-cum-RFP,2025-01-06,2025-03-01,99068000.0,INR,Delhi,New Delhi,"Eligibility for mechanical equipment covering statutory registration, financial capacity, relevant experience and scope-specific capability.",24,18,6,EASY,True
TND-000482,Road Improvement Package — Package 4,Federal Industrial Infrastructure Agency,Medical Procurement,Civil Works,EOI-cum-RFP,2026-06-16,2026-08-14,202009000.0,INR,Karnataka,Mangaluru,"Eligibility for civil works covering statutory registration, financial capacity, relevant experience and scope-specific capability.",22,14,8,EASY,True
TND-000483,Logistics Support Services — Package 4,Unified Medical Systems Unit,General Administration,Transportation,EOI-cum-RFP,2026-06-28,2026-08-16,89381000.0,INR,Tamil Nadu,Madurai,"Eligibility for transportation covering statutory registration, financial capacity, relevant experience and scope-specific capability.",26,16,10,EASY,True
TND-000484,Data Centre Hardware Supply — Package 7,Strategic Industrial Supply Division,Medical Procurement,IT Hardware,EOI-cum-RFP,2025-10-20,2025-11-10,20396000.0,INR,Rajasthan,Udaipur,"Eligibility for it hardware covering statutory registration, financial capacity, relevant experience and scope-specific capability.",25,18,7,EASY,True
TND-000485,Document Management Equipment — Package 4,Advanced Engineering Procurement Corporation,Transport & Logistics,Office Equipment,Open Tender,2025-04-22,2025-05-17,234934000.0,INR,Telangana,Hyderabad,"Eligibility for office equipment covering statutory registration, financial capacity, relevant experience and scope-specific capability.",29,19,10,EASY,True
TND-000486,Implementation Advisory Services — Package 6,Public Medical Projects Corporation,Information Technology,Consulting Services,EOI-cum-RFP,2026-07-16,2026-08-29,23371000.0,INR,Tamil Nadu,Madurai,"Eligibility for consulting services covering statutory registration, financial capacity, relevant experience and scope-specific capability.",28,20,8,EASY,True
TND-000488,Industrial Control Systems — Package 1,National Systems Services Directorate,General Administration,Industrial Equipment,Limited Tender,2025-01-13,2025-03-02,227156000.0,INR,Uttar Pradesh,Lucknow,"Eligibility for industrial equipment covering statutory registration, financial capacity, relevant experience and scope-specific capability.",24,13,11,EASY,True
TND-000489,Specialised Parts Procurement — Package 7,Bharat Procurement Infrastructure Agency,Information Technology,Manufacturing Supplies,Open Tender,2025-12-26,2026-02-09,206037000.0,INR,Odisha,Cuttack,"Eligibility for manufacturing supplies covering statutory registration, financial capacity, relevant experience and scope-specific capability.",24,14,10,EASY,True
TND-000490,Vulnerability Assessment Services — Package 9,National Systems Services Directorate,Industrial Operations,Cybersecurity,Limited Tender,2026-09-12,2026-11-01,240646000.0,INR,Punjab,Mohali,"Eligibility for cybersecurity covering statutory registration, financial capacity, relevant experience and scope-specific capability.",28,20,8,EASY,True
TND-000491,Process Improvement Consultancy — Package 3,Central Digital Procurement Cell,General Administration,Consulting Services,Limited Tender,2026-06-15,2026-07-13,129143000.0,INR,Tamil Nadu,Coimbatore,"Eligibility for consulting services covering statutory registration, financial capacity, relevant experience and scope-specific capability.",28,19,9,EASY,True
TND-000492,Technical Support Services — Package 4,Integrated Services Procurement Cell,Information Technology,Maintenance Services,EOI-cum-RFP,2026-03-16,2026-04-25,234191000.0,INR,Punjab,Mohali,"Eligibility for maintenance services covering statutory registration, financial capacity, relevant experience and scope-specific capability.",23,13,10,EASY,True
TND-000493,Vehicle Hiring Services — Package 7,National Procurement Procurement Corporation,General Administration,Transportation,EOI-cum-RFP,2025-06-23,2025-07-26,188628000.0,INR,Telangana,Nizamabad,"Eligibility for transportation covering statutory registration, financial capacity, relevant experience and scope-specific capability.",28,20,8,HARD,True
TND-000494,Security Operations Contract — Package 9,Public Industrial Projects Corporation,General Administration,Security Services,Open Tender,2025-04-18,2025-05-25,195491000.0,INR,Punjab,Ludhiana,"Eligibility for security services covering statutory registration, financial capacity, relevant experience and scope-specific capability.",28,21,7,HARD,True
TND-000495,Project Management Consultancy — Package 4,Federal Public Works Projects Corporation,Cybersecurity,Consulting Services,Limited Tender,2025-06-28,2025-08-03,14460000.0,INR,Punjab,Amritsar,"Eligibility for consulting services covering statutory registration, financial capacity, relevant experience and scope-specific capability.",22,15,7,EASY,True
TND-000496,Security Operations Support — Package 8,Central Procurement Operations Board,Electrical Engineering,Cybersecurity,Open Tender,2025-09-20,2025-10-15,159678000.0,INR,Haryana,Panipat,"Eligibility for cybersecurity covering statutory registration, financial capacity, relevant experience and scope-specific capability.",24,13,11,EASY,True
TND-000497,Campus Networking Upgrade — Package 5,Bharat Public Works Procurement Cell,Transport & Logistics,Networking Equipment,Open Tender,2025-01-04,2025-01-31,127533000.0,INR,Haryana,Panipat,"Eligibility for networking equipment covering statutory registration, financial capacity, relevant experience and scope-specific capability.",30,17,13,HARD,True
TND-000498,Wireless Infrastructure Supply — Package 8,Advanced Services Operations Board,Civil Works,Networking Equipment,RFP,2026-01-12,2026-02-06,39234000.0,INR,Punjab,Mohali,"Eligibility for networking equipment covering statutory registration, financial capacity, relevant experience and scope-specific capability.",24,17,7,MEDIUM,True
TND-000500,Utility Civil Works — Package 3,Unified Public Works Operations Board,Medical Procurement,Civil Works,Limited Tender,2026-04-28,2026-06-02,95673000.0,INR,Punjab,Amritsar,"Eligibility for civil works covering statutory registration, financial capacity, relevant experience and scope-specific capability.",30,21,9,EASY,True
TND-000502,Core Network Equipment — Package 6,Central Systems Supply Division,Medical Procurement,Networking Equipment,Open Tender,2025-10-09,2025-11-29,14399000.0,INR,Gujarat,Ahmedabad,"Eligibility for networking equipment covering statutory registration, financial capacity, relevant experience and scope-specific capability.",22,13,9,HARD,True
TND-000504,Preventive Maintenance Contract — Package 5,Unified Medical Supply Division,Information Technology,Maintenance Services,Open Tender,2025-03-03,2025-03-25,90123000.0,INR,West Bengal,Siliguri,"Eligibility for maintenance services covering statutory registration, financial capacity, relevant experience and scope-specific capability.",26,18,8,HARD,True
TND-000506,Logistics Support Services — Package 6,Unified Systems Infrastructure Agency,Industrial Operations,Transportation,RFP,2026-05-23,2026-07-17,163896000.0,INR,Haryana,Panipat,"Eligibility for transportation covering statutory registration, financial capacity, relevant experience and scope-specific capability.",26,15,11,HARD,True
TND-000507,Workstation and Desktop Supply — Package 9,Central Services Systems Unit,Information Technology,IT Hardware,RFP,2025-05-12,2025-07-03,154487000.0,INR,Gujarat,Surat,"Eligibility for it hardware covering statutory registration, financial capacity, relevant experience and scope-specific capability.",22,15,7,EASY,True
TND-000508,Security Operations Support — Package 3,Bharat Public Works Systems Unit,Cybersecurity,Cybersecurity,EOI-cum-RFP,2025-02-09,2025-03-27,90864000.0,INR,West Bengal,Siliguri,"Eligibility for cybersecurity covering statutory registration, financial capacity, relevant experience and scope-specific capability.",28,19,9,HARD,True
TND-000510,Server and Storage Equipment — Package 7,Bharat Procurement Projects Corporation,General Administration,IT Hardware,RFP,2025-10-03,2025-11-14,221985000.0,INR,Maharashtra,Pune,"Eligibility for it hardware covering statutory registration, financial capacity, relevant experience and scope-specific capability.",28,20,8,EASY,True
TND-000511,Data Centre Hardware Supply — Package 8,Federal Engineering Procurement Corporation,Industrial Operations,IT Hardware,EOI-cum-RFP,2025-04-13,2025-06-02,243708000.0,INR,Karnataka,Mangaluru,"Eligibility for it hardware covering statutory registration, financial capacity, relevant experience and scope-specific capability.",30,18,12,HARD,True
TND-000514,Utility Civil Works — Package 8,Bharat Medical Services Directorate,Cybersecurity,Civil Works,EOI-cum-RFP,2025-02-17,2025-03-16,55606000.0,INR,Punjab,Jalandhar,"Eligibility for civil works covering statutory registration, financial capacity, relevant experience and scope-specific capability.",23,13,10,EASY,True
TND-000515,Project Management Consultancy — Package 7,Unified Industrial Services Directorate,Civil Works,Consulting Services,RFP,2025-12-14,2026-01-23,136947000.0,INR,Uttar Pradesh,Agra,"Eligibility for consulting services covering statutory registration, financial capacity, relevant experience and scope-specific capability.",25,18,7,EASY,True
TND-000517,Digital Platform Development — Package 7,Federal Digital Projects Corporation,Cybersecurity,Software Services,Limited Tender,2026-07-20,2026-08-21,147728000.0,INR,Tamil Nadu,Coimbatore,"Eligibility for software services covering statutory registration, financial capacity, relevant experience and scope-specific capability.",29,21,8,EASY,True
TND-000518,Office Automation Equipment — Package 1,National Infrastructure Supply Division,Cybersecurity,Office Equipment,Open Tender,2026-08-19,2026-09-25,229793000.0,INR,West Bengal,Kolkata,"Eligibility for office equipment covering statutory registration, financial capacity, relevant experience and scope-specific capability.",28,19,9,EASY,True
TND-000519,Production Equipment Upgrade — Package 6,Central Procurement Infrastructure Agency,Electrical Engineering,Industrial Equipment,Open Tender,2026-08-09,2026-09-03,249131000.0,INR,Karnataka,Hubballi,"Eligibility for industrial equipment covering statutory registration, financial capacity, relevant experience and scope-specific capability.",26,18,8,MEDIUM,True
TND-000520,Server and Storage Equipment — Package 1,National Infrastructure Infrastructure Agency,Transport & Logistics,IT Hardware,Limited Tender,2026-08-10,2026-10-09,57003000.0,INR,Tamil Nadu,Madurai,"Eligibility for it hardware covering statutory registration, financial capacity, relevant experience and scope-specific capability.",25,14,11,MEDIUM,True
TND-000521,Logistics Support Services — Package 9,Bharat Technology Procurement Cell,Cybersecurity,Transportation,Open Tender,2025-02-12,2025-03-13,29174000.0,INR,Karnataka,Hubballi,"Eligibility for transportation covering statutory registration, financial capacity, relevant experience and scope-specific capability.",27,20,7,HARD,True
TND-000522,Material Transportation Contract — Package 6,Public Procurement Procurement Corporation,Industrial Operations,Transportation,Open Tender,2026-07-19,2026-09-14,108241000.0,INR,Uttar Pradesh,Lucknow,"Eligibility for transportation covering statutory registration, financial capacity, relevant experience and scope-specific capability.",28,18,10,MEDIUM,True
TND-000523,Fabricated Components Supply — Package 6,National Procurement Procurement Cell,Cybersecurity,Manufacturing Supplies,Open Tender,2025-01-24,2025-03-09,159843000.0,INR,Odisha,Bhubaneswar,"Eligibility for manufacturing supplies covering statutory registration, financial capacity, relevant experience and scope-specific capability.",24,13,11,EASY,True
TND-000524,Diagnostic Equipment Supply — Package 5,Strategic Digital Systems Unit,Information Technology,Medical Equipment,EOI-cum-RFP,2025-09-17,2025-10-26,171367000.0,INR,Punjab,Jalandhar,"Eligibility for medical equipment covering statutory registration, financial capacity, relevant experience and scope-specific capability.",25,18,7,EASY,True
TND-000525,Facility Infrastructure Upgrade — Package 4,National Technology Procurement Corporation,Electrical Engineering,Infrastructure,Open Tender,2026-02-28,2026-03-22,188963000.0,INR,Tamil Nadu,Coimbatore,"Eligibility for infrastructure covering statutory registration, financial capacity, relevant experience and scope-specific capability.",26,17,9,EASY,True
TND-000527,Server and Storage Equipment — Package 6,Public Procurement Systems Unit,Civil Works,IT Hardware,EOI-cum-RFP,2026-06-13,2026-08-03,164458000.0,INR,Maharashtra,Aurangabad,"Eligibility for it hardware covering statutory registration, financial capacity, relevant experience and scope-specific capability.",24,18,6,MEDIUM,True
TND-000528,Vulnerability Assessment Services — Package 5,Strategic Systems Services Directorate,Industrial Operations,Cybersecurity,Open Tender,2026-06-15,2026-07-27,71001000.0,INR,Telangana,Hyderabad,"Eligibility for cybersecurity covering statutory registration, financial capacity, relevant experience and scope-specific capability.",26,17,9,MEDIUM,True
TND-000530,Precision Components Supply — Package 6,Bharat Procurement Projects Corporation,Industrial Operations,Manufacturing Supplies,EOI-cum-RFP,2025-01-12,2025-02-22,65075000.0,INR,Rajasthan,Jodhpur,"Eligibility for manufacturing supplies covering statutory registration, financial capacity, relevant experience and scope-specific capability.",27,18,9,EASY,True
TND-000531,Material Handling Systems — Package 3,Central Services Procurement Corporation,General Administration,Mechanical Equipment,Open Tender,2025-01-31,2025-02-25,153879000.0,INR,Tamil Nadu,Chennai,"Eligibility for mechanical equipment covering statutory registration, financial capacity, relevant experience and scope-specific capability.",22,16,6,HARD,True
TND-000532,Mechanical Equipment Upgrade — Package 1,Public Technology Systems Unit,Electrical Engineering,Mechanical Equipment,RFP,2026-06-09,2026-07-27,19165000.0,INR,Punjab,Jalandhar,"Eligibility for mechanical equipment covering statutory registration, financial capacity, relevant experience and scope-specific capability.",30,20,10,EASY,True
TND-000533,Vulnerability Assessment Services — Package 1,Central Systems Operations Board,Information Technology,Cybersecurity,Open Tender,2025-01-06,2025-03-03,172900000.0,INR,Uttar Pradesh,Noida,"Eligibility for cybersecurity covering statutory registration, financial capacity, relevant experience and scope-specific capability.",28,16,12,HARD,True
TND-000535,Meeting Room Equipment — Package 9,Central Industrial Supply Division,Cybersecurity,Office Equipment,Limited Tender,2025-01-18,2025-02-25,112848000.0,INR,Rajasthan,Udaipur,"Eligibility for office equipment covering statutory registration, financial capacity, relevant experience and scope-specific capability.",26,17,9,HARD,True
TND-000536,Laboratory Equipment Supply — Package 4,Unified Technology Projects Corporation,Information Technology,Medical Equipment,Limited Tender,2025-09-27,2025-11-26,123604000.0,INR,Karnataka,Mysuru,"Eligibility for medical equipment covering statutory registration, financial capacity, relevant experience and scope-specific capability.",26,16,10,EASY,True
TND-000540,Precision Components Supply — Package 3,Central Industrial Supply Division,Civil Works,Manufacturing Supplies,EOI-cum-RFP,2026-07-30,2026-09-22,47340000.0,INR,Haryana,Faridabad,"Eligibility for manufacturing supplies covering statutory registration, financial capacity, relevant experience and scope-specific capability.",30,19,11,HARD,True
TND-000541,Industrial Consumables Supply — Package 9,Advanced Infrastructure Procurement Corporation,Civil Works,Manufacturing Supplies,EOI-cum-RFP,2026-03-09,2026-04-07,181366000.0,INR,Odisha,Cuttack,"Eligibility for manufacturing supplies covering statutory registration, financial capacity, relevant experience and scope-specific capability.",30,22,8,HARD,True
TND-000542,Industrial Control Systems — Package 1,Integrated Medical Services Directorate,Industrial Operations,Industrial Equipment,EOI-cum-RFP,2025-02-27,2025-03-22,46422000.0,INR,West Bengal,Durgapur,"Eligibility for industrial equipment covering statutory registration, financial capacity, relevant experience and scope-specific capability.",22,14,8,MEDIUM,True
TND-000543,Industrial Switchgear Supply — Package 9,Public Systems Infrastructure Agency,Industrial Operations,Electrical Equipment,Open Tender,2025-07-17,2025-09-10,195663000.0,INR,Karnataka,Hubballi,"Eligibility for electrical equipment covering statutory registration, financial capacity, relevant experience and scope-specific capability.",30,20,10,EASY,True
TND-000544,Technology Advisory Services — Package 2,Federal Technology Operations Board,Industrial Operations,Consulting Services,Limited Tender,2026-07-21,2026-09-18,234989000.0,INR,Uttar Pradesh,Lucknow,"Eligibility for consulting services covering statutory registration, financial capacity, relevant experience and scope-specific capability.",24,14,10,EASY,True
TND-000545,Laboratory Equipment Supply — Package 6,Advanced Systems Projects Corporation,Industrial Operations,Medical Equipment,Limited Tender,2026-07-03,2026-08-26,84879000.0,INR,Maharashtra,Pune,"Eligibility for medical equipment covering statutory registration, financial capacity, relevant experience and scope-specific capability.",30,22,8,HARD,True
TND-000546,Process Equipment Supply — Package 3,Advanced Digital Procurement Cell,Civil Works,Industrial Equipment,EOI-cum-RFP,2025-07-05,2025-08-16,86103000.0,INR,West Bengal,Kolkata,"Eligibility for industrial equipment covering statutory registration, financial capacity, relevant experience and scope-specific capability.",29,20,9,EASY,True
TND-000547,Meeting Room Equipment — Package 8,Bharat Engineering Supply Division,Transport & Logistics,Office Equipment,Limited Tender,2025-04-22,2025-05-29,176840000.0,INR,Rajasthan,Jaipur,"Eligibility for office equipment covering statutory registration, financial capacity, relevant experience and scope-specific capability.",30,22,8,MEDIUM,True
TND-000548,Annual Equipment Maintenance — Package 7,Federal Technology Supply Division,Electrical Engineering,Maintenance Services,Limited Tender,2025-03-23,2025-04-18,178551000.0,INR,Gujarat,Rajkot,"Eligibility for maintenance services covering statutory registration, financial capacity, relevant experience and scope-specific capability.",28,17,11,MEDIUM,True
TND-000549,Technology Advisory Services — Package 9,Bharat Engineering Services Directorate,Electrical Engineering,Consulting Services,EOI-cum-RFP,2025-06-03,2025-07-13,234009000.0,INR,Gujarat,Rajkot,"Eligibility for consulting services covering statutory registration, financial capacity, relevant experience and scope-specific capability.",22,12,10,EASY,True
TND-000552,Core Network Equipment — Package 6,Bharat Medical Procurement Corporation,Civil Works,Networking Equipment,Limited Tender,2026-01-08,2026-02-23,18204000.0,INR,Delhi,New Delhi,"Eligibility for networking equipment covering statutory registration, financial capacity, relevant experience and scope-specific capability.",30,20,10,HARD,True
TND-000554,Facility Security Services — Package 5,Public Services Operations Board,Electrical Engineering,Security Services,Open Tender,2025-10-15,2025-11-09,78167000.0,INR,Tamil Nadu,Chennai,"Eligibility for security services covering statutory registration, financial capacity, relevant experience and scope-specific capability.",24,15,9,EASY,True
TND-000555,Facility Security Services — Package 1,National Systems Procurement Cell,Information Technology,Security Services,EOI-cum-RFP,2025-05-05,2025-06-19,161248000.0,INR,Maharashtra,Pune,"Eligibility for security services covering statutory registration, financial capacity, relevant experience and scope-specific capability.",23,15,8,MEDIUM,True
TND-000556,Plant Instrumentation — Package 1,Bharat Infrastructure Procurement Corporation,Cybersecurity,Industrial Equipment,Limited Tender,2025-09-04,2025-09-26,167729000.0,INR,Delhi,New Delhi,"Eligibility for industrial equipment covering statutory registration, financial capacity, relevant experience and scope-specific capability.",29,21,8,HARD,True
TND-000557,Security Operations Contract — Package 2,Advanced Medical Supply Division,Civil Works,Security Services,EOI-cum-RFP,2025-03-21,2025-04-27,134787000.0,INR,Odisha,Bhubaneswar,"Eligibility for security services covering statutory registration, financial capacity, relevant experience and scope-specific capability.",28,18,10,EASY,True
TND-000558,Utility Civil Works — Package 2,National Systems Procurement Corporation,General Administration,Civil Works,RFP,2026-05-10,2026-07-09,233388000.0,INR,Odisha,Cuttack,"Eligibility for civil works covering statutory registration, financial capacity, relevant experience and scope-specific capability.",26,19,7,EASY,True
TND-000559,Security Operations Contract — Package 2,Strategic Public Works Operations Board,Cybersecurity,Security Services,EOI-cum-RFP,2026-02-16,2026-03-20,211382000.0,INR,Karnataka,Bengaluru,"Eligibility for security services covering statutory registration, financial capacity, relevant experience and scope-specific capability.",25,17,8,MEDIUM,True
TND-000560,Campus Networking Upgrade — Package 3,National Procurement Services Directorate,Transport & Logistics,Networking Equipment,Open Tender,2026-04-13,2026-05-14,12789000.0,INR,Uttar Pradesh,Lucknow,"Eligibility for networking equipment covering statutory registration, financial capacity, relevant experience and scope-specific capability.",22,16,6,MEDIUM,True
TND-000561,Industrial Switchgear Supply — Package 8,Central Public Works Operations Board,Medical Procurement,Electrical Equipment,Open Tender,2025-03-06,2025-04-03,2864000.0,INR,West Bengal,Durgapur,"Eligibility for electrical equipment covering statutory registration, financial capacity, relevant experience and scope-specific capability.",27,17,10,HARD,True
TND-000562,Vehicle Hiring Services — Package 9,Advanced Procurement Systems Unit,Information Technology,Transportation,Open Tender,2026-07-26,2026-09-16,152409000.0,INR,Haryana,Gurugram,"Eligibility for transportation covering statutory registration, financial capacity, relevant experience and scope-specific capability.",30,19,11,HARD,True
TND-000563,Facility Security Services — Package 8,Central Technology Procurement Corporation,Electrical Engineering,Security Services,Limited Tender,2026-05-30,2026-06-25,4059000.0,INR,Haryana,Hisar,"Eligibility for security services covering statutory registration, financial capacity, relevant experience and scope-specific capability.",28,18,10,EASY,True
TND-000564,Application Maintenance Services — Package 6,Central Engineering Systems Unit,Civil Works,Software Services,RFP,2026-05-20,2026-07-14,172714000.0,INR,Punjab,Ludhiana,"Eligibility for software services covering statutory registration, financial capacity, relevant experience and scope-specific capability.",30,18,12,MEDIUM,True
TND-000565,Facility Renovation Works — Package 1,Advanced Services Procurement Corporation,Medical Procurement,Civil Works,EOI-cum-RFP,2025-07-31,2025-09-15,242164000.0,INR,Karnataka,Bengaluru,"Eligibility for civil works covering statutory registration, financial capacity, relevant experience and scope-specific capability.",29,17,12,MEDIUM,True
TND-000567,Industrial Machinery Supply — Package 5,Bharat Digital Supply Division,Transport & Logistics,Mechanical Equipment,EOI-cum-RFP,2025-01-18,2025-02-10,53921000.0,INR,West Bengal,Siliguri,"Eligibility for mechanical equipment covering statutory registration, financial capacity, relevant experience and scope-specific capability.",30,20,10,HARD,True
TND-000568,Plant Instrumentation — Package 5,Integrated Technology Supply Division,Civil Works,Industrial Equipment,EOI-cum-RFP,2026-06-20,2026-08-15,16489000.0,INR,Telangana,Nizamabad,"Eligibility for industrial equipment covering statutory registration, financial capacity, relevant experience and scope-specific capability.",25,17,8,EASY,True
TND-000569,Industrial Control Systems — Package 3,Unified Services Systems Unit,Industrial Operations,Industrial Equipment,RFP,2026-07-28,2026-09-25,43828000.0,INR,Telangana,Warangal,"Eligibility for industrial equipment covering statutory registration, financial capacity, relevant experience and scope-specific capability.",24,15,9,MEDIUM,True
TND-000570,Cybersecurity Monitoring Solution — Package 5,Integrated Industrial Projects Corporation,Civil Works,Cybersecurity,EOI-cum-RFP,2025-01-03,2025-03-04,30911000.0,INR,Punjab,Amritsar,"Eligibility for cybersecurity covering statutory registration, financial capacity, relevant experience and scope-specific capability.",23,16,7,EASY,True
TND-000571,Diagnostic Equipment Supply — Package 9,National Systems Procurement Corporation,Industrial Operations,Medical Equipment,EOI-cum-RFP,2026-05-23,2026-07-07,107331000.0,INR,Delhi,New Delhi,"Eligibility for medical equipment covering statutory registration, financial capacity, relevant experience and scope-specific capability.",30,21,9,EASY,True
TND-000572,Infrastructure Modernisation — Package 8,Federal Infrastructure Operations Board,Information Technology,Infrastructure,Limited Tender,2025-10-02,2025-10-23,240931000.0,INR,Delhi,New Delhi,"Eligibility for infrastructure covering statutory registration, financial capacity, relevant experience and scope-specific capability.",28,19,9,HARD,True
TND-000573,Workshop Equipment Supply — Package 1,Federal Systems Infrastructure Agency,Industrial Operations,Mechanical Equipment,RFP,2026-01-27,2026-02-20,33456000.0,INR,Telangana,Hyderabad,"Eligibility for mechanical equipment covering statutory registration, financial capacity, relevant experience and scope-specific capability.",26,16,10,MEDIUM,True
TND-000576,Laboratory Equipment Supply — Package 6,Strategic Systems Operations Board,Civil Works,Medical Equipment,Limited Tender,2025-12-18,2026-02-03,140729000.0,INR,Punjab,Amritsar,"Eligibility for medical equipment covering statutory registration, financial capacity, relevant experience and scope-specific capability.",27,17,10,EASY,True
TND-000577,Facility Renovation Works — Package 6,Integrated Industrial Supply Division,Industrial Operations,Civil Works,EOI-cum-RFP,2026-06-10,2026-07-02,82679000.0,INR,Telangana,Warangal,"Eligibility for civil works covering statutory registration, financial capacity, relevant experience and scope-specific capability.",25,17,8,HARD,True
TND-000578,Document Management Equipment — Package 8,Federal Procurement Procurement Corporation,Electrical Engineering,Office Equipment,RFP,2026-05-14,2026-06-20,24498000.0,INR,Karnataka,Mangaluru,"Eligibility for office equipment covering statutory registration, financial capacity, relevant experience and scope-specific capability.",28,20,8,HARD,True
TND-000579,Vehicle Hiring Services — Package 5,Central Public Works Services Directorate,Information Technology,Transportation,EOI-cum-RFP,2026-03-28,2026-05-22,58074000.0,INR,Rajasthan,Kota,"Eligibility for transportation covering statutory registration, financial capacity, relevant experience and scope-specific capability.",22,13,9,EASY,True
TND-000580,Enterprise Application Implementation — Package 6,Integrated Medical Systems Unit,Information Technology,Software Services,RFP,2025-02-21,2025-03-19,191637000.0,INR,Telangana,Warangal,"Eligibility for software services covering statutory registration, financial capacity, relevant experience and scope-specific capability.",25,17,8,MEDIUM,True
TND-000581,Building Construction Works — Package 3,Central Medical Procurement Corporation,General Administration,Civil Works,Open Tender,2026-02-06,2026-03-31,145547000.0,INR,Karnataka,Mangaluru,"Eligibility for civil works covering statutory registration, financial capacity, relevant experience and scope-specific capability.",25,15,10,HARD,True
TND-000582,Precision Components Supply — Package 1,National Engineering Services Directorate,Industrial Operations,Manufacturing Supplies,RFP,2026-02-22,2026-04-01,103997000.0,INR,Punjab,Mohali,"Eligibility for manufacturing supplies covering statutory registration, financial capacity, relevant experience and scope-specific capability.",25,14,11,EASY,True
TND-000584,Data Centre Hardware Supply — Package 2,Advanced Medical Procurement Corporation,Cybersecurity,IT Hardware,Limited Tender,2026-03-29,2026-05-24,77627000.0,INR,Haryana,Panipat,"Eligibility for it hardware covering statutory registration, financial capacity, relevant experience and scope-specific capability.",22,14,8,EASY,True
TND-000585,Enterprise Laptop Supply — Package 1,Bharat Engineering Operations Board,Industrial Operations,IT Hardware,EOI-cum-RFP,2026-05-04,2026-07-03,108995000.0,INR,Telangana,Hyderabad,"Eligibility for it hardware covering statutory registration, financial capacity, relevant experience and scope-specific capability.",26,15,11,MEDIUM,True
TND-000586,Diagnostic Equipment Supply — Package 6,National Industrial Projects Corporation,Industrial Operations,Medical Equipment,Open Tender,2026-01-24,2026-03-10,153883000.0,INR,Uttar Pradesh,Lucknow,"Eligibility for medical equipment covering statutory registration, financial capacity, relevant experience and scope-specific capability.",30,17,13,EASY,True
TND-000587,Network Infrastructure Development — Package 1,Bharat Systems Procurement Corporation,Industrial Operations,Infrastructure,Limited Tender,2025-01-20,2025-02-17,245860000.0,INR,Punjab,Amritsar,"Eligibility for infrastructure covering statutory registration, financial capacity, relevant experience and scope-specific capability.",22,15,7,MEDIUM,True
TND-000589,Preventive Maintenance Contract — Package 3,National Engineering Operations Board,General Administration,Maintenance Services,Open Tender,2026-08-17,2026-09-07,193923000.0,INR,Karnataka,Mysuru,"Eligibility for maintenance services covering statutory registration, financial capacity, relevant experience and scope-specific capability.",26,19,7,MEDIUM,True
TND-000593,Data Centre Hardware Supply — Package 7,Unified Systems Supply Division,Transport & Logistics,IT Hardware,EOI-cum-RFP,2025-02-04,2025-03-22,83079000.0,INR,Haryana,Hisar,"Eligibility for it hardware covering statutory registration, financial capacity, relevant experience and scope-specific capability.",24,14,10,HARD,True
TND-000597,Production Equipment Upgrade — Package 5,Public Infrastructure Systems Unit,General Administration,Industrial Equipment,Open Tender,2025-02-03,2025-03-29,51984000.0,INR,Karnataka,Bengaluru,"Eligibility for industrial equipment covering statutory registration, financial capacity, relevant experience and scope-specific capability.",28,20,8,HARD,True
TND-000598,Material Handling Systems — Package 7,Bharat Public Works Infrastructure Agency,Information Technology,Mechanical Equipment,Limited Tender,2025-12-27,2026-02-25,75042000.0,INR,West Bengal,Kolkata,"Eligibility for mechanical equipment covering statutory registration, financial capacity, relevant experience and scope-specific capability.",25,18,7,MEDIUM,True
TND-000599,Industrial Machinery Supply — Package 6,Central Industrial Services Directorate,Industrial Operations,Mechanical Equipment,EOI-cum-RFP,2026-05-14,2026-06-06,204365000.0,INR,Gujarat,Ahmedabad,"Eligibility for mechanical equipment covering statutory registration, financial capacity, relevant experience and scope-specific capability.",25,14,11,EASY,True
TND-000600,Technology Advisory Services — Package 3,Advanced Services Infrastructure Agency,Cybersecurity,Consulting Services,Open Tender,2026-08-17,2026-10-04,172404000.0,INR,Maharashtra,Pune,"Eligibility for consulting services covering statutory registration, financial capacity, relevant experience and scope-specific capability.",30,19,11,EASY,True
TND-000601,Network Infrastructure Development — Package 8,Advanced Medical Procurement Corporation,Civil Works,Infrastructure,Open Tender,2025-01-13,2025-02-07,42589000.0,INR,Maharashtra,Nashik,"Eligibility for infrastructure covering statutory registration, financial capacity, relevant experience and scope-specific capability.",26,19,7,MEDIUM,True
TND-000602,Workshop Equipment Supply — Package 3,Advanced Procurement Procurement Cell,Medical Procurement,Mechanical Equipment,Limited Tender,2026-02-07,2026-04-04,214720000.0,INR,Gujarat,Rajkot,"Eligibility for mechanical equipment covering statutory registration, financial capacity, relevant experience and scope-specific capability.",29,20,9,MEDIUM,True
TND-000604,Facility Infrastructure Upgrade — Package 3,Bharat Services Operations Board,Information Technology,Infrastructure,RFP,2025-07-20,2025-08-29,49946000.0,INR,Rajasthan,Jodhpur,"Eligibility for infrastructure covering statutory registration, financial capacity, relevant experience and scope-specific capability.",23,13,10,EASY,True
TND-000605,Production Equipment Upgrade — Package 2,Strategic Digital Projects Corporation,Medical Procurement,Industrial Equipment,RFP,2025-05-13,2025-06-21,17170000.0,INR,Karnataka,Bengaluru,"Eligibility for industrial equipment covering statutory registration, financial capacity, relevant experience and scope-specific capability.",24,16,8,MEDIUM,True
TND-000607,Diagnostic Equipment Supply — Package 3,Public Medical Procurement Corporation,Industrial Operations,Medical Equipment,RFP,2025-02-15,2025-04-14,211716000.0,INR,Telangana,Hyderabad,"Eligibility for medical equipment covering statutory registration, financial capacity, relevant experience and scope-specific capability.",30,22,8,MEDIUM,True
TND-000608,Software Modernisation Services — Package 4,Bharat Systems Supply Division,Civil Works,Software Services,Open Tender,2026-08-07,2026-08-28,115478000.0,INR,Maharashtra,Nagpur,"Eligibility for software services covering statutory registration, financial capacity, relevant experience and scope-specific capability.",29,16,13,HARD,True
TND-000610,Preventive Maintenance Contract — Package 4,Strategic Procurement Systems Unit,Industrial Operations,Maintenance Services,Open Tender,2025-07-26,2025-09-04,102985000.0,INR,Gujarat,Rajkot,"Eligibility for maintenance services covering statutory registration, financial capacity, relevant experience and scope-specific capability.",29,19,10,MEDIUM,True
TND-000611,Infrastructure Modernisation — Package 5,Bharat Industrial Procurement Cell,Industrial Operations,Infrastructure,RFP,2026-01-03,2026-01-23,159333000.0,INR,Tamil Nadu,Madurai,"Eligibility for infrastructure covering statutory registration, financial capacity, relevant experience and scope-specific capability.",22,14,8,EASY,True
TND-000612,Road Improvement Package — Package 7,Strategic Infrastructure Infrastructure Agency,General Administration,Civil Works,Open Tender,2026-07-30,2026-09-13,60921000.0,INR,Uttar Pradesh,Noida,"Eligibility for civil works covering statutory registration, financial capacity, relevant experience and scope-specific capability.",29,20,9,MEDIUM,True
TND-000613,Fleet Transportation Services — Package 5,Bharat Infrastructure Infrastructure Agency,Civil Works,Transportation,Limited Tender,2026-01-15,2026-02-11,244641000.0,INR,Uttar Pradesh,Agra,"Eligibility for transportation covering statutory registration, financial capacity, relevant experience and scope-specific capability.",29,19,10,MEDIUM,True
TND-000615,Technical Support Services — Package 8,Central Engineering Supply Division,Electrical Engineering,Maintenance Services,Limited Tender,2025-11-24,2026-01-08,50556000.0,INR,Tamil Nadu,Madurai,"Eligibility for maintenance services covering statutory registration, financial capacity, relevant experience and scope-specific capability.",27,16,11,HARD,True
TND-000616,Facility Security Services — Package 9,Bharat Public Works Supply Division,Industrial Operations,Security Services,Limited Tender,2026-08-14,2026-09-14,54487000.0,INR,Tamil Nadu,Chennai,"Eligibility for security services covering statutory registration, financial capacity, relevant experience and scope-specific capability.",24,15,9,MEDIUM,True
TND-000619,Diagnostic Equipment Supply — Package 6,National Engineering Infrastructure Agency,Electrical Engineering,Medical Equipment,Open Tender,2026-03-11,2026-05-02,174879000.0,INR,Gujarat,Ahmedabad,"Eligibility for medical equipment covering statutory registration, financial capacity, relevant experience and scope-specific capability.",28,17,11,HARD,True
TND-000620,Utility Infrastructure Works — Package 4,Federal Systems Projects Corporation,Civil Works,Infrastructure,EOI-cum-RFP,2026-09-03,2026-11-01,157048000.0,INR,Haryana,Gurugram,"Eligibility for infrastructure covering statutory registration, financial capacity, relevant experience and scope-specific capability.",30,18,12,EASY,True
TND-000621,Network Security Platform — Package 2,National Digital Procurement Cell,Cybersecurity,Cybersecurity,EOI-cum-RFP,2026-07-01,2026-08-12,230416000.0,INR,Odisha,Bhubaneswar,"Eligibility for cybersecurity covering statutory registration, financial capacity, relevant experience and scope-specific capability.",25,17,8,MEDIUM,True
TND-000622,Software Modernisation Services — Package 9,National Digital Procurement Corporation,Civil Works,Software Services,RFP,2026-08-06,2026-09-13,50046000.0,INR,Odisha,Rourkela,"Eligibility for software services covering statutory registration, financial capacity, relevant experience and scope-specific capability.",27,20,7,HARD,True
TND-000624,Utility Infrastructure Works — Package 8,Strategic Technology Procurement Cell,Transport & Logistics,Infrastructure,Limited Tender,2025-05-09,2025-06-03,220909000.0,INR,Rajasthan,Kota,"Eligibility for infrastructure covering statutory registration, financial capacity, relevant experience and scope-specific capability.",22,15,7,HARD,True
TND-000625,Digital Platform Development — Package 8,Bharat Digital Systems Unit,Civil Works,Software Services,EOI-cum-RFP,2025-10-27,2025-12-20,121898000.0,INR,Telangana,Hyderabad,"Eligibility for software services covering statutory registration, financial capacity, relevant experience and scope-specific capability.",22,12,10,MEDIUM,True
TND-000626,Production Equipment Upgrade — Package 7,Bharat Engineering Systems Unit,Transport & Logistics,Industrial Equipment,Limited Tender,2025-10-19,2025-12-13,150545000.0,INR,Rajasthan,Kota,"Eligibility for industrial equipment covering statutory registration, financial capacity, relevant experience and scope-specific capability.",25,16,9,HARD,True
TND-000627,Campus Networking Upgrade — Package 3,Integrated Industrial Procurement Corporation,Civil Works,Networking Equipment,Open Tender,2026-06-22,2026-07-25,142240000.0,INR,Punjab,Amritsar,"Eligibility for networking equipment covering statutory registration, financial capacity, relevant experience and scope-specific capability.",29,17,12,HARD,True
TND-000628,Software Modernisation Services — Package 4,Federal Services Procurement Cell,Industrial Operations,Software Services,RFP,2025-04-14,2025-05-24,122417000.0,INR,Uttar Pradesh,Agra,"Eligibility for software services covering statutory registration, financial capacity, relevant experience and scope-specific capability.",28,16,12,EASY,True
TND-000629,Electrical Distribution Equipment — Package 3,Strategic Medical Systems Unit,Transport & Logistics,Electrical Equipment,Limited Tender,2025-01-15,2025-03-05,34204000.0,INR,Tamil Nadu,Madurai,"Eligibility for electrical equipment covering statutory registration, financial capacity, relevant experience and scope-specific capability.",27,15,12,MEDIUM,True
TND-000630,Application Maintenance Services — Package 8,Unified Industrial Procurement Cell,General Administration,Software Services,Limited Tender,2025-10-04,2025-11-23,226633000.0,INR,West Bengal,Kolkata,"Eligibility for software services covering statutory registration, financial capacity, relevant experience and scope-specific capability.",28,19,9,MEDIUM,True
TND-000632,Digital Platform Development — Package 2,Central Industrial Infrastructure Agency,General Administration,Software Services,Limited Tender,2025-10-20,2025-11-23,102492000.0,INR,Maharashtra,Pune,"Eligibility for software services covering statutory registration, financial capacity, relevant experience and scope-specific capability.",22,15,7,EASY,True
TND-000633,Road Improvement Package — Package 4,Bharat Industrial Projects Corporation,General Administration,Civil Works,RFP,2025-05-03,2025-06-07,244448000.0,INR,Gujarat,Rajkot,"Eligibility for civil works covering statutory registration, financial capacity, relevant experience and scope-specific capability.",27,16,11,MEDIUM,True
TND-000634,Workplace Equipment Supply — Package 1,Integrated Services Procurement Cell,Industrial Operations,Office Equipment,Open Tender,2026-03-19,2026-05-17,157277000.0,INR,Odisha,Bhubaneswar,"Eligibility for office equipment covering statutory registration, financial capacity, relevant experience and scope-specific capability.",30,17,13,EASY,True
TND-000636,Utility Infrastructure Works — Package 1,Central Services Procurement Cell,Transport & Logistics,Infrastructure,EOI-cum-RFP,2025-06-29,2025-07-23,36373000.0,INR,West Bengal,Siliguri,"Eligibility for infrastructure covering statutory registration, financial capacity, relevant experience and scope-specific capability.",30,18,12,EASY,True
TND-000637,Core Network Equipment — Package 5,Central Medical Operations Board,Medical Procurement,Networking Equipment,Open Tender,2025-12-11,2026-01-12,53288000.0,INR,Haryana,Panipat,"Eligibility for networking equipment covering statutory registration, financial capacity, relevant experience and scope-specific capability.",25,17,8,MEDIUM,True
TND-000638,Network Security Platform — Package 4,Integrated Procurement Supply Division,Civil Works,Cybersecurity,Open Tender,2025-06-28,2025-08-19,118089000.0,INR,Tamil Nadu,Chennai,"Eligibility for cybersecurity covering statutory registration, financial capacity, relevant experience and scope-specific capability.",22,14,8,MEDIUM,True
TND-000639,Digital Platform Development — Package 4,National Public Works Services Directorate,General Administration,Software Services,Open Tender,2025-02-20,2025-04-05,46981000.0,INR,Tamil Nadu,Madurai,"Eligibility for software services covering statutory registration, financial capacity, relevant experience and scope-specific capability.",26,17,9,MEDIUM,True
TND-000640,Facility Security Services — Package 2,Federal Digital Procurement Corporation,Transport & Logistics,Security Services,EOI-cum-RFP,2025-03-03,2025-03-24,53690000.0,INR,Haryana,Panipat,"Eligibility for security services covering statutory registration, financial capacity, relevant experience and scope-specific capability.",27,17,10,MEDIUM,True
TND-000641,Clinical Equipment Upgrade — Package 5,Integrated Procurement Services Directorate,Electrical Engineering,Medical Equipment,Limited Tender,2025-04-06,2025-05-27,108502000.0,INR,Tamil Nadu,Madurai,"Eligibility for medical equipment covering statutory registration, financial capacity, relevant experience and scope-specific capability.",29,21,8,EASY,True
TND-000642,Document Management Equipment — Package 4,National Public Works Infrastructure Agency,Industrial Operations,Office Equipment,Open Tender,2026-04-13,2026-05-06,169601000.0,INR,Punjab,Amritsar,"Eligibility for office equipment covering statutory registration, financial capacity, relevant experience and scope-specific capability.",29,20,9,MEDIUM,True
TND-000643,Security Operations Support — Package 1,Integrated Medical Supply Division,Cybersecurity,Cybersecurity,RFP,2026-03-07,2026-04-23,112550000.0,INR,Odisha,Bhubaneswar,"Eligibility for cybersecurity covering statutory registration, financial capacity, relevant experience and scope-specific capability.",25,18,7,MEDIUM,True
TND-000644,Laboratory Equipment Supply — Package 2,Public Infrastructure Systems Unit,Transport & Logistics,Medical Equipment,RFP,2026-04-02,2026-05-25,63093000.0,INR,Uttar Pradesh,Noida,"Eligibility for medical equipment covering statutory registration, financial capacity, relevant experience and scope-specific capability.",27,17,10,EASY,True
TND-000645,Facility Infrastructure Upgrade — Package 3,Public Procurement Procurement Corporation,Civil Works,Infrastructure,Open Tender,2026-08-25,2026-09-14,245195000.0,INR,Tamil Nadu,Salem,"Eligibility for infrastructure covering statutory registration, financial capacity, relevant experience and scope-specific capability.",29,17,12,MEDIUM,True
TND-000646,Infrastructure Modernisation — Package 7,National Procurement Services Directorate,Cybersecurity,Infrastructure,RFP,2025-12-30,2026-01-24,64608000.0,INR,Gujarat,Rajkot,"Eligibility for infrastructure covering statutory registration, financial capacity, relevant experience and scope-specific capability.",25,16,9,HARD,True
TND-000647,Wireless Infrastructure Supply — Package 9,Bharat Technology Services Directorate,Cybersecurity,Networking Equipment,Open Tender,2026-06-06,2026-07-03,3881000.0,INR,Odisha,Bhubaneswar,"Eligibility for networking equipment covering statutory registration, financial capacity, relevant experience and scope-specific capability.",30,21,9,HARD,True
TND-000649,Application Maintenance Services — Package 3,Unified Infrastructure Systems Unit,General Administration,Software Services,EOI-cum-RFP,2025-10-01,2025-11-17,144481000.0,INR,Karnataka,Bengaluru,"Eligibility for software services covering statutory registration, financial capacity, relevant experience and scope-specific capability.",28,18,10,MEDIUM,True
TND-000650,Road Improvement Package — Package 6,National Industrial Systems Unit,General Administration,Civil Works,Limited Tender,2026-08-18,2026-10-14,49521000.0,INR,Rajasthan,Jodhpur,"Eligibility for civil works covering statutory registration, financial capacity, relevant experience and scope-specific capability.",27,15,12,HARD,True
TND-000651,Facility Renovation Works — Package 1,Advanced Digital Operations Board,Cybersecurity,Civil Works,Limited Tender,2026-08-06,2026-09-18,138905000.0,INR,Karnataka,Hubballi,"Eligibility for civil works covering statutory registration, financial capacity, relevant experience and scope-specific capability.",22,14,8,EASY,True
TND-000653,Meeting Room Equipment — Package 8,Bharat Industrial Supply Division,Transport & Logistics,Office Equipment,Open Tender,2025-04-30,2025-06-23,94971000.0,INR,Delhi,New Delhi,"Eligibility for office equipment covering statutory registration, financial capacity, relevant experience and scope-specific capability.",24,14,10,EASY,True
TND-000654,Annual Equipment Maintenance — Package 3,Integrated Engineering Projects Corporation,Medical Procurement,Maintenance Services,RFP,2025-03-08,2025-03-29,14810000.0,INR,Punjab,Jalandhar,"Eligibility for maintenance services covering statutory registration, financial capacity, relevant experience and scope-specific capability.",30,21,9,EASY,True
TND-000655,Patient Monitoring Systems — Package 3,Central Digital Infrastructure Agency,General Administration,Medical Equipment,Open Tender,2026-06-22,2026-07-30,159632000.0,INR,Haryana,Gurugram,"Eligibility for medical equipment covering statutory registration, financial capacity, relevant experience and scope-specific capability.",22,13,9,HARD,True
TND-000657,Security Operations Support — Package 4,Unified Procurement Procurement Corporation,Civil Works,Cybersecurity,Open Tender,2026-03-26,2026-05-08,17263000.0,INR,Odisha,Rourkela,"Eligibility for cybersecurity covering statutory registration, financial capacity, relevant experience and scope-specific capability.",25,18,7,MEDIUM,True
TND-000659,Security Operations Support — Package 2,Integrated Services Services Directorate,Civil Works,Cybersecurity,Limited Tender,2025-12-06,2026-01-06,129054000.0,INR,Maharashtra,Pune,"Eligibility for cybersecurity covering statutory registration, financial capacity, relevant experience and scope-specific capability.",30,20,10,EASY,True
TND-000661,Document Management Equipment — Package 3,Unified Industrial Supply Division,General Administration,Office Equipment,EOI-cum-RFP,2026-03-03,2026-04-14,128904000.0,INR,Karnataka,Mysuru,"Eligibility for office equipment covering statutory registration, financial capacity, relevant experience and scope-specific capability.",28,17,11,MEDIUM,True
TND-000665,Annual Equipment Maintenance — Package 8,Bharat Public Works Procurement Cell,Transport & Logistics,Maintenance Services,EOI-cum-RFP,2025-04-02,2025-04-29,224222000.0,INR,Haryana,Faridabad,"Eligibility for maintenance services covering statutory registration, financial capacity, relevant experience and scope-specific capability.",27,19,8,HARD,True
TND-000666,Core Network Equipment — Package 2,Federal Systems Supply Division,Information Technology,Networking Equipment,EOI-cum-RFP,2025-03-22,2025-05-10,141632000.0,INR,Tamil Nadu,Coimbatore,"Eligibility for networking equipment covering statutory registration, financial capacity, relevant experience and scope-specific capability.",22,14,8,EASY,True
TND-000667,Security Operations Contract — Package 9,Bharat Medical Services Directorate,Transport & Logistics,Security Services,Limited Tender,2025-05-05,2025-07-01,155330000.0,INR,Karnataka,Hubballi,"Eligibility for security services covering statutory registration, financial capacity, relevant experience and scope-specific capability.",25,16,9,MEDIUM,True
TND-000671,Specialised Parts Procurement — Package 4,National Technology Projects Corporation,Electrical Engineering,Manufacturing Supplies,EOI-cum-RFP,2025-07-01,2025-08-28,226431000.0,INR,Delhi,New Delhi,"Eligibility for manufacturing supplies covering statutory registration, financial capacity, relevant experience and scope-specific capability.",26,15,11,MEDIUM,True
TND-000672,Network Security Platform — Package 2,Public Procurement Supply Division,Information Technology,Cybersecurity,Limited Tender,2026-02-06,2026-03-11,17284000.0,INR,Telangana,Nizamabad,"Eligibility for cybersecurity covering statutory registration, financial capacity, relevant experience and scope-specific capability.",25,17,8,EASY,True
TND-000675,Laboratory Equipment Supply — Package 8,Integrated Medical Procurement Cell,Medical Procurement,Medical Equipment,EOI-cum-RFP,2026-03-21,2026-05-02,207561000.0,INR,West Bengal,Siliguri,"Eligibility for medical equipment covering statutory registration, financial capacity, relevant experience and scope-specific capability.",23,16,7,MEDIUM,True
TND-000677,Workstation and Desktop Supply — Package 9,Public Technology Procurement Corporation,Information Technology,IT Hardware,Limited Tender,2025-05-17,2025-06-17,65386000.0,INR,Odisha,Bhubaneswar,"Eligibility for it hardware covering statutory registration, financial capacity, relevant experience and scope-specific capability.",27,20,7,MEDIUM,True
TND-000679,Technology Advisory Services — Package 3,Integrated Engineering Infrastructure Agency,Cybersecurity,Consulting Services,Limited Tender,2026-08-05,2026-09-17,245350000.0,INR,Gujarat,Rajkot,"Eligibility for consulting services covering statutory registration, financial capacity, relevant experience and scope-specific capability.",22,16,6,MEDIUM,True
TND-000681,Precision Components Supply — Package 2,Public Procurement Procurement Corporation,General Administration,Manufacturing Supplies,Limited Tender,2025-04-26,2025-06-22,172894000.0,INR,West Bengal,Durgapur,"Eligibility for manufacturing supplies covering statutory registration, financial capacity, relevant experience and scope-specific capability.",23,14,9,MEDIUM,True
TND-000682,Utility Civil Works — Package 6,Federal Engineering Services Directorate,Electrical Engineering,Civil Works,RFP,2025-05-27,2025-07-01,237681000.0,INR,Tamil Nadu,Madurai,"Eligibility for civil works covering statutory registration, financial capacity, relevant experience and scope-specific capability.",24,18,6,MEDIUM,True
TND-000683,Facility Maintenance Services — Package 8,Unified Digital Projects Corporation,Electrical Engineering,Maintenance Services,EOI-cum-RFP,2025-02-21,2025-03-22,112408000.0,INR,Telangana,Warangal,"Eligibility for maintenance services covering statutory registration, financial capacity, relevant experience and scope-specific capability.",23,16,7,MEDIUM,True
TND-000684,Specialised Parts Procurement — Package 8,Federal Technology Systems Unit,Cybersecurity,Manufacturing Supplies,Limited Tender,2026-06-30,2026-08-15,181501000.0,INR,Uttar Pradesh,Noida,"Eligibility for manufacturing supplies covering statutory registration, financial capacity, relevant experience and scope-specific capability.",23,15,8,EASY,True
TND-000685,Electrical Distribution Equipment — Package 7,Public Medical Services Directorate,Information Technology,Electrical Equipment,EOI-cum-RFP,2025-02-13,2025-03-08,190100000.0,INR,Tamil Nadu,Madurai,"Eligibility for electrical equipment covering statutory registration, financial capacity, relevant experience and scope-specific capability.",24,14,10,EASY,True
TND-000688,Power Conditioning Systems — Package 1,Integrated Systems Procurement Cell,Electrical Engineering,Electrical Equipment,EOI-cum-RFP,2025-03-12,2025-05-02,248079000.0,INR,Rajasthan,Udaipur,"Eligibility for electrical equipment covering statutory registration, financial capacity, relevant experience and scope-specific capability.",28,20,8,EASY,True
TND-000689,Meeting Room Equipment — Package 2,Federal Technology Procurement Cell,General Administration,Office Equipment,RFP,2026-04-24,2026-06-14,242363000.0,INR,Telangana,Hyderabad,"Eligibility for office equipment covering statutory registration, financial capacity, relevant experience and scope-specific capability.",22,14,8,EASY,True
TND-000690,Wireless Infrastructure Supply — Package 9,Unified Public Works Infrastructure Agency,Medical Procurement,Networking Equipment,Open Tender,2026-04-14,2026-06-06,207145000.0,INR,Telangana,Warangal,"Eligibility for networking equipment covering statutory registration, financial capacity, relevant experience and scope-specific capability.",30,17,13,EASY,True
TND-000691,Digital Platform Development — Package 6,Unified Procurement Operations Board,General Administration,Software Services,EOI-cum-RFP,2026-09-01,2026-10-06,62041000.0,INR,Telangana,Nizamabad,"Eligibility for software services covering statutory registration, financial capacity, relevant experience and scope-specific capability.",29,16,13,EASY,True
TND-000692,Facility Infrastructure Upgrade — Package 6,National Industrial Operations Board,Transport & Logistics,Infrastructure,RFP,2025-04-26,2025-05-28,8746000.0,INR,Punjab,Mohali,"Eligibility for infrastructure covering statutory registration, financial capacity, relevant experience and scope-specific capability.",22,14,8,MEDIUM,True
TND-000693,Utility Civil Works — Package 4,Advanced Public Works Infrastructure Agency,General Administration,Civil Works,RFP,2025-01-20,2025-02-19,133046000.0,INR,Karnataka,Mysuru,"Eligibility for civil works covering statutory registration, financial capacity, relevant experience and scope-specific capability.",22,15,7,EASY,True
TND-000694,Material Transportation Contract — Package 8,Federal Procurement Infrastructure Agency,Medical Procurement,Transportation,RFP,2026-01-21,2026-03-13,17047000.0,INR,Telangana,Hyderabad,"Eligibility for transportation covering statutory registration, financial capacity, relevant experience and scope-specific capability.",29,18,11,HARD,True
TND-000695,Meeting Room Equipment — Package 3,Integrated Industrial Projects Corporation,General Administration,Office Equipment,Open Tender,2026-04-19,2026-05-24,248212000.0,INR,Maharashtra,Pune,"Eligibility for office equipment covering statutory registration, financial capacity, relevant experience and scope-specific capability.",27,20,7,MEDIUM,True
TND-000696,Logistics Support Services — Package 8,Integrated Medical Projects Corporation,Transport & Logistics,Transportation,EOI-cum-RFP,2025-10-20,2025-11-09,232474000.0,INR,West Bengal,Durgapur,"Eligibility for transportation covering statutory registration, financial capacity, relevant experience and scope-specific capability.",26,17,9,EASY,True
TND-000697,Cybersecurity Monitoring Solution — Package 7,Integrated Public Works Infrastructure Agency,Transport & Logistics,Cybersecurity,RFP,2025-08-23,2025-09-13,39690000.0,INR,Punjab,Amritsar,"Eligibility for cybersecurity covering statutory registration, financial capacity, relevant experience and scope-specific capability.",24,14,10,EASY,True
TND-000698,Workplace Equipment Supply — Package 9,Federal Procurement Procurement Cell,General Administration,Office Equipment,RFP,2026-04-09,2026-05-13,229245000.0,INR,West Bengal,Siliguri,"Eligibility for office equipment covering statutory registration, financial capacity, relevant experience and scope-specific capability.",27,19,8,HARD,True
TND-000699,Specialised Parts Procurement — Package 8,Public Industrial Operations Board,Cybersecurity,Manufacturing Supplies,EOI-cum-RFP,2026-05-13,2026-06-05,153040000.0,INR,Haryana,Panipat,"Eligibility for manufacturing supplies covering statutory registration, financial capacity, relevant experience and scope-specific capability.",29,18,11,EASY,True
TND-000700,Facility Maintenance Services — Package 4,Unified Technology Procurement Corporation,Medical Procurement,Maintenance Services,Limited Tender,2026-07-22,2026-08-17,168977000.0,INR,Maharashtra,Pune,"Eligibility for maintenance services covering statutory registration, financial capacity, relevant experience and scope-specific capability.",28,18,10,HARD,True
TND-000701,Utility Infrastructure Works — Package 6,Central Systems Operations Board,Industrial Operations,Infrastructure,EOI-cum-RFP,2025-06-29,2025-07-30,27289000.0,INR,Delhi,New Delhi,"Eligibility for infrastructure covering statutory registration, financial capacity, relevant experience and scope-specific capability.",23,17,6,HARD,True
TND-000702,Diagnostic Equipment Supply — Package 4,Public Technology Projects Corporation,Electrical Engineering,Medical Equipment,Open Tender,2025-09-22,2025-11-04,97900000.0,INR,Tamil Nadu,Coimbatore,"Eligibility for medical equipment covering statutory registration, financial capacity, relevant experience and scope-specific capability.",27,20,7,MEDIUM,True
TND-000703,Technology Advisory Services — Package 7,Integrated Systems Operations Board,Cybersecurity,Consulting Services,RFP,2026-05-13,2026-07-01,65775000.0,INR,Telangana,Warangal,"Eligibility for consulting services covering statutory registration, financial capacity, relevant experience and scope-specific capability.",24,14,10,EASY,True
TND-000705,Digital Platform Development — Package 2,Bharat Engineering Operations Board,Civil Works,Software Services,Open Tender,2026-09-04,2026-10-11,13389000.0,INR,Gujarat,Vadodara,"Eligibility for software services covering statutory registration, financial capacity, relevant experience and scope-specific capability.",22,15,7,EASY,True
TND-000706,Enterprise Laptop Supply — Package 8,Unified Digital Services Directorate,Medical Procurement,IT Hardware,Limited Tender,2026-08-28,2026-10-21,204039000.0,INR,Gujarat,Surat,"Eligibility for it hardware covering statutory registration, financial capacity, relevant experience and scope-specific capability.",23,16,7,MEDIUM,True
TND-000707,Utility Infrastructure Works — Package 8,Central Industrial Supply Division,Cybersecurity,Infrastructure,Open Tender,2026-02-23,2026-04-01,159513000.0,INR,Punjab,Mohali,"Eligibility for infrastructure covering statutory registration, financial capacity, relevant experience and scope-specific capability.",26,19,7,MEDIUM,True
TND-000708,Security Operations Support — Package 4,Unified Industrial Services Directorate,Information Technology,Cybersecurity,EOI-cum-RFP,2025-06-07,2025-07-02,232844000.0,INR,Delhi,New Delhi,"Eligibility for cybersecurity covering statutory registration, financial capacity, relevant experience and scope-specific capability.",30,22,8,MEDIUM,True
TND-000711,Industrial Control Systems — Package 9,Advanced Digital Systems Unit,Cybersecurity,Industrial Equipment,EOI-cum-RFP,2025-10-21,2025-12-01,88505000.0,INR,Rajasthan,Udaipur,"Eligibility for industrial equipment covering statutory registration, financial capacity, relevant experience and scope-specific capability.",23,17,6,MEDIUM,True
TND-000712,Material Transportation Contract — Package 6,Bharat Procurement Procurement Corporation,Information Technology,Transportation,RFP,2025-09-22,2025-10-24,33270000.0,INR,West Bengal,Siliguri,"Eligibility for transportation covering statutory registration, financial capacity, relevant experience and scope-specific capability.",24,15,9,MEDIUM,True
TND-000713,Power Conditioning Systems — Package 1,Bharat Digital Supply Division,Civil Works,Electrical Equipment,Limited Tender,2025-05-01,2025-05-25,63850000.0,INR,Punjab,Mohali,"Eligibility for electrical equipment covering statutory registration, financial capacity, relevant experience and scope-specific capability.",25,16,9,HARD,True
TND-000714,Process Equipment Supply — Package 9,Integrated Engineering Systems Unit,Cybersecurity,Industrial Equipment,Limited Tender,2025-09-17,2025-10-11,206438000.0,INR,Tamil Nadu,Chennai,"Eligibility for industrial equipment covering statutory registration, financial capacity, relevant experience and scope-specific capability.",24,14,10,HARD,True
TND-000715,Utility Civil Works — Package 8,Integrated Infrastructure Services Directorate,Civil Works,Civil Works,EOI-cum-RFP,2025-12-21,2026-01-12,154284000.0,INR,Maharashtra,Aurangabad,"Eligibility for civil works covering statutory registration, financial capacity, relevant experience and scope-specific capability.",26,18,8,MEDIUM,True
TND-000716,Facility Renovation Works — Package 2,Strategic Engineering Procurement Cell,General Administration,Civil Works,Open Tender,2026-07-08,2026-08-15,170545000.0,INR,West Bengal,Kolkata,"Eligibility for civil works covering statutory registration, financial capacity, relevant experience and scope-specific capability.",26,15,11,EASY,True
TND-000717,Diagnostic Equipment Supply — Package 3,Unified Engineering Operations Board,Civil Works,Medical Equipment,RFP,2026-08-13,2026-09-07,119267000.0,INR,Tamil Nadu,Salem,"Eligibility for medical equipment covering statutory registration, financial capacity, relevant experience and scope-specific capability.",28,16,12,MEDIUM,True
TND-000718,Electronic Security Support — Package 2,Integrated Technology Operations Board,Civil Works,Security Services,RFP,2025-01-14,2025-03-09,219257000.0,INR,Maharashtra,Nashik,"Eligibility for security services covering statutory registration, financial capacity, relevant experience and scope-specific capability.",26,16,10,MEDIUM,True
TND-000719,Technology Advisory Services — Package 3,Central Digital Operations Board,Medical Procurement,Consulting Services,EOI-cum-RFP,2025-04-15,2025-05-08,128037000.0,INR,Punjab,Jalandhar,"Eligibility for consulting services covering statutory registration, financial capacity, relevant experience and scope-specific capability.",27,17,10,MEDIUM,True
TND-000722,Core Network Equipment — Package 3,Advanced Public Works Supply Division,Electrical Engineering,Networking Equipment,RFP,2026-01-08,2026-02-11,111321000.0,INR,Maharashtra,Nagpur,"Eligibility for networking equipment covering statutory registration, financial capacity, relevant experience and scope-specific capability.",23,16,7,HARD,True
TND-000723,Industrial Machinery Supply — Package 8,Bharat Digital Supply Division,Transport & Logistics,Mechanical Equipment,EOI-cum-RFP,2025-04-09,2025-06-08,6761000.0,INR,Odisha,Cuttack,"Eligibility for mechanical equipment covering statutory registration, financial capacity, relevant experience and scope-specific capability.",25,18,7,MEDIUM,True
TND-000724,Wireless Infrastructure Supply — Package 4,Central Public Works Supply Division,Cybersecurity,Networking Equipment,Open Tender,2025-05-09,2025-06-28,78576000.0,INR,Rajasthan,Jodhpur,"Eligibility for networking equipment covering statutory registration, financial capacity, relevant experience and scope-specific capability.",30,22,8,EASY,True
TND-000725,Patient Monitoring Systems — Package 9,Public Procurement Services Directorate,Industrial Operations,Medical Equipment,EOI-cum-RFP,2025-02-07,2025-03-01,160465000.0,INR,Odisha,Bhubaneswar,"Eligibility for medical equipment covering statutory registration, financial capacity, relevant experience and scope-specific capability.",25,18,7,HARD,True
TND-000727,Utility Infrastructure Works — Package 3,National Technology Projects Corporation,General Administration,Infrastructure,EOI-cum-RFP,2025-02-04,2025-02-24,81996000.0,INR,Punjab,Mohali,"Eligibility for infrastructure covering statutory registration, financial capacity, relevant experience and scope-specific capability.",22,12,10,MEDIUM,True
TND-000728,Workplace Equipment Supply — Package 1,Strategic Procurement Services Directorate,Medical Procurement,Office Equipment,Open Tender,2025-04-02,2025-05-17,17192000.0,INR,West Bengal,Siliguri,"Eligibility for office equipment covering statutory registration, financial capacity, relevant experience and scope-specific capability.",23,17,6,MEDIUM,True
TND-000730,Plant Instrumentation — Package 1,Advanced Engineering Operations Board,Electrical Engineering,Industrial Equipment,RFP,2025-08-03,2025-09-03,157986000.0,INR,Punjab,Jalandhar,"Eligibility for industrial equipment covering statutory registration, financial capacity, relevant experience and scope-specific capability.",28,21,7,HARD,True
TND-000733,Precision Components Supply — Package 4,Strategic Medical Services Directorate,Information Technology,Manufacturing Supplies,RFP,2025-06-12,2025-07-08,59694000.0,INR,Haryana,Faridabad,"Eligibility for manufacturing supplies covering statutory registration, financial capacity, relevant experience and scope-specific capability.",22,16,6,HARD,True
TND-000734,Electrical Distribution Equipment — Package 4,Central Systems Projects Corporation,Transport & Logistics,Electrical Equipment,Open Tender,2026-06-26,2026-08-10,36617000.0,INR,Haryana,Gurugram,"Eligibility for electrical equipment covering statutory registration, financial capacity, relevant experience and scope-specific capability.",25,16,9,HARD,True
TND-000735,Project Management Consultancy — Package 4,Strategic Engineering Procurement Cell,Information Technology,Consulting Services,Limited Tender,2025-08-06,2025-09-23,162960000.0,INR,West Bengal,Durgapur,"Eligibility for consulting services covering statutory registration, financial capacity, relevant experience and scope-specific capability.",23,14,9,MEDIUM,True
TND-000736,Preventive Maintenance Contract — Package 8,Federal Engineering Procurement Corporation,Medical Procurement,Maintenance Services,RFP,2025-06-15,2025-07-15,77098000.0,INR,Gujarat,Rajkot,"Eligibility for maintenance services covering statutory registration, financial capacity, relevant experience and scope-specific capability.",26,15,11,HARD,True
TND-000738,Application Maintenance Services — Package 8,Integrated Services Projects Corporation,Medical Procurement,Software Services,Limited Tender,2026-02-23,2026-04-18,189468000.0,INR,Odisha,Cuttack,"Eligibility for software services covering statutory registration, financial capacity, relevant experience and scope-specific capability.",23,13,10,MEDIUM,True
TND-000739,Plant Instrumentation — Package 7,Federal Infrastructure Services Directorate,Information Technology,Industrial Equipment,EOI-cum-RFP,2025-10-22,2025-11-15,98052000.0,INR,Odisha,Rourkela,"Eligibility for industrial equipment covering statutory registration, financial capacity, relevant experience and scope-specific capability.",30,19,11,EASY,True
TND-000740,Meeting Room Equipment — Package 3,Integrated Technology Procurement Cell,Information Technology,Office Equipment,RFP,2025-10-08,2025-10-28,69702000.0,INR,Gujarat,Ahmedabad,"Eligibility for office equipment covering statutory registration, financial capacity, relevant experience and scope-specific capability.",22,16,6,EASY,True
TND-000741,Material Transportation Contract — Package 2,Public Technology Projects Corporation,Civil Works,Transportation,Limited Tender,2025-01-27,2025-03-19,228617000.0,INR,Uttar Pradesh,Kanpur,"Eligibility for transportation covering statutory registration, financial capacity, relevant experience and scope-specific capability.",23,17,6,EASY,True
TND-000742,Security Operations Support — Package 8,Unified Services Systems Unit,Cybersecurity,Cybersecurity,Limited Tender,2026-05-25,2026-06-26,28667000.0,INR,Odisha,Cuttack,"Eligibility for cybersecurity covering statutory registration, financial capacity, relevant experience and scope-specific capability.",25,18,7,HARD,True
TND-000744,Vehicle Hiring Services — Package 3,Federal Engineering Supply Division,Electrical Engineering,Transportation,EOI-cum-RFP,2025-11-30,2026-01-25,123998000.0,INR,Punjab,Ludhiana,"Eligibility for transportation covering statutory registration, financial capacity, relevant experience and scope-specific capability.",23,14,9,HARD,True
TND-000746,Workstation and Desktop Supply — Package 1,Advanced Technology Procurement Corporation,Civil Works,IT Hardware,Open Tender,2026-01-24,2026-03-23,190786000.0,INR,Gujarat,Ahmedabad,"Eligibility for it hardware covering statutory registration, financial capacity, relevant experience and scope-specific capability.",30,21,9,MEDIUM,True
TND-000747,Implementation Advisory Services — Package 1,Central Medical Procurement Corporation,Electrical Engineering,Consulting Services,EOI-cum-RFP,2026-06-27,2026-08-18,122985000.0,INR,Telangana,Warangal,"Eligibility for consulting services covering statutory registration, financial capacity, relevant experience and scope-specific capability.",30,18,12,EASY,True
TND-000748,Process Improvement Consultancy — Package 3,Bharat Services Procurement Corporation,Transport & Logistics,Consulting Services,Open Tender,2025-12-09,2026-01-12,139070000.0,INR,Odisha,Rourkela,"Eligibility for consulting services covering statutory registration, financial capacity, relevant experience and scope-specific capability.",30,20,10,HARD,True
TND-000749,Server and Storage Equipment — Package 5,Strategic Technology Supply Division,Electrical Engineering,IT Hardware,RFP,2026-04-15,2026-06-03,214996000.0,INR,Karnataka,Mangaluru,"Eligibility for it hardware covering statutory registration, financial capacity, relevant experience and scope-specific capability.",23,14,9,MEDIUM,True
TND-000751,Technical Support Services — Package 8,Central Infrastructure Infrastructure Agency,Medical Procurement,Maintenance Services,EOI-cum-RFP,2025-01-21,2025-02-26,178824000.0,INR,Odisha,Rourkela,"Eligibility for maintenance services covering statutory registration, financial capacity, relevant experience and scope-specific capability.",24,14,10,EASY,True
TND-000752,Diagnostic Equipment Supply — Package 2,Federal Technology Supply Division,Information Technology,Medical Equipment,Open Tender,2026-02-13,2026-03-06,208338000.0,INR,Gujarat,Ahmedabad,"Eligibility for medical equipment covering statutory registration, financial capacity, relevant experience and scope-specific capability.",23,15,8,HARD,True
TND-000753,Material Handling Systems — Package 8,Central Engineering Services Directorate,Electrical Engineering,Mechanical Equipment,Limited Tender,2026-06-14,2026-07-07,220175000.0,INR,West Bengal,Durgapur,"Eligibility for mechanical equipment covering statutory registration, financial capacity, relevant experience and scope-specific capability.",29,17,12,HARD,True
TND-000754,Project Management Consultancy — Package 8,Strategic Services Systems Unit,Industrial Operations,Consulting Services,Limited Tender,2025-07-30,2025-09-10,163524000.0,INR,Punjab,Ludhiana,"Eligibility for consulting services covering statutory registration, financial capacity, relevant experience and scope-specific capability.",30,20,10,HARD,True
TND-000755,Patient Monitoring Systems — Package 9,Central Infrastructure Procurement Cell,Cybersecurity,Medical Equipment,Open Tender,2026-03-10,2026-04-08,5581000.0,INR,West Bengal,Siliguri,"Eligibility for medical equipment covering statutory registration, financial capacity, relevant experience and scope-specific capability.",26,18,8,MEDIUM,True
TND-000756,Facility Security Services — Package 1,Integrated Infrastructure Operations Board,Industrial Operations,Security Services,Limited Tender,2026-07-03,2026-07-30,245179000.0,INR,Tamil Nadu,Coimbatore,"Eligibility for security services covering statutory registration, financial capacity, relevant experience and scope-specific capability.",28,20,8,MEDIUM,True
TND-000757,Security Operations Contract — Package 1,Central Medical Operations Board,Transport & Logistics,Security Services,EOI-cum-RFP,2026-05-10,2026-06-04,153375000.0,INR,Odisha,Rourkela,"Eligibility for security services covering statutory registration, financial capacity, relevant experience and scope-specific capability.",27,15,12,EASY,True
TND-000759,Logistics Support Services — Package 7,Integrated Public Works Operations Board,Cybersecurity,Transportation,Open Tender,2025-06-15,2025-07-05,72617000.0,INR,Haryana,Hisar,"Eligibility for transportation covering statutory registration, financial capacity, relevant experience and scope-specific capability.",24,18,6,MEDIUM,True
TND-000760,Meeting Room Equipment — Package 1,Federal Industrial Procurement Corporation,Transport & Logistics,Office Equipment,Open Tender,2025-07-28,2025-08-30,42546000.0,INR,Haryana,Faridabad,"Eligibility for office equipment covering statutory registration, financial capacity, relevant experience and scope-specific capability.",30,17,13,EASY,True
TND-000761,Electrical Distribution Equipment — Package 3,National Medical Procurement Corporation,Information Technology,Electrical Equipment,Limited Tender,2025-03-31,2025-05-26,198343000.0,INR,Telangana,Warangal,"Eligibility for electrical equipment covering statutory registration, financial capacity, relevant experience and scope-specific capability.",27,16,11,MEDIUM,True
TND-000763,Industrial Machinery Supply — Package 7,Advanced Digital Operations Board,Civil Works,Mechanical Equipment,RFP,2026-01-18,2026-03-04,165431000.0,INR,Odisha,Cuttack,"Eligibility for mechanical equipment covering statutory registration, financial capacity, relevant experience and scope-specific capability.",22,13,9,EASY,True
TND-000764,Facility Renovation Works — Package 9,Advanced Medical Supply Division,Cybersecurity,Civil Works,RFP,2026-09-09,2026-11-06,235961000.0,INR,Tamil Nadu,Chennai,"Eligibility for civil works covering statutory registration, financial capacity, relevant experience and scope-specific capability.",30,18,12,EASY,True
TND-000765,Integrated Security Services — Package 9,Public Public Works Infrastructure Agency,Industrial Operations,Security Services,EOI-cum-RFP,2025-10-22,2025-11-15,197233000.0,INR,Odisha,Cuttack,"Eligibility for security services covering statutory registration, financial capacity, relevant experience and scope-specific capability.",27,17,10,MEDIUM,True
TND-000766,Enterprise Laptop Supply — Package 9,Advanced Infrastructure Infrastructure Agency,Industrial Operations,IT Hardware,Open Tender,2025-07-02,2025-08-04,120541000.0,INR,Delhi,New Delhi,"Eligibility for it hardware covering statutory registration, financial capacity, relevant experience and scope-specific capability.",27,15,12,MEDIUM,True
TND-000767,Meeting Room Equipment — Package 4,Strategic Technology Services Directorate,Civil Works,Office Equipment,Limited Tender,2026-05-02,2026-06-03,149785000.0,INR,Gujarat,Vadodara,"Eligibility for office equipment covering statutory registration, financial capacity, relevant experience and scope-specific capability.",26,18,8,MEDIUM,True
TND-000768,Clinical Equipment Upgrade — Package 7,Federal Technology Services Directorate,Civil Works,Medical Equipment,Limited Tender,2026-07-08,2026-08-06,14328000.0,INR,Tamil Nadu,Madurai,"Eligibility for medical equipment covering statutory registration, financial capacity, relevant experience and scope-specific capability.",30,19,11,MEDIUM,True
TND-000770,Secure Routing Equipment — Package 4,Bharat Medical Procurement Corporation,Information Technology,Networking Equipment,Open Tender,2026-06-14,2026-07-09,52912000.0,INR,Rajasthan,Kota,"Eligibility for networking equipment covering statutory registration, financial capacity, relevant experience and scope-specific capability.",26,17,9,MEDIUM,True
TND-000771,Facility Infrastructure Upgrade — Package 2,Public Procurement Operations Board,Information Technology,Infrastructure,EOI-cum-RFP,2025-06-05,2025-07-08,60067000.0,INR,Karnataka,Hubballi,"Eligibility for infrastructure covering statutory registration, financial capacity, relevant experience and scope-specific capability.",22,16,6,MEDIUM,True
TND-000772,Cybersecurity Monitoring Solution — Package 6,Federal Services Procurement Corporation,Transport & Logistics,Cybersecurity,Open Tender,2025-12-19,2026-02-12,170702000.0,INR,Gujarat,Vadodara,"Eligibility for cybersecurity covering statutory registration, financial capacity, relevant experience and scope-specific capability.",30,19,11,MEDIUM,True
TND-000773,Vulnerability Assessment Services — Package 5,Advanced Services Procurement Cell,Information Technology,Cybersecurity,Limited Tender,2025-11-15,2026-01-09,102018000.0,INR,Uttar Pradesh,Kanpur,"Eligibility for cybersecurity covering statutory registration, financial capacity, relevant experience and scope-specific capability.",23,17,6,EASY,True
TND-000776,Implementation Advisory Services — Package 2,Advanced Medical Procurement Corporation,Civil Works,Consulting Services,RFP,2026-05-08,2026-07-05,184592000.0,INR,Gujarat,Vadodara,"Eligibility for consulting services covering statutory registration, financial capacity, relevant experience and scope-specific capability.",24,16,8,MEDIUM,True
TND-000777,Office Automation Equipment — Package 9,Public Digital Supply Division,Medical Procurement,Office Equipment,RFP,2025-10-03,2025-11-23,75101000.0,INR,Haryana,Gurugram,"Eligibility for office equipment covering statutory registration, financial capacity, relevant experience and scope-specific capability.",23,15,8,MEDIUM,True
TND-000778,Laboratory Equipment Supply — Package 1,Advanced Systems Procurement Corporation,Information Technology,Medical Equipment,Open Tender,2025-07-24,2025-09-02,166265000.0,INR,Rajasthan,Kota,"Eligibility for medical equipment covering statutory registration, financial capacity, relevant experience and scope-specific capability.",29,18,11,MEDIUM,True
TND-000779,Fleet Transportation Services — Package 3,Central Technology Infrastructure Agency,Medical Procurement,Transportation,EOI-cum-RFP,2026-04-30,2026-06-25,114841000.0,INR,Rajasthan,Jaipur,"Eligibility for transportation covering statutory registration, financial capacity, relevant experience and scope-specific capability.",29,17,12,EASY,True
TND-000780,Secure Routing Equipment — Package 2,Central Systems Operations Board,Medical Procurement,Networking Equipment,EOI-cum-RFP,2026-07-19,2026-08-25,50757000.0,INR,West Bengal,Siliguri,"Eligibility for networking equipment covering statutory registration, financial capacity, relevant experience and scope-specific capability.",23,15,8,MEDIUM,True
TND-000781,Precision Components Supply — Package 4,Integrated Digital Projects Corporation,Information Technology,Manufacturing Supplies,EOI-cum-RFP,2026-08-10,2026-09-03,111650000.0,INR,Gujarat,Vadodara,"Eligibility for manufacturing supplies covering statutory registration, financial capacity, relevant experience and scope-specific capability.",28,20,8,EASY,True
TND-000782,Project Management Consultancy — Package 1,Federal Public Works Services Directorate,Civil Works,Consulting Services,Limited Tender,2026-08-11,2026-09-11,249788000.0,INR,Odisha,Bhubaneswar,"Eligibility for consulting services covering statutory registration, financial capacity, relevant experience and scope-specific capability.",22,13,9,MEDIUM,True
TND-000783,Logistics Support Services — Package 8,Integrated Engineering Procurement Cell,Civil Works,Transportation,Open Tender,2026-01-29,2026-03-25,159852000.0,INR,Gujarat,Surat,"Eligibility for transportation covering statutory registration, financial capacity, relevant experience and scope-specific capability.",25,18,7,HARD,True
TND-000784,Material Transportation Contract — Package 7,Bharat Infrastructure Services Directorate,Medical Procurement,Transportation,Open Tender,2026-05-26,2026-06-19,171022000.0,INR,Uttar Pradesh,Agra,"Eligibility for transportation covering statutory registration, financial capacity, relevant experience and scope-specific capability.",30,17,13,EASY,True
TND-000785,Implementation Advisory Services — Package 3,Strategic Public Works Projects Corporation,Transport & Logistics,Consulting Services,RFP,2026-02-16,2026-03-25,94811000.0,INR,Tamil Nadu,Salem,"Eligibility for consulting services covering statutory registration, financial capacity, relevant experience and scope-specific capability.",22,16,6,EASY,True
TND-000786,Diagnostic Equipment Supply — Package 1,Central Systems Services Directorate,Cybersecurity,Medical Equipment,RFP,2026-06-25,2026-07-30,144567000.0,INR,Haryana,Panipat,"Eligibility for medical equipment covering statutory registration, financial capacity, relevant experience and scope-specific capability.",28,18,10,MEDIUM,True
TND-000788,Campus Networking Upgrade — Package 5,Federal Technology Procurement Corporation,Industrial Operations,Networking Equipment,Limited Tender,2026-02-15,2026-03-15,29688000.0,INR,Odisha,Rourkela,"Eligibility for networking equipment covering statutory registration, financial capacity, relevant experience and scope-specific capability.",27,15,12,MEDIUM,True
TND-000789,Digital Platform Development — Package 2,Public Medical Infrastructure Agency,Medical Procurement,Software Services,RFP,2025-12-04,2026-01-22,169470000.0,INR,Punjab,Amritsar,"Eligibility for software services covering statutory registration, financial capacity, relevant experience and scope-specific capability.",26,16,10,EASY,True
TND-000790,Facility Infrastructure Upgrade — Package 3,Public Medical Operations Board,Information Technology,Infrastructure,Open Tender,2026-08-05,2026-09-10,165539000.0,INR,Telangana,Hyderabad,"Eligibility for infrastructure covering statutory registration, financial capacity, relevant experience and scope-specific capability.",26,16,10,EASY,True
TND-000792,Enterprise Laptop Supply — Package 2,Federal Public Works Projects Corporation,Civil Works,IT Hardware,EOI-cum-RFP,2025-12-17,2026-01-19,198653000.0,INR,Rajasthan,Jodhpur,"Eligibility for it hardware covering statutory registration, financial capacity, relevant experience and scope-specific capability.",29,18,11,MEDIUM,True
TND-000793,Enterprise Laptop Supply — Package 4,Bharat Medical Supply Division,Information Technology,IT Hardware,EOI-cum-RFP,2025-12-31,2026-01-25,160346000.0,INR,Gujarat,Ahmedabad,"Eligibility for it hardware covering statutory registration, financial capacity, relevant experience and scope-specific capability.",29,21,8,MEDIUM,True
TND-000794,Data Centre Hardware Supply — Package 3,Integrated Digital Systems Unit,Transport & Logistics,IT Hardware,RFP,2026-08-06,2026-09-22,111531000.0,INR,Odisha,Bhubaneswar,"Eligibility for it hardware covering statutory registration, financial capacity, relevant experience and scope-specific capability.",27,17,10,MEDIUM,True
TND-000795,Server and Storage Equipment — Package 5,Central Procurement Procurement Cell,Cybersecurity,IT Hardware,RFP,2026-02-15,2026-03-14,27556000.0,INR,Karnataka,Hubballi,"Eligibility for it hardware covering statutory registration, financial capacity, relevant experience and scope-specific capability.",22,13,9,EASY,True
TND-000796,Precision Components Supply — Package 6,Integrated Systems Operations Board,Electrical Engineering,Manufacturing Supplies,Open Tender,2026-04-26,2026-05-17,146682000.0,INR,Haryana,Panipat,"Eligibility for manufacturing supplies covering statutory registration, financial capacity, relevant experience and scope-specific capability.",28,18,10,MEDIUM,True
TND-000797,Material Transportation Contract — Package 8,National Services Procurement Corporation,Cybersecurity,Transportation,RFP,2026-05-14,2026-07-10,30717000.0,INR,Delhi,New Delhi,"Eligibility for transportation covering statutory registration, financial capacity, relevant experience and scope-specific capability.",30,19,11,MEDIUM,True
TND-000799,Plant Instrumentation — Package 4,Strategic Systems Projects Corporation,Information Technology,Industrial Equipment,EOI-cum-RFP,2025-09-15,2025-10-29,73298000.0,INR,Tamil Nadu,Salem,"Eligibility for industrial equipment covering statutory registration, financial capacity, relevant experience and scope-specific capability.",25,18,7,HARD,True
TND-000800,Utility Infrastructure Works — Package 2,Central Systems Projects Corporation,Transport & Logistics,Infrastructure,Open Tender,2026-08-23,2026-10-08,49281000.0,INR,Maharashtra,Nagpur,"Eligibility for infrastructure covering statutory registration, financial capacity, relevant experience and scope-specific capability.",22,13,9,EASY,True
TND-000802,Facility Maintenance Services — Package 6,Advanced Infrastructure Operations Board,Civil Works,Maintenance Services,Limited Tender,2026-08-17,2026-10-04,220905000.0,INR,Karnataka,Bengaluru,"Eligibility for maintenance services covering statutory registration, financial capacity, relevant experience and scope-specific capability.",23,15,8,MEDIUM,True
TND-000803,Office Automation Equipment — Package 8,Advanced Engineering Infrastructure Agency,Cybersecurity,Office Equipment,Limited Tender,2025-08-27,2025-10-15,234698000.0,INR,Karnataka,Mangaluru,"Eligibility for office equipment covering statutory registration, financial capacity, relevant experience and scope-specific capability.",29,16,13,EASY,True
TND-000804,Office Automation Equipment — Package 5,National Systems Supply Division,Information Technology,Office Equipment,Open Tender,2026-02-23,2026-04-07,240902000.0,INR,Maharashtra,Pune,"Eligibility for office equipment covering statutory registration, financial capacity, relevant experience and scope-specific capability.",28,18,10,EASY,True
TND-000807,Electronic Security Support — Package 5,Bharat Engineering Services Directorate,General Administration,Security Services,Open Tender,2025-10-11,2025-11-02,190588000.0,INR,Delhi,New Delhi,"Eligibility for security services covering statutory registration, financial capacity, relevant experience and scope-specific capability.",29,18,11,EASY,True
TND-000810,Project Management Consultancy — Package 7,Advanced Technology Systems Unit,Electrical Engineering,Consulting Services,EOI-cum-RFP,2026-09-07,2026-09-27,214722000.0,INR,Tamil Nadu,Salem,"Eligibility for consulting services covering statutory registration, financial capacity, relevant experience and scope-specific capability.",26,17,9,MEDIUM,True
TND-000812,Facility Security Services — Package 5,Strategic Public Works Systems Unit,Transport & Logistics,Security Services,Limited Tender,2026-08-13,2026-09-08,206569000.0,INR,Gujarat,Surat,"Eligibility for security services covering statutory registration, financial capacity, relevant experience and scope-specific capability.",26,15,11,HARD,True
TND-000813,Application Maintenance Services — Package 4,Integrated Industrial Procurement Corporation,Information Technology,Software Services,Limited Tender,2025-05-23,2025-06-15,146986000.0,INR,Uttar Pradesh,Kanpur,"Eligibility for software services covering statutory registration, financial capacity, relevant experience and scope-specific capability.",28,19,9,MEDIUM,True
TND-000814,Utility Civil Works — Package 9,Unified Digital Services Directorate,Civil Works,Civil Works,Limited Tender,2025-06-10,2025-07-19,213600000.0,INR,Tamil Nadu,Chennai,"Eligibility for civil works covering statutory registration, financial capacity, relevant experience and scope-specific capability.",29,20,9,EASY,True
TND-000815,Mechanical Equipment Upgrade — Package 3,Bharat Systems Supply Division,Medical Procurement,Mechanical Equipment,EOI-cum-RFP,2025-03-18,2025-05-09,132963000.0,INR,Karnataka,Bengaluru,"Eligibility for mechanical equipment covering statutory registration, financial capacity, relevant experience and scope-specific capability.",25,16,9,MEDIUM,True
TND-000816,Software Modernisation Services — Package 9,Unified Public Works Procurement Cell,Cybersecurity,Software Services,Limited Tender,2025-12-09,2026-01-21,219890000.0,INR,Haryana,Hisar,"Eligibility for software services covering statutory registration, financial capacity, relevant experience and scope-specific capability.",28,16,12,EASY,True
TND-000819,Building Construction Works — Package 9,National Engineering Supply Division,Medical Procurement,Civil Works,Limited Tender,2025-08-29,2025-09-21,198367000.0,INR,Delhi,New Delhi,"Eligibility for civil works covering statutory registration, financial capacity, relevant experience and scope-specific capability.",25,14,11,EASY,True
TND-000821,Core Network Equipment — Package 1,Bharat Systems Services Directorate,Medical Procurement,Networking Equipment,Open Tender,2026-03-18,2026-04-23,144849000.0,INR,Maharashtra,Pune,"Eligibility for networking equipment covering statutory registration, financial capacity, relevant experience and scope-specific capability.",23,16,7,HARD,True
TND-000822,Process Improvement Consultancy — Package 9,Unified Procurement Procurement Cell,Electrical Engineering,Consulting Services,EOI-cum-RFP,2025-11-26,2025-12-21,226633000.0,INR,Tamil Nadu,Chennai,"Eligibility for consulting services covering statutory registration, financial capacity, relevant experience and scope-specific capability.",29,19,10,MEDIUM,True
TND-000823,Mechanical Equipment Upgrade — Package 7,Central Procurement Projects Corporation,Industrial Operations,Mechanical Equipment,Open Tender,2025-01-12,2025-02-25,113155000.0,INR,Telangana,Nizamabad,"Eligibility for mechanical equipment covering statutory registration, financial capacity, relevant experience and scope-specific capability.",30,17,13,EASY,True
TND-000824,Network Infrastructure Development — Package 5,Integrated Industrial Projects Corporation,Transport & Logistics,Infrastructure,RFP,2026-04-09,2026-05-06,213888000.0,INR,Telangana,Nizamabad,"Eligibility for infrastructure covering statutory registration, financial capacity, relevant experience and scope-specific capability.",24,18,6,HARD,True
TND-000825,Laboratory Equipment Supply — Package 3,National Procurement Services Directorate,Medical Procurement,Medical Equipment,Open Tender,2025-10-02,2025-10-23,81312000.0,INR,Delhi,New Delhi,"Eligibility for medical equipment covering statutory registration, financial capacity, relevant experience and scope-specific capability.",25,15,10,HARD,True
TND-000826,Industrial Switchgear Supply — Package 4,Unified Public Works Procurement Cell,Information Technology,Electrical Equipment,Limited Tender,2025-07-14,2025-08-27,34155000.0,INR,West Bengal,Siliguri,"Eligibility for electrical equipment covering statutory registration, financial capacity, relevant experience and scope-specific capability.",23,15,8,EASY,True
TND-000827,Specialised Parts Procurement — Package 8,Public Technology Services Directorate,Medical Procurement,Manufacturing Supplies,Open Tender,2026-09-08,2026-10-03,202390000.0,INR,West Bengal,Kolkata,"Eligibility for manufacturing supplies covering statutory registration, financial capacity, relevant experience and scope-specific capability.",22,16,6,EASY,True
TND-000831,Utility Infrastructure Works — Package 9,Unified Procurement Projects Corporation,General Administration,Infrastructure,EOI-cum-RFP,2026-04-26,2026-05-24,168914000.0,INR,Uttar Pradesh,Agra,"Eligibility for infrastructure covering statutory registration, financial capacity, relevant experience and scope-specific capability.",30,19,11,EASY,True
TND-000832,Implementation Advisory Services — Package 7,Unified Medical Operations Board,Cybersecurity,Consulting Services,Open Tender,2026-03-08,2026-04-01,56942000.0,INR,Gujarat,Rajkot,"Eligibility for consulting services covering statutory registration, financial capacity, relevant experience and scope-specific capability.",29,19,10,HARD,True
TND-000836,Specialised Parts Procurement — Package 9,Public Industrial Services Directorate,Civil Works,Manufacturing Supplies,Open Tender,2026-01-06,2026-02-20,97288000.0,INR,Delhi,New Delhi,"Eligibility for manufacturing supplies covering statutory registration, financial capacity, relevant experience and scope-specific capability.",25,16,9,EASY,True
TND-000837,Project Management Consultancy — Package 6,Strategic Procurement Projects Corporation,Medical Procurement,Consulting Services,RFP,2025-09-23,2025-10-15,81433000.0,INR,Haryana,Panipat,"Eligibility for consulting services covering statutory registration, financial capacity, relevant experience and scope-specific capability.",27,15,12,EASY,True
TND-000838,Clinical Equipment Upgrade — Package 3,Strategic Industrial Supply Division,Information Technology,Medical Equipment,RFP,2026-02-24,2026-04-03,20757000.0,INR,Tamil Nadu,Madurai,"Eligibility for medical equipment covering statutory registration, financial capacity, relevant experience and scope-specific capability.",29,20,9,EASY,True
TND-000839,Diagnostic Equipment Supply — Package 5,Public Procurement Procurement Corporation,Electrical Engineering,Medical Equipment,Limited Tender,2025-11-20,2025-12-22,109497000.0,INR,Telangana,Hyderabad,"Eligibility for medical equipment covering statutory registration, financial capacity, relevant experience and scope-specific capability.",22,12,10,EASY,True
TND-000840,Utility Civil Works — Package 4,Integrated Public Works Supply Division,Medical Procurement,Civil Works,RFP,2025-02-15,2025-04-12,143973000.0,INR,Delhi,New Delhi,"Eligibility for civil works covering statutory registration, financial capacity, relevant experience and scope-specific capability.",30,19,11,EASY,True
TND-000841,Logistics Support Services — Package 3,Public Medical Supply Division,Transport & Logistics,Transportation,RFP,2025-04-17,2025-06-12,147151000.0,INR,Maharashtra,Nashik,"Eligibility for transportation covering statutory registration, financial capacity, relevant experience and scope-specific capability.",23,13,10,HARD,True
TND-000842,Security Operations Support — Package 9,Unified Industrial Services Directorate,Industrial Operations,Cybersecurity,EOI-cum-RFP,2025-07-17,2025-08-31,5626000.0,INR,Gujarat,Ahmedabad,"Eligibility for cybersecurity covering statutory registration, financial capacity, relevant experience and scope-specific capability.",22,13,9,EASY,True
TND-000844,Meeting Room Equipment — Package 8,Federal Technology Projects Corporation,Medical Procurement,Office Equipment,EOI-cum-RFP,2025-10-29,2025-12-12,227934000.0,INR,Odisha,Cuttack,"Eligibility for office equipment covering statutory registration, financial capacity, relevant experience and scope-specific capability.",27,15,12,EASY,True
TND-000845,Cybersecurity Monitoring Solution — Package 2,Bharat Public Works Systems Unit,Transport & Logistics,Cybersecurity,EOI-cum-RFP,2025-01-04,2025-01-29,104832000.0,INR,Odisha,Cuttack,"Eligibility for cybersecurity covering statutory registration, financial capacity, relevant experience and scope-specific capability.",28,16,12,EASY,True
TND-000846,Campus Networking Upgrade — Package 4,Federal Services Systems Unit,Electrical Engineering,Networking Equipment,Limited Tender,2025-12-19,2026-02-14,242311000.0,INR,Delhi,New Delhi,"Eligibility for networking equipment covering statutory registration, financial capacity, relevant experience and scope-specific capability.",26,16,10,EASY,True
TND-000847,Security Operations Contract — Package 6,Public Public Works Projects Corporation,Transport & Logistics,Security Services,Limited Tender,2025-11-29,2026-01-03,137393000.0,INR,Gujarat,Rajkot,"Eligibility for security services covering statutory registration, financial capacity, relevant experience and scope-specific capability.",22,15,7,HARD,True
TND-000848,Facility Security Services — Package 6,National Industrial Systems Unit,Industrial Operations,Security Services,Open Tender,2025-01-20,2025-03-16,126646000.0,INR,Odisha,Cuttack,"Eligibility for security services covering statutory registration, financial capacity, relevant experience and scope-specific capability.",28,16,12,MEDIUM,True
TND-000849,Network Infrastructure Development — Package 3,Bharat Procurement Projects Corporation,Industrial Operations,Infrastructure,Open Tender,2025-05-13,2025-06-22,62163000.0,INR,Gujarat,Rajkot,"Eligibility for infrastructure covering statutory registration, financial capacity, relevant experience and scope-specific capability.",30,17,13,EASY,True
TND-000852,Utility Civil Works — Package 7,Central Procurement Procurement Cell,General Administration,Civil Works,EOI-cum-RFP,2026-03-23,2026-04-24,246019000.0,INR,West Bengal,Durgapur,"Eligibility for civil works covering statutory registration, financial capacity, relevant experience and scope-specific capability.",25,15,10,MEDIUM,True
TND-000853,Office Automation Equipment — Package 2,Advanced Public Works Projects Corporation,Transport & Logistics,Office Equipment,RFP,2026-01-03,2026-03-02,235564000.0,INR,Rajasthan,Kota,"Eligibility for office equipment covering statutory registration, financial capacity, relevant experience and scope-specific capability.",23,15,8,EASY,True
TND-000855,Patient Monitoring Systems — Package 5,Public Digital Services Directorate,Industrial Operations,Medical Equipment,RFP,2026-02-22,2026-04-11,126124000.0,INR,Rajasthan,Jaipur,"Eligibility for medical equipment covering statutory registration, financial capacity, relevant experience and scope-specific capability.",24,15,9,EASY,True
TND-000856,Cybersecurity Monitoring Solution — Package 7,Central Medical Systems Unit,Civil Works,Cybersecurity,Open Tender,2025-08-05,2025-09-27,244341000.0,INR,Maharashtra,Aurangabad,"Eligibility for cybersecurity covering statutory registration, financial capacity, relevant experience and scope-specific capability.",26,17,9,MEDIUM,True
TND-000857,Patient Monitoring Systems — Package 8,Strategic Public Works Services Directorate,General Administration,Medical Equipment,Open Tender,2026-01-27,2026-02-23,90522000.0,INR,Delhi,New Delhi,"Eligibility for medical equipment covering statutory registration, financial capacity, relevant experience and scope-specific capability.",29,16,13,EASY,True
TND-000858,Workshop Equipment Supply — Package 8,Federal Systems Services Directorate,General Administration,Mechanical Equipment,Open Tender,2025-11-05,2025-12-07,213663000.0,INR,Telangana,Hyderabad,"Eligibility for mechanical equipment covering statutory registration, financial capacity, relevant experience and scope-specific capability.",26,17,9,MEDIUM,True
TND-000859,Network Infrastructure Development — Package 6,Strategic Engineering Procurement Cell,General Administration,Infrastructure,Open Tender,2025-08-01,2025-09-21,59268000.0,INR,Telangana,Nizamabad,"Eligibility for infrastructure covering statutory registration, financial capacity, relevant experience and scope-specific capability.",25,16,9,EASY,True
TND-000860,Precision Components Supply — Package 5,Central Medical Systems Unit,General Administration,Manufacturing Supplies,EOI-cum-RFP,2025-10-20,2025-12-08,243492000.0,INR,Odisha,Cuttack,"Eligibility for manufacturing supplies covering statutory registration, financial capacity, relevant experience and scope-specific capability.",26,19,7,MEDIUM,True
TND-000861,Workstation and Desktop Supply — Package 3,Advanced Services Supply Division,Cybersecurity,IT Hardware,EOI-cum-RFP,2026-02-02,2026-03-01,128483000.0,INR,Tamil Nadu,Salem,"Eligibility for it hardware covering statutory registration, financial capacity, relevant experience and scope-specific capability.",25,17,8,HARD,True
TND-000862,Workshop Equipment Supply — Package 2,National Procurement Infrastructure Agency,Transport & Logistics,Mechanical Equipment,EOI-cum-RFP,2025-05-10,2025-07-04,13719000.0,INR,Telangana,Nizamabad,"Eligibility for mechanical equipment covering statutory registration, financial capacity, relevant experience and scope-specific capability.",28,18,10,EASY,True
TND-000863,Technology Advisory Services — Package 4,Integrated Public Works Supply Division,General Administration,Consulting Services,Limited Tender,2025-07-15,2025-08-28,154889000.0,INR,Karnataka,Bengaluru,"Eligibility for consulting services covering statutory registration, financial capacity, relevant experience and scope-specific capability.",28,20,8,EASY,True
TND-000864,Material Transportation Contract — Package 4,Unified Digital Supply Division,General Administration,Transportation,Limited Tender,2026-07-12,2026-08-19,122834000.0,INR,Karnataka,Hubballi,"Eligibility for transportation covering statutory registration, financial capacity, relevant experience and scope-specific capability.",23,14,9,HARD,True
TND-000865,Annual Equipment Maintenance — Package 3,Integrated Medical Procurement Corporation,Electrical Engineering,Maintenance Services,Limited Tender,2026-07-18,2026-08-27,235486000.0,INR,Maharashtra,Aurangabad,"Eligibility for maintenance services covering statutory registration, financial capacity, relevant experience and scope-specific capability.",22,14,8,EASY,True
TND-000866,Workstation and Desktop Supply — Package 4,Strategic Digital Procurement Corporation,Medical Procurement,IT Hardware,Limited Tender,2025-09-23,2025-11-06,171698000.0,INR,Gujarat,Rajkot,"Eligibility for it hardware covering statutory registration, financial capacity, relevant experience and scope-specific capability.",26,19,7,EASY,True
TND-000869,Industrial Control Systems — Package 7,Integrated Procurement Supply Division,Industrial Operations,Industrial Equipment,Limited Tender,2026-01-20,2026-03-18,15324000.0,INR,Punjab,Mohali,"Eligibility for industrial equipment covering statutory registration, financial capacity, relevant experience and scope-specific capability.",25,14,11,EASY,True
TND-000870,Plant Instrumentation — Package 1,Central Medical Supply Division,Civil Works,Industrial Equipment,Open Tender,2025-06-10,2025-06-30,76639000.0,INR,Punjab,Jalandhar,"Eligibility for industrial equipment covering statutory registration, financial capacity, relevant experience and scope-specific capability.",25,14,11,EASY,True
TND-000871,Implementation Advisory Services — Package 8,Integrated Technology Procurement Corporation,Industrial Operations,Consulting Services,Open Tender,2026-02-26,2026-04-16,227105000.0,INR,Gujarat,Vadodara,"Eligibility for consulting services covering statutory registration, financial capacity, relevant experience and scope-specific capability.",26,17,9,HARD,True
TND-000872,Fabricated Components Supply — Package 4,Federal Medical Procurement Corporation,Industrial Operations,Manufacturing Supplies,Limited Tender,2026-07-14,2026-08-07,38264000.0,INR,Delhi,New Delhi,"Eligibility for manufacturing supplies covering statutory registration, financial capacity, relevant experience and scope-specific capability.",27,15,12,EASY,True
TND-000874,Precision Components Supply — Package 1,Public Industrial Services Directorate,General Administration,Manufacturing Supplies,RFP,2025-01-19,2025-02-25,187060000.0,INR,Haryana,Panipat,"Eligibility for manufacturing supplies covering statutory registration, financial capacity, relevant experience and scope-specific capability.",29,21,8,HARD,True
TND-000875,Material Handling Systems — Package 4,Strategic Public Works Operations Board,Industrial Operations,Mechanical Equipment,EOI-cum-RFP,2025-09-15,2025-11-11,187492000.0,INR,Odisha,Bhubaneswar,"Eligibility for mechanical equipment covering statutory registration, financial capacity, relevant experience and scope-specific capability.",22,13,9,EASY,True
TND-000878,Security Operations Support — Package 5,Public Public Works Procurement Cell,Civil Works,Cybersecurity,Open Tender,2025-07-01,2025-08-24,202008000.0,INR,Uttar Pradesh,Agra,"Eligibility for cybersecurity covering statutory registration, financial capacity, relevant experience and scope-specific capability.",24,17,7,EASY,True
TND-000880,Process Equipment Supply — Package 8,Strategic Engineering Projects Corporation,Cybersecurity,Industrial Equipment,Open Tender,2025-09-13,2025-10-04,206759000.0,INR,Punjab,Ludhiana,"Eligibility for industrial equipment covering statutory registration, financial capacity, relevant experience and scope-specific capability.",22,15,7,EASY,True
TND-000881,Workstation and Desktop Supply — Package 9,Integrated Services Services Directorate,Industrial Operations,IT Hardware,EOI-cum-RFP,2026-06-29,2026-08-26,184203000.0,INR,Uttar Pradesh,Agra,"Eligibility for it hardware covering statutory registration, financial capacity, relevant experience and scope-specific capability.",22,14,8,MEDIUM,True
TND-000882,Facility Security Services — Package 8,Federal Industrial Procurement Corporation,Cybersecurity,Security Services,RFP,2025-02-01,2025-03-04,232521000.0,INR,Odisha,Rourkela,"Eligibility for security services covering statutory registration, financial capacity, relevant experience and scope-specific capability.",30,18,12,EASY,True
TND-000883,Facility Renovation Works — Package 9,Federal Technology Procurement Corporation,General Administration,Civil Works,Limited Tender,2025-11-13,2025-12-29,187935000.0,INR,Odisha,Rourkela,"Eligibility for civil works covering statutory registration, financial capacity, relevant experience and scope-specific capability.",28,19,9,EASY,True
TND-000884,Annual Equipment Maintenance — Package 3,National Industrial Procurement Cell,Electrical Engineering,Maintenance Services,EOI-cum-RFP,2025-11-25,2026-01-02,234395000.0,INR,Telangana,Nizamabad,"Eligibility for maintenance services covering statutory registration, financial capacity, relevant experience and scope-specific capability.",22,15,7,MEDIUM,True
TND-000885,Energy Monitoring Equipment — Package 2,Federal Public Works Supply Division,Transport & Logistics,Electrical Equipment,Limited Tender,2026-08-07,2026-09-11,192087000.0,INR,West Bengal,Siliguri,"Eligibility for electrical equipment covering statutory registration, financial capacity, relevant experience and scope-specific capability.",30,21,9,HARD,True
TND-000887,Laboratory Equipment Supply — Package 3,Central Systems Projects Corporation,Transport & Logistics,Medical Equipment,Open Tender,2025-04-23,2025-05-18,25554000.0,INR,Rajasthan,Udaipur,"Eligibility for medical equipment covering statutory registration, financial capacity, relevant experience and scope-specific capability.",27,16,11,MEDIUM,True
TND-000888,Facility Security Services — Package 7,Unified Services Procurement Cell,Civil Works,Security Services,RFP,2026-02-02,2026-03-29,16035000.0,INR,Rajasthan,Udaipur,"Eligibility for security services covering statutory registration, financial capacity, relevant experience and scope-specific capability.",30,22,8,HARD,True
TND-000889,Fleet Transportation Services — Package 4,Central Technology Procurement Corporation,Cybersecurity,Transportation,Open Tender,2026-05-23,2026-07-09,225710000.0,INR,Karnataka,Hubballi,"Eligibility for transportation covering statutory registration, financial capacity, relevant experience and scope-specific capability.",30,20,10,MEDIUM,True
TND-000890,Secure Routing Equipment — Package 2,Public Systems Projects Corporation,Information Technology,Networking Equipment,Open Tender,2025-08-02,2025-09-18,148408000.0,INR,Rajasthan,Jaipur,"Eligibility for networking equipment covering statutory registration, financial capacity, relevant experience and scope-specific capability.",23,17,6,MEDIUM,True
TND-000891,Application Maintenance Services — Package 6,Public Technology Procurement Cell,General Administration,Software Services,Limited Tender,2026-04-20,2026-05-21,75346000.0,INR,Gujarat,Surat,"Eligibility for software services covering statutory registration, financial capacity, relevant experience and scope-specific capability.",27,17,10,HARD,True
TND-000892,Annual Equipment Maintenance — Package 1,Bharat Infrastructure Operations Board,Information Technology,Maintenance Services,Limited Tender,2026-05-13,2026-07-06,228056000.0,INR,West Bengal,Kolkata,"Eligibility for maintenance services covering statutory registration, financial capacity, relevant experience and scope-specific capability.",25,14,11,HARD,True
TND-000893,Production Equipment Upgrade — Package 1,Strategic Medical Infrastructure Agency,Information Technology,Industrial Equipment,EOI-cum-RFP,2026-03-24,2026-04-15,3862000.0,INR,Delhi,New Delhi,"Eligibility for industrial equipment covering statutory registration, financial capacity, relevant experience and scope-specific capability.",26,15,11,EASY,True
TND-000894,Campus Networking Upgrade — Package 7,Strategic Public Works Services Directorate,Medical Procurement,Networking Equipment,Open Tender,2025-01-05,2025-01-25,6990000.0,INR,Gujarat,Ahmedabad,"Eligibility for networking equipment covering statutory registration, financial capacity, relevant experience and scope-specific capability.",24,16,8,EASY,True
TND-000897,Patient Monitoring Systems — Package 8,Strategic Medical Operations Board,Electrical Engineering,Medical Equipment,EOI-cum-RFP,2025-08-28,2025-10-13,115584000.0,INR,Uttar Pradesh,Lucknow,"Eligibility for medical equipment covering statutory registration, financial capacity, relevant experience and scope-specific capability.",27,16,11,MEDIUM,True
TND-000899,Meeting Room Equipment — Package 8,Advanced Infrastructure Infrastructure Agency,General Administration,Office Equipment,RFP,2026-06-12,2026-08-09,84673000.0,INR,Haryana,Hisar,"Eligibility for office equipment covering statutory registration, financial capacity, relevant experience and scope-specific capability.",24,18,6,EASY,True
TND-000900,Patient Monitoring Systems — Package 8,Advanced Procurement Infrastructure Agency,Information Technology,Medical Equipment,Open Tender,2026-05-05,2026-05-28,24112000.0,INR,Maharashtra,Nashik,"Eligibility for medical equipment covering statutory registration, financial capacity, relevant experience and scope-specific capability.",26,15,11,MEDIUM,True
TND-000901,Road Improvement Package — Package 5,Central Industrial Supply Division,Medical Procurement,Civil Works,RFP,2026-03-01,2026-04-27,228006000.0,INR,Haryana,Hisar,"Eligibility for civil works covering statutory registration, financial capacity, relevant experience and scope-specific capability.",26,18,8,MEDIUM,True
TND-000902,Security Operations Contract — Package 8,National Industrial Procurement Corporation,Cybersecurity,Security Services,Limited Tender,2025-11-13,2026-01-11,36256000.0,INR,Karnataka,Mangaluru,"Eligibility for security services covering statutory registration, financial capacity, relevant experience and scope-specific capability.",25,14,11,EASY,True
TND-000904,Plant Instrumentation — Package 7,Federal Systems Projects Corporation,General Administration,Industrial Equipment,Open Tender,2026-05-18,2026-07-10,17345000.0,INR,Maharashtra,Pune,"Eligibility for industrial equipment covering statutory registration, financial capacity, relevant experience and scope-specific capability.",24,14,10,MEDIUM,True
TND-000905,Precision Components Supply — Package 8,Integrated Services Infrastructure Agency,Industrial Operations,Manufacturing Supplies,EOI-cum-RFP,2026-08-29,2026-10-07,193402000.0,INR,Uttar Pradesh,Noida,"Eligibility for manufacturing supplies covering statutory registration, financial capacity, relevant experience and scope-specific capability.",26,15,11,EASY,True
TND-000906,Core Network Equipment — Package 9,Integrated Industrial Procurement Cell,Medical Procurement,Networking Equipment,Open Tender,2025-05-24,2025-06-26,161838000.0,INR,Karnataka,Mangaluru,"Eligibility for networking equipment covering statutory registration, financial capacity, relevant experience and scope-specific capability.",24,16,8,EASY,True
TND-000907,Specialised Parts Procurement — Package 1,Integrated Services Projects Corporation,Industrial Operations,Manufacturing Supplies,RFP,2025-03-11,2025-05-05,68604000.0,INR,Tamil Nadu,Chennai,"Eligibility for manufacturing supplies covering statutory registration, financial capacity, relevant experience and scope-specific capability.",25,14,11,MEDIUM,True
TND-000909,Software Modernisation Services — Package 4,Advanced Public Works Services Directorate,Cybersecurity,Software Services,Open Tender,2025-08-18,2025-10-10,208589000.0,INR,Tamil Nadu,Salem,"Eligibility for software services covering statutory registration, financial capacity, relevant experience and scope-specific capability.",24,15,9,MEDIUM,True
TND-000910,Workstation and Desktop Supply — Package 9,Public Public Works Procurement Corporation,Transport & Logistics,IT Hardware,RFP,2026-01-04,2026-01-28,163051000.0,INR,Karnataka,Hubballi,"Eligibility for it hardware covering statutory registration, financial capacity, relevant experience and scope-specific capability.",26,16,10,EASY,True
TND-000912,Campus Networking Upgrade — Package 4,Central Infrastructure Projects Corporation,Cybersecurity,Networking Equipment,Open Tender,2025-06-21,2025-07-28,76550000.0,INR,Gujarat,Surat,"Eligibility for networking equipment covering statutory registration, financial capacity, relevant experience and scope-specific capability.",30,22,8,EASY,True
TND-000913,Precision Components Supply — Package 7,Integrated Medical Systems Unit,Medical Procurement,Manufacturing Supplies,Open Tender,2025-03-16,2025-05-12,114384000.0,INR,Delhi,New Delhi,"Eligibility for manufacturing supplies covering statutory registration, financial capacity, relevant experience and scope-specific capability.",27,20,7,MEDIUM,True
TND-000914,Technology Advisory Services — Package 1,Unified Procurement Supply Division,Civil Works,Consulting Services,Limited Tender,2025-09-15,2025-10-21,47683000.0,INR,Punjab,Mohali,"Eligibility for consulting services covering statutory registration, financial capacity, relevant experience and scope-specific capability.",26,16,10,MEDIUM,True
TND-000915,Workplace Equipment Supply — Package 6,Strategic Procurement Supply Division,Civil Works,Office Equipment,RFP,2025-11-03,2025-12-02,217494000.0,INR,Maharashtra,Pune,"Eligibility for office equipment covering statutory registration, financial capacity, relevant experience and scope-specific capability.",24,15,9,EASY,True
TND-000918,Industrial Consumables Supply — Package 3,Federal Public Works Infrastructure Agency,Industrial Operations,Manufacturing Supplies,Open Tender,2026-02-15,2026-03-17,121106000.0,INR,Punjab,Ludhiana,"Eligibility for manufacturing supplies covering statutory registration, financial capacity, relevant experience and scope-specific capability.",28,17,11,EASY,True
TND-000920,Power Conditioning Systems — Package 9,Integrated Engineering Systems Unit,Medical Procurement,Electrical Equipment,RFP,2025-03-20,2025-04-25,181681000.0,INR,Odisha,Cuttack,"Eligibility for electrical equipment covering statutory registration, financial capacity, relevant experience and scope-specific capability.",22,14,8,EASY,True
TND-000921,Power Conditioning Systems — Package 3,Strategic Public Works Infrastructure Agency,Medical Procurement,Electrical Equipment,Limited Tender,2025-12-04,2025-12-27,52832000.0,INR,West Bengal,Siliguri,"Eligibility for electrical equipment covering statutory registration, financial capacity, relevant experience and scope-specific capability.",29,21,8,MEDIUM,True
TND-000922,Technical Support Services — Package 4,Unified Infrastructure Infrastructure Agency,Electrical Engineering,Maintenance Services,Open Tender,2025-11-20,2026-01-10,234247000.0,INR,Karnataka,Mangaluru,"Eligibility for maintenance services covering statutory registration, financial capacity, relevant experience and scope-specific capability.",30,20,10,HARD,True
TND-000924,Document Management Equipment — Package 6,Central Procurement Procurement Corporation,Cybersecurity,Office Equipment,RFP,2026-07-04,2026-07-26,132945000.0,INR,Uttar Pradesh,Agra,"Eligibility for office equipment covering statutory registration, financial capacity, relevant experience and scope-specific capability.",26,16,10,EASY,True
TND-000925,Mechanical Equipment Upgrade — Package 1,Strategic Public Works Services Directorate,Civil Works,Mechanical Equipment,Limited Tender,2026-09-01,2026-10-09,198915000.0,INR,Delhi,New Delhi,"Eligibility for mechanical equipment covering statutory registration, financial capacity, relevant experience and scope-specific capability.",29,17,12,EASY,True
TND-000926,Plant Instrumentation — Package 6,Advanced Procurement Operations Board,Medical Procurement,Industrial Equipment,Limited Tender,2026-01-02,2026-03-01,221008000.0,INR,Punjab,Amritsar,"Eligibility for industrial equipment covering statutory registration, financial capacity, relevant experience and scope-specific capability.",29,17,12,EASY,True
TND-000927,Precision Components Supply — Package 1,Public Services Supply Division,Electrical Engineering,Manufacturing Supplies,EOI-cum-RFP,2026-06-27,2026-08-15,51799000.0,INR,Telangana,Warangal,"Eligibility for manufacturing supplies covering statutory registration, financial capacity, relevant experience and scope-specific capability.",28,17,11,EASY,True
TND-000929,Diagnostic Equipment Supply — Package 3,Central Technology Infrastructure Agency,Information Technology,Medical Equipment,Open Tender,2025-08-24,2025-10-22,32923000.0,INR,Odisha,Rourkela,"Eligibility for medical equipment covering statutory registration, financial capacity, relevant experience and scope-specific capability.",25,16,9,HARD,True
TND-000930,Core Network Equipment — Package 8,Bharat Technology Supply Division,Civil Works,Networking Equipment,Open Tender,2025-02-13,2025-04-06,90610000.0,INR,Haryana,Hisar,"Eligibility for networking equipment covering statutory registration, financial capacity, relevant experience and scope-specific capability.",29,18,11,HARD,True
TND-000931,Logistics Support Services — Package 2,Central Industrial Procurement Cell,General Administration,Transportation,Limited Tender,2026-06-08,2026-07-06,208021000.0,INR,Haryana,Hisar,"Eligibility for transportation covering statutory registration, financial capacity, relevant experience and scope-specific capability.",24,13,11,MEDIUM,True
TND-000934,Workshop Equipment Supply — Package 7,National Medical Projects Corporation,Industrial Operations,Mechanical Equipment,EOI-cum-RFP,2025-07-04,2025-08-16,191883000.0,INR,Uttar Pradesh,Kanpur,"Eligibility for mechanical equipment covering statutory registration, financial capacity, relevant experience and scope-specific capability.",27,18,9,HARD,True
TND-000935,Laboratory Equipment Supply — Package 5,Unified Procurement Procurement Corporation,Information Technology,Medical Equipment,Open Tender,2025-04-09,2025-05-03,124230000.0,INR,Odisha,Cuttack,"Eligibility for medical equipment covering statutory registration, financial capacity, relevant experience and scope-specific capability.",23,15,8,EASY,True
TND-000937,Vulnerability Assessment Services — Package 5,National Industrial Systems Unit,Medical Procurement,Cybersecurity,EOI-cum-RFP,2025-03-12,2025-04-20,233022000.0,INR,Karnataka,Mysuru,"Eligibility for cybersecurity covering statutory registration, financial capacity, relevant experience and scope-specific capability.",30,19,11,MEDIUM,True
TND-000939,Annual Equipment Maintenance — Package 6,Integrated Medical Projects Corporation,Medical Procurement,Maintenance Services,Limited Tender,2026-05-10,2026-06-10,36648000.0,INR,Haryana,Gurugram,"Eligibility for maintenance services covering statutory registration, financial capacity, relevant experience and scope-specific capability.",25,14,11,EASY,True
TND-000942,Diagnostic Equipment Supply — Package 9,National Digital Operations Board,Electrical Engineering,Medical Equipment,RFP,2026-06-13,2026-07-08,127135000.0,INR,Karnataka,Hubballi,"Eligibility for medical equipment covering statutory registration, financial capacity, relevant experience and scope-specific capability.",24,16,8,EASY,True
TND-000943,Specialised Parts Procurement — Package 4,Federal Medical Systems Unit,Cybersecurity,Manufacturing Supplies,Limited Tender,2025-09-11,2025-11-01,29309000.0,INR,Karnataka,Hubballi,"Eligibility for manufacturing supplies covering statutory registration, financial capacity, relevant experience and scope-specific capability.",30,20,10,HARD,True
TND-000944,Vehicle Hiring Services — Package 4,Unified Engineering Projects Corporation,Cybersecurity,Transportation,EOI-cum-RFP,2025-07-11,2025-08-26,46066000.0,INR,Gujarat,Ahmedabad,"Eligibility for transportation covering statutory registration, financial capacity, relevant experience and scope-specific capability.",25,15,10,EASY,True
TND-000945,Facility Infrastructure Upgrade — Package 7,Bharat Systems Projects Corporation,Transport & Logistics,Infrastructure,Open Tender,2026-08-28,2026-09-23,27937000.0,INR,Rajasthan,Jodhpur,"Eligibility for infrastructure covering statutory registration, financial capacity, relevant experience and scope-specific capability.",27,17,10,HARD,True
TND-000947,Campus Networking Upgrade — Package 2,National Public Works Projects Corporation,Cybersecurity,Networking Equipment,RFP,2026-03-19,2026-04-10,152946000.0,INR,Tamil Nadu,Madurai,"Eligibility for networking equipment covering statutory registration, financial capacity, relevant experience and scope-specific capability.",25,18,7,EASY,True
TND-000948,Data Centre Hardware Supply — Package 2,Advanced Medical Systems Unit,General Administration,IT Hardware,RFP,2026-03-21,2026-05-09,207432000.0,INR,West Bengal,Kolkata,"Eligibility for it hardware covering statutory registration, financial capacity, relevant experience and scope-specific capability.",24,18,6,HARD,True
TND-000950,Office Automation Equipment — Package 8,National Engineering Procurement Cell,Information Technology,Office Equipment,Limited Tender,2026-08-10,2026-09-09,191568000.0,INR,Haryana,Hisar,"Eligibility for office equipment covering statutory registration, financial capacity, relevant experience and scope-specific capability.",27,17,10,MEDIUM,True
TND-000953,Security Operations Contract — Package 9,Integrated Procurement Procurement Corporation,Information Technology,Security Services,Open Tender,2025-01-14,2025-03-04,146169000.0,INR,Gujarat,Rajkot,"Eligibility for security services covering statutory registration, financial capacity, relevant experience and scope-specific capability.",24,18,6,MEDIUM,True
TND-000954,Production Equipment Upgrade — Package 6,Advanced Infrastructure Procurement Cell,Civil Works,Industrial Equipment,Open Tender,2026-08-24,2026-09-14,198697000.0,INR,Rajasthan,Jodhpur,"Eligibility for industrial equipment covering statutory registration, financial capacity, relevant experience and scope-specific capability.",30,19,11,EASY,True
TND-000956,Logistics Support Services — Package 2,Federal Systems Operations Board,Civil Works,Transportation,RFP,2025-01-12,2025-02-04,77071000.0,INR,Odisha,Rourkela,"Eligibility for transportation covering statutory registration, financial capacity, relevant experience and scope-specific capability.",22,12,10,MEDIUM,True
TND-000957,Material Transportation Contract — Package 6,Advanced Technology Procurement Corporation,Civil Works,Transportation,EOI-cum-RFP,2025-07-10,2025-08-02,68490000.0,INR,Delhi,New Delhi,"Eligibility for transportation covering statutory registration, financial capacity, relevant experience and scope-specific capability.",28,16,12,HARD,True
TND-000958,Preventive Maintenance Contract — Package 6,Integrated Infrastructure Services Directorate,Electrical Engineering,Maintenance Services,EOI-cum-RFP,2025-04-02,2025-04-29,73545000.0,INR,Maharashtra,Pune,"Eligibility for maintenance services covering statutory registration, financial capacity, relevant experience and scope-specific capability.",23,16,7,MEDIUM,True
TND-000959,Facility Security Services — Package 5,Bharat Infrastructure Services Directorate,Civil Works,Security Services,Limited Tender,2025-01-31,2025-03-16,198343000.0,INR,Telangana,Warangal,"Eligibility for security services covering statutory registration, financial capacity, relevant experience and scope-specific capability.",22,14,8,MEDIUM,True
TND-000961,Data Centre Hardware Supply — Package 3,Strategic Engineering Procurement Corporation,Industrial Operations,IT Hardware,RFP,2025-10-10,2025-11-22,148214000.0,INR,West Bengal,Durgapur,"Eligibility for it hardware covering statutory registration, financial capacity, relevant experience and scope-specific capability.",22,14,8,EASY,True
TND-000962,Electrical Distribution Equipment — Package 1,Unified Digital Procurement Cell,Transport & Logistics,Electrical Equipment,Open Tender,2025-06-08,2025-07-31,231004000.0,INR,Telangana,Warangal,"Eligibility for electrical equipment covering statutory registration, financial capacity, relevant experience and scope-specific capability.",26,18,8,MEDIUM,True
TND-000963,Preventive Maintenance Contract — Package 9,Bharat Public Works Supply Division,Transport & Logistics,Maintenance Services,Open Tender,2026-03-14,2026-04-09,161686000.0,INR,Gujarat,Vadodara,"Eligibility for maintenance services covering statutory registration, financial capacity, relevant experience and scope-specific capability.",29,16,13,HARD,True
TND-000966,Workstation and Desktop Supply — Package 2,Unified Engineering Operations Board,Information Technology,IT Hardware,Open Tender,2026-08-18,2026-09-28,167137000.0,INR,Rajasthan,Kota,"Eligibility for it hardware covering statutory registration, financial capacity, relevant experience and scope-specific capability.",22,14,8,MEDIUM,True
TND-000968,Security Operations Support — Package 9,Bharat Procurement Procurement Cell,Information Technology,Cybersecurity,Open Tender,2025-07-01,2025-08-01,77600000.0,INR,Uttar Pradesh,Noida,"Eligibility for cybersecurity covering statutory registration, financial capacity, relevant experience and scope-specific capability.",23,17,6,MEDIUM,True
TND-000970,Material Transportation Contract — Package 1,Unified Procurement Supply Division,Medical Procurement,Transportation,RFP,2026-05-11,2026-06-17,36682000.0,INR,Tamil Nadu,Madurai,"Eligibility for transportation covering statutory registration, financial capacity, relevant experience and scope-specific capability.",26,16,10,HARD,True
TND-000972,Workstation and Desktop Supply — Package 5,Integrated Infrastructure Procurement Corporation,Civil Works,IT Hardware,Limited Tender,2026-07-31,2026-09-22,65214000.0,INR,Karnataka,Mangaluru,"Eligibility for it hardware covering statutory registration, financial capacity, relevant experience and scope-specific capability.",25,18,7,EASY,True
TND-000973,Infrastructure Modernisation — Package 2,Unified Technology Services Directorate,Cybersecurity,Infrastructure,Limited Tender,2025-04-09,2025-06-05,219572000.0,INR,Telangana,Nizamabad,"Eligibility for infrastructure covering statutory registration, financial capacity, relevant experience and scope-specific capability.",30,20,10,MEDIUM,True
TND-000975,Mechanical Equipment Upgrade — Package 8,Integrated Infrastructure Systems Unit,General Administration,Mechanical Equipment,Limited Tender,2025-08-23,2025-10-20,168697000.0,INR,West Bengal,Durgapur,"Eligibility for mechanical equipment covering statutory registration, financial capacity, relevant experience and scope-specific capability.",24,15,9,EASY,True
TND-000976,Material Transportation Contract — Package 6,National Medical Systems Unit,Transport & Logistics,Transportation,EOI-cum-RFP,2025-07-28,2025-09-07,108506000.0,INR,Karnataka,Mysuru,"Eligibility for transportation covering statutory registration, financial capacity, relevant experience and scope-specific capability.",30,18,12,EASY,True
TND-000977,Process Improvement Consultancy — Package 8,Federal Digital Projects Corporation,Electrical Engineering,Consulting Services,Open Tender,2025-08-24,2025-10-06,215775000.0,INR,Telangana,Hyderabad,"Eligibility for consulting services covering statutory registration, financial capacity, relevant experience and scope-specific capability.",30,17,13,MEDIUM,True
TND-000979,Software Modernisation Services — Package 4,Strategic Industrial Procurement Corporation,Cybersecurity,Software Services,Open Tender,2026-01-24,2026-02-15,224511000.0,INR,Gujarat,Ahmedabad,"Eligibility for software services covering statutory registration, financial capacity, relevant experience and scope-specific capability.",30,17,13,MEDIUM,True
TND-000980,Annual Equipment Maintenance — Package 4,National Digital Procurement Corporation,Medical Procurement,Maintenance Services,Open Tender,2025-07-07,2025-08-02,129830000.0,INR,Telangana,Hyderabad,"Eligibility for maintenance services covering statutory registration, financial capacity, relevant experience and scope-specific capability.",29,19,10,HARD,True
TND-000981,Utility Civil Works — Package 4,Strategic Procurement Infrastructure Agency,Cybersecurity,Civil Works,EOI-cum-RFP,2025-03-08,2025-05-06,68944000.0,INR,West Bengal,Kolkata,"Eligibility for civil works covering statutory registration, financial capacity, relevant experience and scope-specific capability.",27,18,9,MEDIUM,True
TND-000982,Utility Civil Works — Package 2,Bharat Procurement Infrastructure Agency,Cybersecurity,Civil Works,Limited Tender,2025-09-04,2025-10-30,48618000.0,INR,Punjab,Amritsar,"Eligibility for civil works covering statutory registration, financial capacity, relevant experience and scope-specific capability.",25,16,9,MEDIUM,True
TND-000983,Facility Infrastructure Upgrade — Package 3,Central Services Projects Corporation,Industrial Operations,Infrastructure,RFP,2025-04-25,2025-06-19,29041000.0,INR,Maharashtra,Nagpur,"Eligibility for infrastructure covering statutory registration, financial capacity, relevant experience and scope-specific capability.",27,20,7,MEDIUM,True
TND-000985,Core Network Equipment — Package 9,Central Technology Supply Division,General Administration,Networking Equipment,RFP,2026-08-05,2026-08-31,140538000.0,INR,Maharashtra,Pune,"Eligibility for networking equipment covering statutory registration, financial capacity, relevant experience and scope-specific capability.",30,20,10,MEDIUM,True
TND-000987,Facility Renovation Works — Package 3,Unified Systems Procurement Corporation,General Administration,Civil Works,EOI-cum-RFP,2026-09-01,2026-09-23,194473000.0,INR,Haryana,Hisar,"Eligibility for civil works covering statutory registration, financial capacity, relevant experience and scope-specific capability.",26,17,9,EASY,True
TND-000988,Preventive Maintenance Contract — Package 5,National Industrial Procurement Corporation,Civil Works,Maintenance Services,EOI-cum-RFP,2025-03-01,2025-04-10,18998000.0,INR,Gujarat,Vadodara,"Eligibility for maintenance services covering statutory registration, financial capacity, relevant experience and scope-specific capability.",25,15,10,MEDIUM,True
TND-000989,Facility Maintenance Services — Package 7,Advanced Public Works Supply Division,Cybersecurity,Maintenance Services,RFP,2026-09-10,2026-11-04,83971000.0,INR,Odisha,Cuttack,"Eligibility for maintenance services covering statutory registration, financial capacity, relevant experience and scope-specific capability.",26,18,8,MEDIUM,True
TND-000991,Digital Platform Development — Package 6,Public Public Works Systems Unit,Industrial Operations,Software Services,Limited Tender,2026-03-17,2026-04-07,157861000.0,INR,Odisha,Rourkela,"Eligibility for software services covering statutory registration, financial capacity, relevant experience and scope-specific capability.",23,15,8,MEDIUM,True
TND-000993,Wireless Infrastructure Supply — Package 4,Advanced Public Works Infrastructure Agency,General Administration,Networking Equipment,Open Tender,2025-04-13,2025-05-07,206103000.0,INR,Karnataka,Bengaluru,"Eligibility for networking equipment covering statutory registration, financial capacity, relevant experience and scope-specific capability.",30,17,13,MEDIUM,True
TND-000994,Office Automation Equipment — Package 5,Bharat Medical Supply Division,Medical Procurement,Office Equipment,Limited Tender,2026-01-08,2026-02-17,9476000.0,INR,Rajasthan,Kota,"Eligibility for office equipment covering statutory registration, financial capacity, relevant experience and scope-specific capability.",25,14,11,MEDIUM,True
TND-000995,Preventive Maintenance Contract — Package 3,Federal Infrastructure Procurement Cell,General Administration,Maintenance Services,EOI-cum-RFP,2025-06-18,2025-08-15,81818000.0,INR,Haryana,Gurugram,"Eligibility for maintenance services covering statutory registration, financial capacity, relevant experience and scope-specific capability.",25,18,7,MEDIUM,True
TND-000996,Specialised Parts Procurement — Package 3,Advanced Systems Infrastructure Agency,Transport & Logistics,Manufacturing Supplies,Open Tender,2025-03-10,2025-04-09,196952000.0,INR,West Bengal,Kolkata,"Eligibility for manufacturing supplies covering statutory registration, financial capacity, relevant experience and scope-specific capability.",29,17,12,MEDIUM,True
TND-001000,Software Modernisation Services — Package 3,Strategic Public Works Operations Board,Civil Works,Software Services,EOI-cum-RFP,2026-05-19,2026-07-04,35929000.0,INR,Punjab,Jalandhar,"Eligibility for software services covering statutory registration, financial capacity, relevant experience and scope-specific capability.",25,16,9,EASY,True
TND-001001,Integrated Security Services — Package 6,Unified Engineering Procurement Cell,Information Technology,Security Services,EOI-cum-RFP,2025-07-22,2025-09-14,245519000.0,INR,Delhi,New Delhi,"Eligibility for security services covering statutory registration, financial capacity, relevant experience and scope-specific capability.",26,17,9,MEDIUM,True
TND-001003,Power Conditioning Systems — Package 9,Central Public Works Projects Corporation,Medical Procurement,Electrical Equipment,Limited Tender,2026-01-01,2026-02-20,187942000.0,INR,West Bengal,Kolkata,"Eligibility for electrical equipment covering statutory registration, financial capacity, relevant experience and scope-specific capability.",25,16,9,MEDIUM,True
TND-001004,Secure Routing Equipment — Package 9,Unified Engineering Procurement Corporation,Cybersecurity,Networking Equipment,Limited Tender,2026-03-03,2026-04-04,57016000.0,INR,Uttar Pradesh,Lucknow,"Eligibility for networking equipment covering statutory registration, financial capacity, relevant experience and scope-specific capability.",27,17,10,HARD,True
TND-001006,Project Management Consultancy — Package 2,Advanced Services Infrastructure Agency,Medical Procurement,Consulting Services,Limited Tender,2026-01-08,2026-02-25,4490000.0,INR,Delhi,New Delhi,"Eligibility for consulting services covering statutory registration, financial capacity, relevant experience and scope-specific capability.",30,19,11,MEDIUM,True
TND-001007,Network Infrastructure Development — Package 1,Integrated Medical Procurement Corporation,Cybersecurity,Infrastructure,Limited Tender,2026-06-02,2026-07-02,161268000.0,INR,Punjab,Mohali,"Eligibility for infrastructure covering statutory registration, financial capacity, relevant experience and scope-specific capability.",26,17,9,EASY,True
TND-001009,Workstation and Desktop Supply — Package 6,Advanced Technology Operations Board,Industrial Operations,IT Hardware,RFP,2025-07-30,2025-09-02,34413000.0,INR,Karnataka,Mysuru,"Eligibility for it hardware covering statutory registration, financial capacity, relevant experience and scope-specific capability.",27,20,7,HARD,True
TND-001010,Process Equipment Supply — Package 9,Central Technology Systems Unit,Transport & Logistics,Industrial Equipment,RFP,2026-02-17,2026-04-18,42983000.0,INR,Punjab,Jalandhar,"Eligibility for industrial equipment covering statutory registration, financial capacity, relevant experience and scope-specific capability.",30,21,9,EASY,True
TND-001011,Implementation Advisory Services — Package 9,Strategic Services Supply Division,Electrical Engineering,Consulting Services,Open Tender,2025-06-14,2025-08-01,119513000.0,INR,Maharashtra,Aurangabad,"Eligibility for consulting services covering statutory registration, financial capacity, relevant experience and scope-specific capability.",27,18,9,EASY,True
TND-001012,Core Network Equipment — Package 4,Bharat Engineering Procurement Cell,Industrial Operations,Networking Equipment,Open Tender,2026-07-11,2026-08-31,3885000.0,INR,Tamil Nadu,Salem,"Eligibility for networking equipment covering statutory registration, financial capacity, relevant experience and scope-specific capability.",25,14,11,MEDIUM,True
TND-001013,Material Handling Systems — Package 9,Central Industrial Procurement Corporation,Information Technology,Mechanical Equipment,Limited Tender,2026-01-16,2026-03-11,193428000.0,INR,Gujarat,Rajkot,"Eligibility for mechanical equipment covering statutory registration, financial capacity, relevant experience and scope-specific capability.",26,16,10,MEDIUM,True
TND-001015,Cybersecurity Monitoring Solution — Package 9,Advanced Procurement Systems Unit,Information Technology,Cybersecurity,EOI-cum-RFP,2026-03-27,2026-05-24,205508000.0,INR,Gujarat,Vadodara,"Eligibility for cybersecurity covering statutory registration, financial capacity, relevant experience and scope-specific capability.",30,19,11,MEDIUM,True
TND-001016,Power Conditioning Systems — Package 3,Unified Systems Infrastructure Agency,Civil Works,Electrical Equipment,EOI-cum-RFP,2025-05-01,2025-06-14,29371000.0,INR,Odisha,Bhubaneswar,"Eligibility for electrical equipment covering statutory registration, financial capacity, relevant experience and scope-specific capability.",25,15,10,MEDIUM,True
TND-001017,Patient Monitoring Systems — Package 1,Public Medical Systems Unit,Transport & Logistics,Medical Equipment,RFP,2025-01-13,2025-02-15,154731000.0,INR,Rajasthan,Kota,"Eligibility for medical equipment covering statutory registration, financial capacity, relevant experience and scope-specific capability.",30,20,10,EASY,True
TND-001020,Clinical Equipment Upgrade — Package 1,Federal Infrastructure Procurement Cell,Information Technology,Medical Equipment,RFP,2025-03-18,2025-04-25,5451000.0,INR,Gujarat,Vadodara,"Eligibility for medical equipment covering statutory registration, financial capacity, relevant experience and scope-specific capability.",29,21,8,MEDIUM,True
TND-001021,Network Infrastructure Development — Package 5,Strategic Technology Procurement Corporation,Information Technology,Infrastructure,RFP,2025-02-21,2025-03-13,148240000.0,INR,Punjab,Ludhiana,"Eligibility for infrastructure covering statutory registration, financial capacity, relevant experience and scope-specific capability.",23,17,6,EASY,True
TND-001025,Network Security Platform — Package 6,Federal Digital Procurement Cell,General Administration,Cybersecurity,EOI-cum-RFP,2025-12-14,2026-01-29,22318000.0,INR,Maharashtra,Aurangabad,"Eligibility for cybersecurity covering statutory registration, financial capacity, relevant experience and scope-specific capability.",29,17,12,EASY,True
TND-001026,Workstation and Desktop Supply — Package 8,Bharat Systems Infrastructure Agency,Transport & Logistics,IT Hardware,Open Tender,2025-03-01,2025-03-22,78434000.0,INR,Haryana,Faridabad,"Eligibility for it hardware covering statutory registration, financial capacity, relevant experience and scope-specific capability.",29,16,13,EASY,True
TND-001027,Diagnostic Equipment Supply — Package 1,Public Medical Projects Corporation,Transport & Logistics,Medical Equipment,RFP,2026-08-13,2026-10-12,179111000.0,INR,Odisha,Rourkela,"Eligibility for medical equipment covering statutory registration, financial capacity, relevant experience and scope-specific capability.",28,21,7,EASY,True
TND-001028,Implementation Advisory Services — Package 5,Federal Systems Systems Unit,Civil Works,Consulting Services,EOI-cum-RFP,2026-01-12,2026-02-24,12942000.0,INR,Tamil Nadu,Coimbatore,"Eligibility for consulting services covering statutory registration, financial capacity, relevant experience and scope-specific capability.",25,18,7,MEDIUM,True
TND-001029,Industrial Switchgear Supply — Package 6,Central Industrial Procurement Cell,Information Technology,Electrical Equipment,Open Tender,2025-03-05,2025-04-24,216001000.0,INR,Delhi,New Delhi,"Eligibility for electrical equipment covering statutory registration, financial capacity, relevant experience and scope-specific capability.",25,14,11,HARD,True
TND-001030,Facility Infrastructure Upgrade — Package 4,Central Services Systems Unit,Medical Procurement,Infrastructure,Limited Tender,2026-02-25,2026-04-05,86608000.0,INR,Delhi,New Delhi,"Eligibility for infrastructure covering statutory registration, financial capacity, relevant experience and scope-specific capability.",23,15,8,MEDIUM,True
TND-001034,Core Network Equipment — Package 6,Bharat Infrastructure Projects Corporation,Civil Works,Networking Equipment,EOI-cum-RFP,2026-04-29,2026-06-18,30614000.0,INR,Gujarat,Rajkot,"Eligibility for networking equipment covering statutory registration, financial capacity, relevant experience and scope-specific capability.",27,17,10,MEDIUM,True
TND-001038,Implementation Advisory Services — Package 7,Advanced Technology Supply Division,General Administration,Consulting Services,RFP,2025-12-10,2026-01-29,241501000.0,INR,Gujarat,Surat,"Eligibility for consulting services covering statutory registration, financial capacity, relevant experience and scope-specific capability.",26,17,9,EASY,True
TND-001039,Enterprise Laptop Supply — Package 4,Strategic Industrial Systems Unit,General Administration,IT Hardware,RFP,2025-09-22,2025-11-10,241553000.0,INR,Tamil Nadu,Madurai,"Eligibility for it hardware covering statutory registration, financial capacity, relevant experience and scope-specific capability.",27,18,9,MEDIUM,True
TND-001040,Document Management Equipment — Package 6,Bharat Industrial Services Directorate,Cybersecurity,Office Equipment,EOI-cum-RFP,2026-02-27,2026-03-30,8612000.0,INR,Punjab,Amritsar,"Eligibility for office equipment covering statutory registration, financial capacity, relevant experience and scope-specific capability.",30,19,11,HARD,True
TND-001041,Secure Routing Equipment — Package 9,Strategic Technology Operations Board,Electrical Engineering,Networking Equipment,RFP,2025-03-19,2025-05-14,125722000.0,INR,Gujarat,Rajkot,"Eligibility for networking equipment covering statutory registration, financial capacity, relevant experience and scope-specific capability.",23,14,9,MEDIUM,True
TND-001043,Industrial Control Systems — Package 4,Bharat Services Operations Board,Electrical Engineering,Industrial Equipment,RFP,2026-03-26,2026-05-08,72700000.0,INR,Punjab,Ludhiana,"Eligibility for industrial equipment covering statutory registration, financial capacity, relevant experience and scope-specific capability.",24,18,6,EASY,True
TND-001044,Security Operations Contract — Package 5,National Procurement Infrastructure Agency,Transport & Logistics,Security Services,RFP,2026-09-01,2026-10-16,226144000.0,INR,Odisha,Rourkela,"Eligibility for security services covering statutory registration, financial capacity, relevant experience and scope-specific capability.",22,16,6,EASY,True
TND-001045,Data Centre Hardware Supply — Package 4,Public Industrial Operations Board,Information Technology,IT Hardware,EOI-cum-RFP,2025-01-20,2025-02-15,14204000.0,INR,Tamil Nadu,Coimbatore,"Eligibility for it hardware covering statutory registration, financial capacity, relevant experience and scope-specific capability.",26,19,7,EASY,True
TND-001046,Process Improvement Consultancy — Package 6,Central Public Works Procurement Cell,Electrical Engineering,Consulting Services,EOI-cum-RFP,2025-07-10,2025-08-15,183204000.0,INR,Telangana,Warangal,"Eligibility for consulting services covering statutory registration, financial capacity, relevant experience and scope-specific capability.",24,16,8,EASY,True
TND-001047,Integrated Security Services — Package 7,Unified Technology Infrastructure Agency,General Administration,Security Services,EOI-cum-RFP,2025-12-13,2026-01-14,82626000.0,INR,Odisha,Rourkela,"Eligibility for security services covering statutory registration, financial capacity, relevant experience and scope-specific capability.",30,21,9,EASY,True
TND-001048,Network Infrastructure Development — Package 4,Strategic Engineering Procurement Cell,General Administration,Infrastructure,Limited Tender,2026-03-04,2026-04-02,76734000.0,INR,Telangana,Hyderabad,"Eligibility for infrastructure covering statutory registration, financial capacity, relevant experience and scope-specific capability.",29,20,9,HARD,True
TND-001049,Fleet Transportation Services — Package 9,Advanced Public Works Projects Corporation,Civil Works,Transportation,Open Tender,2025-02-25,2025-04-05,68396000.0,INR,Karnataka,Hubballi,"Eligibility for transportation covering statutory registration, financial capacity, relevant experience and scope-specific capability.",25,17,8,EASY,True
TND-001052,Facility Renovation Works — Package 9,Federal Digital Supply Division,Information Technology,Civil Works,RFP,2026-04-08,2026-05-02,91834000.0,INR,Odisha,Cuttack,"Eligibility for civil works covering statutory registration, financial capacity, relevant experience and scope-specific capability.",22,13,9,EASY,True
TND-001053,Electrical Distribution Equipment — Package 9,Central Medical Services Directorate,Information Technology,Electrical Equipment,Limited Tender,2025-07-11,2025-08-16,89478000.0,INR,Uttar Pradesh,Kanpur,"Eligibility for electrical equipment covering statutory registration, financial capacity, relevant experience and scope-specific capability.",28,16,12,MEDIUM,True
TND-001054,Building Construction Works — Package 5,Federal Engineering Supply Division,Medical Procurement,Civil Works,Open Tender,2026-03-02,2026-04-25,91979000.0,INR,Telangana,Nizamabad,"Eligibility for civil works covering statutory registration, financial capacity, relevant experience and scope-specific capability.",28,16,12,MEDIUM,True
TND-001055,Network Security Platform — Package 2,Public Technology Projects Corporation,Transport & Logistics,Cybersecurity,RFP,2025-07-01,2025-08-10,31763000.0,INR,Uttar Pradesh,Lucknow,"Eligibility for cybersecurity covering statutory registration, financial capacity, relevant experience and scope-specific capability.",25,14,11,HARD,True
TND-001056,Road Improvement Package — Package 4,Unified Technology Systems Unit,General Administration,Civil Works,EOI-cum-RFP,2026-06-18,2026-07-13,115975000.0,INR,Odisha,Bhubaneswar,"Eligibility for civil works covering statutory registration, financial capacity, relevant experience and scope-specific capability.",23,17,6,EASY,True
TND-001058,Fleet Transportation Services — Package 6,Strategic Medical Supply Division,Cybersecurity,Transportation,RFP,2025-04-02,2025-05-30,106509000.0,INR,Gujarat,Surat,"Eligibility for transportation covering statutory registration, financial capacity, relevant experience and scope-specific capability.",23,13,10,HARD,True
TND-001059,Fabricated Components Supply — Package 3,Central Infrastructure Infrastructure Agency,General Administration,Manufacturing Supplies,RFP,2026-08-02,2026-09-01,40379000.0,INR,Delhi,New Delhi,"Eligibility for manufacturing supplies covering statutory registration, financial capacity, relevant experience and scope-specific capability.",29,16,13,MEDIUM,True
TND-001060,Implementation Advisory Services — Package 3,Federal Digital Operations Board,Transport & Logistics,Consulting Services,EOI-cum-RFP,2025-02-17,2025-03-16,46002000.0,INR,Gujarat,Ahmedabad,"Eligibility for consulting services covering statutory registration, financial capacity, relevant experience and scope-specific capability.",26,18,8,MEDIUM,True
TND-001062,Enterprise Application Implementation — Package 1,Federal Procurement Procurement Cell,Cybersecurity,Software Services,RFP,2025-02-07,2025-04-06,197345000.0,INR,Telangana,Warangal,"Eligibility for software services covering statutory registration, financial capacity, relevant experience and scope-specific capability.",23,15,8,EASY,True
TND-001063,Building Construction Works — Package 5,Central Public Works Supply Division,Industrial Operations,Civil Works,EOI-cum-RFP,2026-04-28,2026-06-03,231031000.0,INR,Uttar Pradesh,Agra,"Eligibility for civil works covering statutory registration, financial capacity, relevant experience and scope-specific capability.",24,15,9,MEDIUM,True
TND-001065,Industrial Switchgear Supply — Package 4,National Procurement Infrastructure Agency,Industrial Operations,Electrical Equipment,Limited Tender,2025-08-22,2025-09-22,249502000.0,INR,Haryana,Panipat,"Eligibility for electrical equipment covering statutory registration, financial capacity, relevant experience and scope-specific capability.",24,15,9,MEDIUM,True
TND-001066,Clinical Equipment Upgrade — Package 2,Public Industrial Procurement Corporation,Cybersecurity,Medical Equipment,RFP,2026-01-05,2026-01-29,191466000.0,INR,Telangana,Hyderabad,"Eligibility for medical equipment covering statutory registration, financial capacity, relevant experience and scope-specific capability.",25,15,10,EASY,True
TND-001068,Clinical Equipment Upgrade — Package 3,Bharat Infrastructure Procurement Cell,Electrical Engineering,Medical Equipment,Open Tender,2025-09-07,2025-10-10,173884000.0,INR,Odisha,Rourkela,"Eligibility for medical equipment covering statutory registration, financial capacity, relevant experience and scope-specific capability.",28,17,11,EASY,True
TND-001069,Technology Advisory Services — Package 4,Unified Industrial Systems Unit,Cybersecurity,Consulting Services,Limited Tender,2026-01-06,2026-02-10,247339000.0,INR,Gujarat,Rajkot,"Eligibility for consulting services covering statutory registration, financial capacity, relevant experience and scope-specific capability.",30,19,11,HARD,True
TND-001070,Network Security Platform — Package 5,Advanced Engineering Supply Division,Information Technology,Cybersecurity,EOI-cum-RFP,2026-05-31,2026-06-23,228416000.0,INR,Haryana,Hisar,"Eligibility for cybersecurity covering statutory registration, financial capacity, relevant experience and scope-specific capability.",22,15,7,EASY,True
TND-001071,Building Construction Works — Package 5,Unified Infrastructure Services Directorate,Cybersecurity,Civil Works,EOI-cum-RFP,2025-03-25,2025-05-21,234448000.0,INR,Telangana,Warangal,"Eligibility for civil works covering statutory registration, financial capacity, relevant experience and scope-specific capability.",26,18,8,EASY,True
TND-001072,Document Management Equipment — Package 9,Strategic Systems Systems Unit,Cybersecurity,Office Equipment,Limited Tender,2026-01-11,2026-03-04,175447000.0,INR,Haryana,Gurugram,"Eligibility for office equipment covering statutory registration, financial capacity, relevant experience and scope-specific capability.",27,16,11,EASY,True
TND-001074,Core Network Equipment — Package 1,Unified Digital Services Directorate,General Administration,Networking Equipment,EOI-cum-RFP,2025-09-16,2025-10-09,156749000.0,INR,Rajasthan,Kota,"Eligibility for networking equipment covering statutory registration, financial capacity, relevant experience and scope-specific capability.",25,14,11,EASY,True
TND-001076,Network Infrastructure Development — Package 9,Public Engineering Operations Board,Medical Procurement,Infrastructure,Limited Tender,2025-01-15,2025-02-27,174135000.0,INR,Karnataka,Mysuru,"Eligibility for infrastructure covering statutory registration, financial capacity, relevant experience and scope-specific capability.",29,16,13,MEDIUM,True
TND-001077,Utility Infrastructure Works — Package 5,Strategic Infrastructure Projects Corporation,Information Technology,Infrastructure,EOI-cum-RFP,2025-07-06,2025-09-02,194076000.0,INR,Telangana,Warangal,"Eligibility for infrastructure covering statutory registration, financial capacity, relevant experience and scope-specific capability.",29,21,8,MEDIUM,True
TND-001078,Cybersecurity Monitoring Solution — Package 6,Federal Industrial Services Directorate,Electrical Engineering,Cybersecurity,RFP,2025-02-12,2025-04-05,233869000.0,INR,Telangana,Hyderabad,"Eligibility for cybersecurity covering statutory registration, financial capacity, relevant experience and scope-specific capability.",23,17,6,MEDIUM,True
TND-001080,Application Maintenance Services — Package 9,Central Engineering Systems Unit,Electrical Engineering,Software Services,RFP,2025-03-02,2025-04-27,29424000.0,INR,Punjab,Amritsar,"Eligibility for software services covering statutory registration, financial capacity, relevant experience and scope-specific capability.",24,15,9,HARD,True
TND-001081,Workshop Equipment Supply — Package 8,Federal Public Works Projects Corporation,Information Technology,Mechanical Equipment,RFP,2025-09-18,2025-10-17,126603000.0,INR,West Bengal,Kolkata,"Eligibility for mechanical equipment covering statutory registration, financial capacity, relevant experience and scope-specific capability.",22,12,10,EASY,True
TND-001082,Facility Security Services — Package 1,Integrated Engineering Procurement Cell,Medical Procurement,Security Services,Limited Tender,2025-04-22,2025-06-17,28923000.0,INR,Haryana,Gurugram,"Eligibility for security services covering statutory registration, financial capacity, relevant experience and scope-specific capability.",25,15,10,EASY,True
TND-001083,Utility Civil Works — Package 7,Bharat Systems Procurement Cell,Information Technology,Civil Works,Limited Tender,2025-05-21,2025-06-23,192512000.0,INR,Karnataka,Bengaluru,"Eligibility for civil works covering statutory registration, financial capacity, relevant experience and scope-specific capability.",28,20,8,EASY,True
TND-001085,Meeting Room Equipment — Package 8,National Technology Procurement Corporation,Medical Procurement,Office Equipment,EOI-cum-RFP,2026-02-01,2026-03-11,190134000.0,INR,Rajasthan,Kota,"Eligibility for office equipment covering statutory registration, financial capacity, relevant experience and scope-specific capability.",23,15,8,EASY,True
TND-001086,Campus Networking Upgrade — Package 4,Strategic Medical Infrastructure Agency,Industrial Operations,Networking Equipment,EOI-cum-RFP,2025-01-26,2025-02-21,82139000.0,INR,Rajasthan,Jodhpur,"Eligibility for networking equipment covering statutory registration, financial capacity, relevant experience and scope-specific capability.",22,16,6,HARD,True
TND-001088,Precision Components Supply — Package 1,Unified Services Projects Corporation,Civil Works,Manufacturing Supplies,EOI-cum-RFP,2025-01-13,2025-02-06,213054000.0,INR,Maharashtra,Aurangabad,"Eligibility for manufacturing supplies covering statutory registration, financial capacity, relevant experience and scope-specific capability.",29,19,10,EASY,True
TND-001089,Digital Platform Development — Package 4,Integrated Systems Infrastructure Agency,General Administration,Software Services,Open Tender,2026-05-15,2026-06-07,58814000.0,INR,Rajasthan,Jodhpur,"Eligibility for software services covering statutory registration, financial capacity, relevant experience and scope-specific capability.",28,20,8,EASY,True
TND-001092,Facility Infrastructure Upgrade — Package 4,Bharat Infrastructure Supply Division,Cybersecurity,Infrastructure,RFP,2026-07-10,2026-08-07,95066000.0,INR,Gujarat,Surat,"Eligibility for infrastructure covering statutory registration, financial capacity, relevant experience and scope-specific capability.",25,14,11,MEDIUM,True
TND-001093,Industrial Switchgear Supply — Package 3,National Digital Supply Division,Cybersecurity,Electrical Equipment,RFP,2026-05-02,2026-06-22,139894000.0,INR,Telangana,Nizamabad,"Eligibility for electrical equipment covering statutory registration, financial capacity, relevant experience and scope-specific capability.",26,15,11,HARD,True
TND-001094,Data Centre Hardware Supply — Package 6,Strategic Engineering Supply Division,Information Technology,IT Hardware,Open Tender,2025-08-03,2025-09-05,128091000.0,INR,Uttar Pradesh,Lucknow,"Eligibility for it hardware covering statutory registration, financial capacity, relevant experience and scope-specific capability.",23,16,7,EASY,True
TND-001095,Diagnostic Equipment Supply — Package 7,Integrated Medical Infrastructure Agency,Transport & Logistics,Medical Equipment,RFP,2025-12-30,2026-02-01,135778000.0,INR,Gujarat,Surat,"Eligibility for medical equipment covering statutory registration, financial capacity, relevant experience and scope-specific capability.",24,17,7,MEDIUM,True
TND-001096,Integrated Security Services — Package 1,Public Medical Infrastructure Agency,Information Technology,Security Services,Limited Tender,2026-09-07,2026-10-03,235828000.0,INR,Maharashtra,Nashik,"Eligibility for security services covering statutory registration, financial capacity, relevant experience and scope-specific capability.",24,16,8,HARD,True
TND-001097,Server and Storage Equipment — Package 5,Integrated Procurement Procurement Cell,Transport & Logistics,IT Hardware,RFP,2025-07-25,2025-09-06,105446000.0,INR,Odisha,Bhubaneswar,"Eligibility for it hardware covering statutory registration, financial capacity, relevant experience and scope-specific capability.",23,13,10,MEDIUM,True
TND-001098,Project Management Consultancy — Package 5,Bharat Industrial Services Directorate,Information Technology,Consulting Services,Limited Tender,2025-08-28,2025-10-04,189493000.0,INR,Maharashtra,Aurangabad,"Eligibility for consulting services covering statutory registration, financial capacity, relevant experience and scope-specific capability.",22,14,8,EASY,True
TND-001102,Building Construction Works — Package 6,Bharat Industrial Procurement Corporation,Medical Procurement,Civil Works,Limited Tender,2025-06-10,2025-08-05,15675000.0,INR,Gujarat,Vadodara,"Eligibility for civil works covering statutory registration, financial capacity, relevant experience and scope-specific capability.",22,16,6,HARD,True
TND-001103,Process Improvement Consultancy — Package 5,Bharat Services Services Directorate,Medical Procurement,Consulting Services,RFP,2025-11-04,2025-12-08,158922000.0,INR,Haryana,Faridabad,"Eligibility for consulting services covering statutory registration, financial capacity, relevant experience and scope-specific capability.",22,15,7,EASY,True
TND-001105,Network Security Platform — Package 8,Strategic Public Works Procurement Corporation,General Administration,Cybersecurity,Open Tender,2026-01-07,2026-02-24,6919000.0,INR,Gujarat,Ahmedabad,"Eligibility for cybersecurity covering statutory registration, financial capacity, relevant experience and scope-specific capability.",23,15,8,EASY,True
TND-001108,Technical Support Services — Package 5,Federal Procurement Supply Division,Electrical Engineering,Maintenance Services,EOI-cum-RFP,2026-06-18,2026-07-31,229071000.0,INR,Maharashtra,Aurangabad,"Eligibility for maintenance services covering statutory registration, financial capacity, relevant experience and scope-specific capability.",30,18,12,EASY,True
TND-001109,Clinical Equipment Upgrade — Package 3,Unified Procurement Infrastructure Agency,Medical Procurement,Medical Equipment,RFP,2025-07-20,2025-09-07,56303000.0,INR,Maharashtra,Nashik,"Eligibility for medical equipment covering statutory registration, financial capacity, relevant experience and scope-specific capability.",26,16,10,MEDIUM,True
TND-001110,Security Operations Contract — Package 6,Advanced Services Supply Division,General Administration,Security Services,Open Tender,2025-05-06,2025-06-20,53190000.0,INR,Delhi,New Delhi,"Eligibility for security services covering statutory registration, financial capacity, relevant experience and scope-specific capability.",22,13,9,EASY,True
TND-001111,Project Management Consultancy — Package 2,Integrated Medical Infrastructure Agency,General Administration,Consulting Services,EOI-cum-RFP,2025-03-13,2025-05-12,85648000.0,INR,Tamil Nadu,Coimbatore,"Eligibility for consulting services covering statutory registration, financial capacity, relevant experience and scope-specific capability.",22,14,8,HARD,True
TND-001112,Enterprise Laptop Supply — Package 4,Central Technology Services Directorate,Information Technology,IT Hardware,Open Tender,2026-02-17,2026-04-05,9920000.0,INR,Telangana,Nizamabad,"Eligibility for it hardware covering statutory registration, financial capacity, relevant experience and scope-specific capability.",24,17,7,MEDIUM,True
TND-001113,Road Improvement Package — Package 6,Strategic Digital Procurement Cell,Transport & Logistics,Civil Works,RFP,2025-03-11,2025-04-11,72130000.0,INR,Karnataka,Mangaluru,"Eligibility for civil works covering statutory registration, financial capacity, relevant experience and scope-specific capability.",28,21,7,MEDIUM,True
TND-001114,Office Automation Equipment — Package 4,Strategic Technology Procurement Corporation,Electrical Engineering,Office Equipment,EOI-cum-RFP,2026-09-09,2026-10-02,115475000.0,INR,Uttar Pradesh,Noida,"Eligibility for office equipment covering statutory registration, financial capacity, relevant experience and scope-specific capability.",22,14,8,EASY,True
TND-001115,Material Transportation Contract — Package 8,National Medical Projects Corporation,Information Technology,Transportation,Limited Tender,2025-04-04,2025-05-23,7026000.0,INR,Gujarat,Surat,"Eligibility for transportation covering statutory registration, financial capacity, relevant experience and scope-specific capability.",24,18,6,EASY,True
TND-001117,Logistics Support Services — Package 9,Integrated Medical Services Directorate,Industrial Operations,Transportation,Limited Tender,2026-03-21,2026-05-07,212259000.0,INR,Telangana,Hyderabad,"Eligibility for transportation covering statutory registration, financial capacity, relevant experience and scope-specific capability.",28,20,8,MEDIUM,True
TND-001120,Meeting Room Equipment — Package 6,Integrated Systems Procurement Corporation,Electrical Engineering,Office Equipment,EOI-cum-RFP,2025-10-22,2025-12-04,200061000.0,INR,Uttar Pradesh,Lucknow,"Eligibility for office equipment covering statutory registration, financial capacity, relevant experience and scope-specific capability.",29,19,10,MEDIUM,True
TND-001121,Technical Support Services — Package 7,Federal Engineering Procurement Corporation,Cybersecurity,Maintenance Services,Limited Tender,2026-07-14,2026-08-06,217873000.0,INR,West Bengal,Siliguri,"Eligibility for maintenance services covering statutory registration, financial capacity, relevant experience and scope-specific capability.",29,18,11,EASY,True
TND-001122,Specialised Parts Procurement — Package 8,Public Industrial Procurement Corporation,Information Technology,Manufacturing Supplies,Limited Tender,2025-04-22,2025-05-23,160924000.0,INR,Tamil Nadu,Coimbatore,"Eligibility for manufacturing supplies covering statutory registration, financial capacity, relevant experience and scope-specific capability.",23,15,8,MEDIUM,True
TND-001123,Road Improvement Package — Package 6,Bharat Procurement Systems Unit,Information Technology,Civil Works,EOI-cum-RFP,2025-02-12,2025-03-11,56201000.0,INR,Telangana,Hyderabad,"Eligibility for civil works covering statutory registration, financial capacity, relevant experience and scope-specific capability.",29,17,12,EASY,True
TND-001124,Technology Advisory Services — Package 2,Bharat Public Works Supply Division,Cybersecurity,Consulting Services,RFP,2026-01-12,2026-03-06,219349000.0,INR,Odisha,Bhubaneswar,"Eligibility for consulting services covering statutory registration, financial capacity, relevant experience and scope-specific capability.",23,13,10,HARD,True
TND-001125,Application Maintenance Services — Package 5,National Medical Infrastructure Agency,Transport & Logistics,Software Services,RFP,2025-02-16,2025-04-09,107647000.0,INR,Telangana,Hyderabad,"Eligibility for software services covering statutory registration, financial capacity, relevant experience and scope-specific capability.",30,19,11,EASY,True
TND-001126,Fleet Transportation Services — Package 5,Public Systems Supply Division,Civil Works,Transportation,EOI-cum-RFP,2025-08-10,2025-10-03,11683000.0,INR,Telangana,Warangal,"Eligibility for transportation covering statutory registration, financial capacity, relevant experience and scope-specific capability.",26,15,11,MEDIUM,True
TND-001129,Workstation and Desktop Supply — Package 1,Bharat Services Projects Corporation,Cybersecurity,IT Hardware,RFP,2026-04-23,2026-05-24,218251000.0,INR,Tamil Nadu,Madurai,"Eligibility for it hardware covering statutory registration, financial capacity, relevant experience and scope-specific capability.",26,18,8,EASY,True
TND-001130,Production Equipment Upgrade — Package 6,Federal Procurement Projects Corporation,Transport & Logistics,Industrial Equipment,Open Tender,2026-04-19,2026-06-18,142933000.0,INR,Karnataka,Bengaluru,"Eligibility for industrial equipment covering statutory registration, financial capacity, relevant experience and scope-specific capability.",26,15,11,HARD,True
TND-001131,Project Management Consultancy — Package 9,Bharat Systems Services Directorate,Transport & Logistics,Consulting Services,Open Tender,2025-12-26,2026-02-08,162409000.0,INR,Delhi,New Delhi,"Eligibility for consulting services covering statutory registration, financial capacity, relevant experience and scope-specific capability.",30,20,10,MEDIUM,True
TND-001132,Utility Infrastructure Works — Package 2,Strategic Procurement Services Directorate,General Administration,Infrastructure,Limited Tender,2026-09-10,2026-10-29,243907000.0,INR,West Bengal,Durgapur,"Eligibility for infrastructure covering statutory registration, financial capacity, relevant experience and scope-specific capability.",28,17,11,MEDIUM,True
TND-001133,Vehicle Hiring Services — Package 9,Federal Services Services Directorate,Industrial Operations,Transportation,EOI-cum-RFP,2025-07-02,2025-08-09,119478000.0,INR,Maharashtra,Nagpur,"Eligibility for transportation covering statutory registration, financial capacity, relevant experience and scope-specific capability.",27,16,11,HARD,True
TND-001136,Application Maintenance Services — Package 9,Bharat Services Procurement Cell,Industrial Operations,Software Services,Open Tender,2026-05-13,2026-06-03,207392000.0,INR,Rajasthan,Jodhpur,"Eligibility for software services covering statutory registration, financial capacity, relevant experience and scope-specific capability.",22,16,6,EASY,True
TND-001139,Project Management Consultancy — Package 8,Advanced Services Procurement Corporation,Industrial Operations,Consulting Services,RFP,2025-12-06,2026-01-14,12368000.0,INR,Telangana,Warangal,"Eligibility for consulting services covering statutory registration, financial capacity, relevant experience and scope-specific capability.",26,19,7,EASY,True
TND-001140,Process Equipment Supply — Package 5,Unified Technology Services Directorate,Cybersecurity,Industrial Equipment,RFP,2026-08-28,2026-09-19,153472000.0,INR,Haryana,Hisar,"Eligibility for industrial equipment covering statutory registration, financial capacity, relevant experience and scope-specific capability.",25,14,11,MEDIUM,True
TND-001141,Digital Platform Development — Package 9,Advanced Medical Procurement Cell,Electrical Engineering,Software Services,EOI-cum-RFP,2025-12-03,2026-01-06,241146000.0,INR,Gujarat,Surat,"Eligibility for software services covering statutory registration, financial capacity, relevant experience and scope-specific capability.",28,21,7,EASY,True
TND-001143,Secure Routing Equipment — Package 7,Central Medical Procurement Cell,Transport & Logistics,Networking Equipment,Limited Tender,2025-06-04,2025-07-23,108732000.0,INR,Maharashtra,Nagpur,"Eligibility for networking equipment covering statutory registration, financial capacity, relevant experience and scope-specific capability.",23,17,6,MEDIUM,True
TND-001144,Power Conditioning Systems — Package 5,Strategic Technology Procurement Corporation,Cybersecurity,Electrical Equipment,RFP,2026-02-10,2026-03-31,151882000.0,INR,Delhi,New Delhi,"Eligibility for electrical equipment covering statutory registration, financial capacity, relevant experience and scope-specific capability.",22,14,8,MEDIUM,True
TND-001145,Implementation Advisory Services — Package 6,Central Infrastructure Systems Unit,General Administration,Consulting Services,RFP,2025-02-23,2025-04-09,102172000.0,INR,Delhi,New Delhi,"Eligibility for consulting services covering statutory registration, financial capacity, relevant experience and scope-specific capability.",26,19,7,HARD,True
TND-001146,Meeting Room Equipment — Package 8,Unified Technology Projects Corporation,Civil Works,Office Equipment,RFP,2025-11-29,2026-01-20,169224000.0,INR,Tamil Nadu,Salem,"Eligibility for office equipment covering statutory registration, financial capacity, relevant experience and scope-specific capability.",27,18,9,MEDIUM,True
TND-001147,Fabricated Components Supply — Package 3,Bharat Digital Infrastructure Agency,Civil Works,Manufacturing Supplies,EOI-cum-RFP,2025-04-27,2025-05-21,198175000.0,INR,Telangana,Hyderabad,"Eligibility for manufacturing supplies covering statutory registration, financial capacity, relevant experience and scope-specific capability.",29,21,8,EASY,True
TND-001152,Cybersecurity Monitoring Solution — Package 2,National Procurement Procurement Cell,Industrial Operations,Cybersecurity,RFP,2025-05-02,2025-06-07,235579000.0,INR,Karnataka,Hubballi,"Eligibility for cybersecurity covering statutory registration, financial capacity, relevant experience and scope-specific capability.",24,13,11,EASY,True
TND-001153,Security Operations Contract — Package 7,National Services Operations Board,General Administration,Security Services,Open Tender,2025-09-12,2025-10-12,134187000.0,INR,Karnataka,Mangaluru,"Eligibility for security services covering statutory registration, financial capacity, relevant experience and scope-specific capability.",23,15,8,EASY,True
TND-001156,Power Conditioning Systems — Package 4,Advanced Digital Systems Unit,General Administration,Electrical Equipment,Limited Tender,2025-11-23,2026-01-11,155728000.0,INR,Karnataka,Mysuru,"Eligibility for electrical equipment covering statutory registration, financial capacity, relevant experience and scope-specific capability.",27,17,10,HARD,True
TND-001157,Network Infrastructure Development — Package 2,Strategic Infrastructure Supply Division,Transport & Logistics,Infrastructure,RFP,2025-07-27,2025-09-05,88667000.0,INR,Punjab,Amritsar,"Eligibility for infrastructure covering statutory registration, financial capacity, relevant experience and scope-specific capability.",22,15,7,EASY,True
TND-001158,Power Conditioning Systems — Package 9,Central Public Works Services Directorate,General Administration,Electrical Equipment,Limited Tender,2026-05-01,2026-05-24,40930000.0,INR,Gujarat,Vadodara,"Eligibility for electrical equipment covering statutory registration, financial capacity, relevant experience and scope-specific capability.",29,21,8,HARD,True
TND-001160,Vehicle Hiring Services — Package 3,Federal Systems Projects Corporation,Cybersecurity,Transportation,Limited Tender,2026-08-23,2026-10-22,185183000.0,INR,Odisha,Rourkela,"Eligibility for transportation covering statutory registration, financial capacity, relevant experience and scope-specific capability.",27,17,10,HARD,True
TND-001161,Mechanical Equipment Upgrade — Package 1,Federal Digital Operations Board,Industrial Operations,Mechanical Equipment,EOI-cum-RFP,2026-06-10,2026-07-22,110108000.0,INR,Haryana,Hisar,"Eligibility for mechanical equipment covering statutory registration, financial capacity, relevant experience and scope-specific capability.",30,17,13,MEDIUM,True
TND-001162,Preventive Maintenance Contract — Package 5,Integrated Industrial Systems Unit,General Administration,Maintenance Services,Open Tender,2025-10-04,2025-10-30,180142000.0,INR,Tamil Nadu,Chennai,"Eligibility for maintenance services covering statutory registration, financial capacity, relevant experience and scope-specific capability.",30,22,8,EASY,True
TND-001163,Vehicle Hiring Services — Package 1,Public Procurement Operations Board,Industrial Operations,Transportation,Limited Tender,2025-12-24,2026-01-13,180548000.0,INR,Tamil Nadu,Chennai,"Eligibility for transportation covering statutory registration, financial capacity, relevant experience and scope-specific capability.",24,18,6,EASY,True
TND-001164,Document Management Equipment — Package 8,Unified Technology Operations Board,Electrical Engineering,Office Equipment,EOI-cum-RFP,2025-02-05,2025-03-06,226517000.0,INR,Gujarat,Rajkot,"Eligibility for office equipment covering statutory registration, financial capacity, relevant experience and scope-specific capability.",30,22,8,EASY,True
TND-001165,Fleet Transportation Services — Package 1,Bharat Systems Systems Unit,Cybersecurity,Transportation,RFP,2025-05-11,2025-06-03,194188000.0,INR,Karnataka,Bengaluru,"Eligibility for transportation covering statutory registration, financial capacity, relevant experience and scope-specific capability.",24,15,9,HARD,True
TND-001172,Data Centre Hardware Supply — Package 6,Unified Public Works Projects Corporation,General Administration,IT Hardware,Limited Tender,2026-02-12,2026-04-05,129482000.0,INR,Tamil Nadu,Chennai,"Eligibility for it hardware covering statutory registration, financial capacity, relevant experience and scope-specific capability.",27,20,7,MEDIUM,True
TND-001173,Power Conditioning Systems — Package 9,Bharat Systems Systems Unit,Civil Works,Electrical Equipment,EOI-cum-RFP,2026-05-23,2026-07-20,80362000.0,INR,Karnataka,Bengaluru,"Eligibility for electrical equipment covering statutory registration, financial capacity, relevant experience and scope-specific capability.",22,15,7,HARD,True
TND-001176,Building Construction Works — Package 5,Public Digital Infrastructure Agency,Information Technology,Civil Works,Limited Tender,2025-11-01,2025-12-27,26187000.0,INR,Punjab,Mohali,"Eligibility for civil works covering statutory registration, financial capacity, relevant experience and scope-specific capability.",22,15,7,MEDIUM,True
TND-001177,Fabricated Components Supply — Package 4,Bharat Technology Systems Unit,General Administration,Manufacturing Supplies,Open Tender,2025-05-21,2025-06-18,244991000.0,INR,Rajasthan,Jodhpur,"Eligibility for manufacturing supplies covering statutory registration, financial capacity, relevant experience and scope-specific capability.",23,13,10,EASY,True
TND-001178,Industrial Consumables Supply — Package 1,Public Services Operations Board,Cybersecurity,Manufacturing Supplies,Open Tender,2025-04-19,2025-05-16,59525000.0,INR,Rajasthan,Udaipur,"Eligibility for manufacturing supplies covering statutory registration, financial capacity, relevant experience and scope-specific capability.",22,12,10,EASY,True
TND-001179,Project Management Consultancy — Package 7,Central Systems Supply Division,Transport & Logistics,Consulting Services,Limited Tender,2025-04-25,2025-05-21,136808000.0,INR,Delhi,New Delhi,"Eligibility for consulting services covering statutory registration, financial capacity, relevant experience and scope-specific capability.",24,13,11,EASY,True
TND-001181,Fabricated Components Supply — Package 3,Public Systems Services Directorate,Medical Procurement,Manufacturing Supplies,Limited Tender,2026-02-22,2026-04-18,41347000.0,INR,Telangana,Nizamabad,"Eligibility for manufacturing supplies covering statutory registration, financial capacity, relevant experience and scope-specific capability.",27,16,11,HARD,True
TND-001187,Workstation and Desktop Supply — Package 5,National Digital Services Directorate,Civil Works,IT Hardware,Open Tender,2025-08-23,2025-10-21,64993000.0,INR,Odisha,Bhubaneswar,"Eligibility for it hardware covering statutory registration, financial capacity, relevant experience and scope-specific capability.",29,18,11,EASY,True
TND-001188,Wireless Infrastructure Supply — Package 1,Advanced Infrastructure Infrastructure Agency,Transport & Logistics,Networking Equipment,RFP,2025-01-18,2025-02-13,19609000.0,INR,Haryana,Panipat,"Eligibility for networking equipment covering statutory registration, financial capacity, relevant experience and scope-specific capability.",22,14,8,MEDIUM,True
TND-001190,Security Operations Contract — Package 4,Advanced Digital Procurement Corporation,Information Technology,Security Services,EOI-cum-RFP,2026-05-13,2026-07-03,237647000.0,INR,Telangana,Warangal,"Eligibility for security services covering statutory registration, financial capacity, relevant experience and scope-specific capability.",28,18,10,EASY,True
TND-001191,Campus Networking Upgrade — Package 2,National Engineering Infrastructure Agency,Electrical Engineering,Networking Equipment,Limited Tender,2025-06-11,2025-08-06,177544000.0,INR,Rajasthan,Udaipur,"Eligibility for networking equipment covering statutory registration, financial capacity, relevant experience and scope-specific capability.",29,19,10,MEDIUM,True
TND-001192,Process Equipment Supply — Package 9,National Systems Systems Unit,Cybersecurity,Industrial Equipment,Limited Tender,2025-04-23,2025-06-05,120811000.0,INR,Odisha,Cuttack,"Eligibility for industrial equipment covering statutory registration, financial capacity, relevant experience and scope-specific capability.",27,16,11,EASY,True
TND-001196,Vehicle Hiring Services — Package 3,Integrated Infrastructure Supply Division,Industrial Operations,Transportation,EOI-cum-RFP,2025-08-14,2025-10-09,247858000.0,INR,Karnataka,Mysuru,"Eligibility for transportation covering statutory registration, financial capacity, relevant experience and scope-specific capability.",23,13,10,MEDIUM,True
TND-001197,Fabricated Components Supply — Package 7,Integrated Systems Supply Division,Industrial Operations,Manufacturing Supplies,Open Tender,2025-02-08,2025-04-05,16990000.0,INR,Haryana,Hisar,"Eligibility for manufacturing supplies covering statutory registration, financial capacity, relevant experience and scope-specific capability.",30,18,12,HARD,True
TND-001199,Material Transportation Contract — Package 9,Unified Technology Projects Corporation,Electrical Engineering,Transportation,RFP,2025-06-17,2025-07-30,138606000.0,INR,Delhi,New Delhi,"Eligibility for transportation covering statutory registration, financial capacity, relevant experience and scope-specific capability.",27,17,10,EASY,True
TND-001200,Cybersecurity Monitoring Solution — Package 8,Strategic Medical Operations Board,General Administration,Cybersecurity,Limited Tender,2025-07-10,2025-07-31,82923000.0,INR,Karnataka,Mysuru,"Eligibility for cybersecurity covering statutory registration, financial capacity, relevant experience and scope-specific capability.",25,16,9,MEDIUM,True
